Bergamasco,Italiano,Bergamasco_pulito,Italiano_pulito
'n acqua,nell'acqua,<sos> 'n acqua <eos>,<sos> nell'acqua <eos>
Śbranafèrro —,Sbranaferro —,<sos> śbranafèrro <eos>,<sos> sbranaferro <eos>
saró fórse a' 'n dol lèt quàndo ca te égnet a sénå,quando tornerai a casa sarò forse a letto,<sos> saró fórse a' 'n dol lèt quàndo ca te égnet a sénå <eos>,<sos> quando tornerai a casa sarò forse a letto <eos>
— hé hó fermàt dói vólte — 'l dìs —,"— sì, mi sono fermato due volte",<sos> hé hó fermàt dói vólte 'l dìs <eos>,"<sos> sì , mi sono fermato due volte <eos>"
la l'à töt sö,l'ha sollevato,<sos> la l'à töt sö <eos>,<sos> l'ha sollevato <eos>
"amò ö dé o dù, i paha fò",trascorsi ancora un giorno o due,"<sos> amò ö dé o dù , i paha fò <eos>",<sos> trascorsi ancora un giorno o due <eos>
ol prìm,il primo,<sos> ol prìm <eos>,<sos> il primo <eos>
e i cumìnciå: — onduè 'ndét? —,cominciano: — dove vai? —,<sos> e i cumìnciå onduè 'ndét ? <eos>,<sos> cominciano dove vai ? <eos>
e gliùrå l'à metìt ol so taulì e pò:,ha preparato il tavolino e poi:,<sos> e gliùrå l'à metìt ol so taulì e pò <eos>,<sos> ha preparato il tavolino e poi <eos>
fiàcå,fiacca,<sos> fiàcå <eos>,<sos> fiacca <eos>
te ghe diśet sö 'l ruśare al tò papà,recita il rosario a tuo padre,<sos> te ghe diśet sö 'l ruśare al tò papà <eos>,<sos> recita il rosario a tuo padre <eos>
de fà la spùśå,di far le nozze,<sos> de fà la spùśå <eos>,<sos> di far le nozze <eos>
e töc i hò cavaliéri,e tutti i suoi cavalieri,<sos> e töc i hò cavaliéri <eos>,<sos> e tutti i suoi cavalieri <eos>
tanto brutti che sèmbrano dùe di-àvoli »,tanto brutti che sembrano diavoli »,<sos> tanto brutti che sèmbrano dùe di-àvoli <eos>,<sos> tanto brutti che sembrano diavoli <eos>
quàndo i camina 'm pó,quando hanno camminato un po',<sos> quàndo i camina 'm pó <eos>,<sos> quando hanno camminato un po' <eos>
te fé 'l sègn dèla Santa Crùs —,fai il segno della Santa Croce —,<sos> te fé 'l sègn dèla santa crùs <eos>,<sos> fai il segno della santa croce <eos>
che i dervìs la pórtå,lei si è spaventata,<sos> che i dervìs la pórtå <eos>,<sos> lei si è spaventata <eos>
dòpo che,dopo che,<sos> dòpo che <eos>,<sos> dopo che <eos>
l'è bèl nòt che 'l padrù 'l durmìs,il padrone dorme,<sos> l'è bèl nòt che 'l padrù 'l durmìs <eos>,<sos> il padrone dorme <eos>
té te sé stàt crudèle con mé,tu sei stato crudele con me,<sos> té te sé stàt crudèle con mé <eos>,<sos> tu sei stato crudele con me <eos>
"mangià e tüt, l'à bütàt tüt per térà",ha buttato tutto per terra,"<sos> mangià e tüt , l'à bütàt tüt per térà <eos>",<sos> ha buttato tutto per terra <eos>
ciàpelå per i bràs,prendila per le braccia,<sos> ciàpelå per i bràs <eos>,<sos> prendila per le braccia <eos>
e 'l l'à portada de là,l'ha portata di là,<sos> e 'l l'à portada de là <eos>,<sos> l'ha portata di là <eos>
pòtå gliùra 'stå vólp tötå cuntétå l'à dìt:,allora la volpe tutta contenta ha pensato:,<sos> pòtå gliùra 'stå vólp tötå cuntétå l'à dìt <eos>,<sos> allora la volpe tutta contenta ha pensato <eos>
li s'è pustade söla capànnå,si sono messe sulla capanna,<sos> li s'è pustade söla capànnå <eos>,<sos> si sono messe sulla capanna <eos>
gh'ó de és là sö,devo essere già lassù,<sos> gh'ó de és là sö <eos>,<sos> devo essere già lassù <eos>
'l paha śó de lé,va da quella parte,<sos> 'l paha śó de lé <eos>,<sos> va da quella parte <eos>
e 'l ne pàså śgiü,ne passa uno,<sos> e 'l ne pàså śgiü <eos>,<sos> ne passa uno <eos>
l'è ri-àt,è arrivato,<sos> l'è ri-àt <eos>,<sos> è arrivato <eos>
lé la sa mèt dré a cüntài:,si mette a contarle:,<sos> lé la sa mèt dré a cüntài <eos>,<sos> si mette a contarle <eos>
"'ndaró sö 'n de 'sta montagnina, starò sögliò 'm pó","salirò su questa montagna, starò lassù per un po'","<sos> 'ndaró sö 'n de 'sta montagnina , starò sögliò 'm pó <eos>","<sos> salirò su questa montagna , starò lassù per un po' <eos>"
"'l l'a cargàt sö höl bròh, 'l l'à portàt a cà",e il padrone l'ha portato a casa,"<sos> 'l l'a cargàt sö höl bròh , 'l l'à portàt a cà <eos>",<sos> e il padrone l'ha portato a casa <eos>
i hólc e nóter —,i soldi a noi —,<sos> i hólc e nóter <eos>,<sos> i soldi a noi <eos>
ma difati lü 'l l'à mài davrìdå,infatti non l'ha mai aperta,<sos> ma difati lü 'l l'à mài davrìdå <eos>,<sos> infatti non l'ha mai aperta <eos>
perchè he de nò àrdå che i lader,perché no guarda che i ladri,<sos> perchè he de nò àrdå che i lader <eos>,<sos> perché no guarda che i ladri <eos>
dunque la ghe n'éå dói,dunque ne aveva due,<sos> dunque la ghe n'éå dói <eos>,<sos> dunque ne aveva due <eos>
ma tàt bèi e tàt bèi e tàt bèi,ma tanto belli tanto belli tanto belli,<sos> ma tàt bèi e tàt bèi e tàt bèi <eos>,<sos> ma tanto belli tanto belli tanto belli <eos>
— de 'ste bande ché,— da queste parti,<sos> de 'ste bande ché <eos>,<sos> da queste parti <eos>
edèh e 'ndà e cà i me èt tüc,— adesso ci vedono tutti andare a casa,<sos> edèh e 'ndà e cà i me èt tüc <eos>,<sos> adesso ci vedono tutti andare a casa <eos>
pòtå lü l'è haltàt gió per mangiàl,s'è buttato per sbranarlo,<sos> pòtå lü l'è haltàt gió per mangiàl <eos>,<sos> s'è buttato per sbranarlo <eos>
mórt de fàm!,morti di fame!,<sos> mórt de fàm ! <eos>,<sos> morti di fame ! <eos>
— hé e té arda chèl che t'é scri-ìt! — lé i à confrontàt le lètre,— e guarda quello che hai scritto tu — hanno confrontato le lettere,<sos> hé e té arda chèl che t'é scri-ìt ! lé i à confrontàt le lètre <eos>,<sos> e guarda quello che hai scritto tu hanno confrontato le lettere <eos>
lü 'l gh'à dìc essè: — hé hé — l'à dìt —,lui le ha detto: — sì,<sos> lü 'l gh'à dìc essè hé hé l'à dìt <eos>,<sos> lui le ha detto sì <eos>
'sto tùs l'érå mìå mórt,quel ragazzo non era morto,<sos> 'sto tùs l'érå mìå mórt <eos>,<sos> quel ragazzo non era morto <eos>
i à cüntàt sö la sò stória,hanno raccontato la loro,<sos> i à cüntàt sö la sò stória <eos>,<sos> hanno raccontato la loro <eos>
e i tacà-a miga,e i fiammiferi non si accendevano,<sos> e i tacà-a miga <eos>,<sos> e i fiammiferi non si accendevano <eos>
è 'ndài là,sono andati là,<sos> è 'ndài là <eos>,<sos> sono andati là <eos>
l'è 'ndàt e cà,va a casa,<sos> l'è 'ndàt e cà <eos>,<sos> va a casa <eos>
— eéh pòtå 'm và 'n sércå de fortünå,— in cerca di fortuna,<sos> eéh pòtå 'm và 'n sércå de fortünå <eos>,<sos> in cerca di fortuna <eos>
sótå la córdå dol campanù,sotto la corda del campanone,<sos> sótå la córdå dol campanù <eos>,<sos> sotto la corda del campanone <eos>
— ma éå — l'à dìt — ma mé hó famàt! — l'à dìt essè:,— ma io sono affamato! —,<sos> ma éå l'à dìt ma mé hó famàt ! l'à dìt essè <eos>,<sos> ma io sono affamato ! <eos>
'l s'è fàt dà i sólc,si è fatto dare i soldi,<sos> 'l s'è fàt dà i sólc <eos>,<sos> si è fatto dare i soldi <eos>
— ma he 'l se 'mpì-å mìå i hulfanèi,— se non si accendono i fiammiferi,<sos> ma he 'l se 'mpì-å mìå i hulfanèi <eos>,<sos> se non si accendono i fiammiferi <eos>
« ogliùrå che s' fài pò chè?,« allora che cosa si fa,<sos> ogliùrå che s' fài pò chè ? <eos>,<sos> allora che cosa si fa <eos>
tüc chi che gh'ìa i malàc,che aveva dei malati,<sos> tüc chi che gh'ìa i malàc <eos>,<sos> che aveva dei malati <eos>
l'à dìt che lü 'l gh'arés sémper üt edòs chèl incantéśem ilò,avrebbe sempre avuto quell'incantesimo,<sos> l'à dìt che lü 'l gh'arés sémper üt edòs chèl incantéśem ilò <eos>,<sos> avrebbe sempre avuto quell'incantesimo <eos>
e de lé,e di là,<sos> e de lé <eos>,<sos> e di là <eos>
gliùrå 'l gi à töi fò,allora li ha tolti,<sos> gliùrå 'l gi à töi fò <eos>,<sos> allora li ha tolti <eos>
e gliùrå 'l gh'à dàt negótå,e così suo padre non le aveva dato niente,<sos> e gliùrå 'l gh'à dàt negótå <eos>,<sos> e così suo padre non le aveva dato niente <eos>
e lośàm 'esto aśnì?,di alloggiarmi questo asinello?,<sos> e lośàm 'esto aśnì ? <eos>,<sos> di alloggiarmi questo asinello ? <eos>
"'m sarà epòst, i me metirà 'm preśù","siamo a posto, ci metterà in prigione","<sos> 'm sarà epòst , i me metirà 'm preśù <eos>","<sos> siamo a posto , ci metterà in prigione <eos>"
e pò i l'à a' ciapade a' hö,e la donna le ha anche prese,<sos> e pò i l'à a' ciapade a' hö <eos>,<sos> e la donna le ha anche prese <eos>
e pò i vuśà-a i fà-a finta che i ca-ài i vülìa mìa partì,e gridavano facevano finta che i cavalli non volessero più camminare,<sos> e pò i vuśà-a i fà-a finta che i ca-ài i vülìa mìa partì <eos>,<sos> e gridavano facevano finta che i cavalli non volessero più camminare <eos>
i prìm che 'à fò i lo ciaparà,chi va là per primo lo prenderà,<sos> i prìm che 'à fò i lo ciaparà <eos>,<sos> chi va là per primo lo prenderà <eos>
chèl che té t'é fàt,quello che tu hai fatto,<sos> chèl che té t'é fàt <eos>,<sos> quello che tu hai fatto <eos>
quàndo che éra dré per haltà dét,quando stavano per andare avanti,<sos> quàndo che éra dré per haltà dét <eos>,<sos> quando stavano per andare avanti <eos>
che arda he te la spuśèhet té,che se tu la sposassi,<sos> che arda he te la spuśèhet té <eos>,<sos> che se tu la sposassi <eos>
e flìmf,e flimf,<sos> e flìmf <eos>,<sos> e flimf <eos>
e üna óltå l'érå 'ndàt,un giorno il padre era andato,<sos> e üna óltå l'érå 'ndàt <eos>,<sos> un giorno il padre era andato <eos>
e pehade e pehade,a calcioni,<sos> e pehade e pehade <eos>,<sos> a calcioni <eos>
i è dré ch'i màia —,stanno mangiando —,<sos> i è dré ch'i màia <eos>,<sos> stanno mangiando <eos>
e la ghe cünta 'l fato e 'l gh'à dìt:,gli racconta il fatto e lui dice:,<sos> e la ghe cünta 'l fato e 'l gh'à dìt <eos>,<sos> gli racconta il fatto e lui dice <eos>
nèla hentüra,alla cintura,<sos> nèla hentüra <eos>,<sos> alla cintura <eos>
gh'ó che 'l formét che l'è marüt,ho il frumento maturo,<sos> gh'ó che 'l formét che l'è marüt <eos>,<sos> ho il frumento maturo <eos>
la śgi cünta,le conta,<sos> la śgi cünta <eos>,<sos> le conta <eos>
e lü l'indà-a töc i dé a pehcà,lui andava tutti i giorni a pescare,<sos> e lü l'indà-a töc i dé a pehcà <eos>,<sos> lui andava tutti i giorni a pescare <eos>
— nò,— no,<sos> nò <eos>,<sos> no <eos>
e la arda śó,e guarda giù,<sos> e la arda śó <eos>,<sos> e guarda giù <eos>
— nò — 'l dìs — ó ìst che te sé cristiànå —,"— no, ho visto che sei cristiana",<sos> nò 'l dìs ó ìst che te sé cristiànå <eos>,"<sos> no , ho visto che sei cristiana <eos>"
gna' piö ni-ént,né altro,<sos> gna' piö ni-ént <eos>,<sos> né altro <eos>
négrå,nera,<sos> négrå <eos>,<sos> nera <eos>
"i è 'ndàc, i s'è spuśàc",loro si sono sposati,"<sos> i è 'ndàc , i s'è spuśàc <eos>",<sos> loro si sono sposati <eos>
— mé ó ìst nigü,— io non ho visto nessuno,<sos> mé ó ìst nigü <eos>,<sos> io non ho visto nessuno <eos>
lü l'è 'ndàt en gió,è andato,<sos> lü l'è 'ndàt en gió <eos>,<sos> è andato <eos>
lü 'l gh'à dìt ala hò mama:,il re ha detto a sua madre:,<sos> lü 'l gh'à dìt ala hò mama <eos>,<sos> il re ha detto a sua madre <eos>
'sto tùs,quel ragazzo,<sos> 'sto tùs <eos>,<sos> quel ragazzo <eos>
'l gh'à amò la spàdå 'n di mà,aveva ancora la spada in mano,<sos> 'l gh'à amò la spàdå 'n di mà <eos>,<sos> aveva ancora la spada in mano <eos>
— vènto di tramontana,— vento di tramontana,<sos> vènto di tramontana <eos>,<sos> vento di tramontana <eos>
m'è mòrt töt!,ci è morto tutto,<sos> m'è mòrt töt ! <eos>,<sos> ci è morto tutto <eos>
'l sò marito,lui,<sos> 'l sò marito <eos>,<sos> lui <eos>
quàndo l'è 'gnìt matìnå,al mattino,<sos> quàndo l'è 'gnìt matìnå <eos>,<sos> al mattino <eos>
giü l'ó mangìàt mé,uno l'ho mangiato io,<sos> giü l'ó mangìàt mé <eos>,<sos> uno l'ho mangiato io <eos>
hèmper a scampala col làt de 'sta cèrva,sopravvivendo col latte della cerva,<sos> hèmper a scampala col làt de 'sta cèrva <eos>,<sos> sopravvivendo col latte della cerva <eos>
— tàches ala cù-a,— attaccati alla coda,<sos> tàches ala cù-a <eos>,<sos> attaccati alla coda <eos>
ché l' gh'è stàc vergü —,c'è stato qualcuno! —,<sos> ché l' gh'è stàc vergü <eos>,<sos> c'è stato qualcuno ! <eos>
— tè Piéro!,— Pietro,<sos> tè piéro ! <eos>,<sos> pietro <eos>
— a' ché 'l Rè-Serpènte l'è mìå pasàt,— il Re-Serpente qui non è passato,<sos> a' ché 'l rè-serpènte l'è mìå pasàt <eos>,<sos> il re-serpente qui non è passato <eos>
he lü l'à dispunìt issé,— se lei ha disposto così ,<sos> he lü l'à dispunìt issé <eos>,<sos> se lei ha disposto così <eos>
— scultém,— ascoltatemi,<sos> scultém <eos>,<sos> ascoltatemi <eos>
a meśanòt on punto,a mezzanotte in punto,<sos> a meśanòt on punto <eos>,<sos> a mezzanotte in punto <eos>
— avanti htèh che 'm vederà he 'l mónt l'è rotónt —,— avanti ugualmente che vedremo se il mondo è rotondo —,<sos> avanti htèh che 'm vederà he 'l mónt l'è rotónt <eos>,<sos> avanti ugualmente che vedremo se il mondo è rotondo <eos>
"ègne piö mé, perchè mé adès só straca śà",non vengo più perché sono stanca,"<sos> ègne piö mé , perchè mé adès só straca śà <eos>",<sos> non vengo più perché sono stanca <eos>
te é mandàc,li hai mandati,<sos> te é mandàc <eos>,<sos> li hai mandati <eos>
chi ma pórta śó,chi mi porterà,<sos> chi ma pórta śó <eos>,<sos> chi mi porterà <eos>
e tüte li sére,tutte le sere,<sos> e tüte li sére <eos>,<sos> tutte le sere <eos>
ala matina i lèa hö,al mattino si alzano,<sos> ala matina i lèa hö <eos>,<sos> al mattino si alzano <eos>
al pahà-a ö muntù de cròf,passava uno stormo di corvi,<sos> al pahà-a ö muntù de cròf <eos>,<sos> passava uno stormo di corvi <eos>
o di laùr ch'i tülìa sö,e altre cose che raccoglieva,<sos> o di laùr ch'i tülìa sö <eos>,<sos> e altre cose che raccoglieva <eos>
al gh'érå rincrehìt,è rincresciuto,<sos> al gh'érå rincrehìt <eos>,<sos> è rincresciuto <eos>
e 'l furmét,e il frumento,<sos> e 'l furmét <eos>,<sos> e il frumento <eos>
la troverài,la troverai,<sos> la troverài <eos>,<sos> la troverai <eos>
e l'è di-entàt,e è diventato,<sos> e l'è di-entàt <eos>,<sos> e è diventato <eos>
lé la gh'à cargàt sö i laùr,ha caricato la sua roba,<sos> lé la gh'à cargàt sö i laùr <eos>,<sos> ha caricato la sua roba <eos>
Gh'éra üna ólta,C'erano una volta,<sos> gh'éra üna ólta <eos>,<sos> c'erano una volta <eos>
e gliùrå,così,<sos> e gliùrå <eos>,<sos> così <eos>
— e alura perchè te hé hèmper rabbiùs?,— perché sei sempre arrabbiato?,<sos> e alura perchè te hé hèmper rabbiùs ? <eos>,<sos> perché sei sempre arrabbiato ? <eos>
e l'éra ferida 'n giöna ala,era ferita a un'ala,<sos> e l'éra ferida 'n giöna ala <eos>,<sos> era ferita a un'ala <eos>
l'érå mìå,non era del tutto,<sos> l'érå mìå <eos>,<sos> non era del tutto <eos>
e 'ndóm con nóter —,e venite con noi —,<sos> e 'ndóm con nóter <eos>,<sos> e venite con noi <eos>
e lü 'l gh'à respundìt amò:,e lui ha risposto ancora:,<sos> e lü 'l gh'à respundìt amò <eos>,<sos> e lui ha risposto ancora <eos>
e 'l gh'à a' ünå stàngå,ha una stanga,<sos> e 'l gh'à a' ünå stàngå <eos>,<sos> ha una stanga <eos>
ön'imperatrice —,imperatrice —,<sos> ön'imperatrice <eos>,<sos> imperatrice <eos>
l'à turnàt a fà la medéśima férå,ha fatto la stessa cosa,<sos> l'à turnàt a fà la medéśima férå <eos>,<sos> ha fatto la stessa cosa <eos>
'ssé i à fàc,così,<sos> 'ssé i à fàc <eos>,<sos> così <eos>
fà hö la halsìhå,per fare salsicce,<sos> fà hö la halsìhå <eos>,<sos> per fare salsicce <eos>
de dàgå a' chèl'ótrå càvrå,a dargli anche l'altra capra,<sos> de dàgå a' chèl'ótrå càvrå <eos>,<sos> a dargli anche l'altra capra <eos>
Barba-di-tórdo rè?,Barba-di-tordo re?,<sos> barba-di-tórdo rè ? <eos>,<sos> barba-di-tordo re ? <eos>
"l'à fàt ondré e inàs dói o tréi ólte, 'l gh'à bütat tüt in àriå","è andato avanti e indietro due o tre volte, le ha buttato tutto per aria","<sos> l'à fàt ondré e inàs dói o tréi ólte , 'l gh'à bütat tüt in àriå <eos>","<sos> è andato avanti e indietro due o tre volte , le ha buttato tutto per aria <eos>"
— dàm la pudètå de lénå! —,"— svelta, dammi la roncola! —",<sos> dàm la pudètå de lénå ! <eos>,"<sos> svelta , dammi la roncola ! <eos>"
i ciapà-å de sénå,a cena,<sos> i ciapà-å de sénå <eos>,<sos> a cena <eos>
— ah basta basta! —,"— ah, basta basta! —",<sos> ah basta basta ! <eos>,"<sos> ah , basta basta ! <eos>"
i laùr 'm pó bé nèh —,le cose un po' bene —,<sos> i laùr 'm pó bé nèh <eos>,<sos> le cose un po' bene <eos>
gh'è nahìt,sono nati,<sos> gh'è nahìt <eos>,<sos> sono nati <eos>
'l và déter lé e i sò s-cetì,lei e i suoi figli,<sos> 'l và déter lé e i sò s-cetì <eos>,<sos> lei e i suoi figli <eos>
tölå jó e pò 'mpì-elå che nóter,tirala giù e accendila,<sos> tölå jó e pò 'mpì-elå che nóter <eos>,<sos> tirala giù e accendila <eos>
e dòpo i h'è hpuśàc,e così loro si sono sposati,<sos> e dòpo i h'è hpuśàc <eos>,<sos> e così loro si sono sposati <eos>
mé ghe haró hèmper,io ci sarò sempre,<sos> mé ghe haró hèmper <eos>,<sos> io ci sarò sempre <eos>
l'à śgiràt,hanno girato,<sos> l'à śgiràt <eos>,<sos> hanno girato <eos>
ma che l'éra stàt riciamàt on guèrå,ma era stato richiamato in guerra,<sos> ma che l'éra stàt riciamàt on guèrå <eos>,<sos> ma era stato richiamato in guerra <eos>
he té te ga rì-et a netaga śó i peöc,se riuscirai a togliergli i pidocchi,<sos> he té te ga rì-et a netaga śó i peöc <eos>,<sos> se riuscirai a togliergli i pidocchi <eos>
chèla piantelina ca l'è già lé,quella pianticella,<sos> chèla piantelina ca l'è già lé <eos>,<sos> quella pianticella <eos>
pò l'è 'ndàt,poi è partito,<sos> pò l'è 'ndàt <eos>,<sos> poi è partito <eos>
apéna 'l lèt de dórme,solo il letto per dormire,<sos> apéna 'l lèt de dórme <eos>,<sos> solo il letto per dormire <eos>
ma lure i s'è rencurśide,però quelle si sono accorte di qualcosa,<sos> ma lure i s'è rencurśide <eos>,<sos> però quelle si sono accorte di qualcosa <eos>
l'è 'nàt fò a töga 'sto bicér de 'ì,è andato a prendergli un bicchiere di vino,<sos> l'è 'nàt fò a töga 'sto bicér de 'ì <eos>,<sos> è andato a prendergli un bicchiere di vino <eos>
la ś' l'à pò gudìdå dòpo!,anche lei dopo se l'è goduta!,<sos> la ś' l'à pò gudìdå dòpo ! <eos>,<sos> anche lei dopo se l'è goduta ! <eos>
ö dé la héå mìa che fà de mangià,un giorno non sapeva cosa fare da mangiare,<sos> ö dé la héå mìa che fà de mangià <eos>,<sos> un giorno non sapeva cosa fare da mangiare <eos>
pütòst de fà 'sta ìtå ché,— piuttosto di fare questa vita,<sos> pütòst de fà 'sta ìtå ché <eos>,<sos> piuttosto di fare questa vita <eos>
li e ha schiantà-a,si schiantavano,<sos> li e ha schiantà-a <eos>,<sos> si schiantavano <eos>
e la lücia,e piange,<sos> e la lücia <eos>,<sos> e piange <eos>
che ergóta 'l halterà fò —,qualcosa succederà —,<sos> che ergóta 'l halterà fò <eos>,<sos> qualcosa succederà <eos>
la matìnå ali sés la pìcå,al mattino alle sei la strega bussa:,<sos> la matìnå ali sés la pìcå <eos>,<sos> al mattino alle sei la strega bussa <eos>
però,però,<sos> però <eos>,<sos> però <eos>
ói,— voglio,<sos> ói <eos>,<sos> voglio <eos>
i à mangiàt,hanno mangiato,<sos> i à mangiàt <eos>,<sos> hanno mangiato <eos>
la tèrså óltå che la fà,la terza volta che dirà,<sos> la tèrså óltå che la fà <eos>,<sos> la terza volta che dirà <eos>
ma lùr però per chèl dé gliò è mìa 'ndàt dol rè,ma loro quel giorno non sono andati dal re,<sos> ma lùr però per chèl dé gliò è mìa 'ndàt dol rè <eos>,<sos> ma loro quel giorno non sono andati dal re <eos>
saparé pò se 'l ve par! —,zapperete voi se vi pare! —,<sos> saparé pò se 'l ve par ! <eos>,<sos> zapperete voi se vi pare ! <eos>
gliùrå 'l saltå fò e pò 'l vàrdå jó dol balcù,allora si alza e guarda dal balcone,<sos> gliùrå 'l saltå fò e pò 'l vàrdå jó dol balcù <eos>,<sos> allora si alza e guarda dal balcone <eos>
a dàgå de mangià ai pursèi,e a dar da mangiare ai maiali,<sos> a dàgå de mangià ai pursèi <eos>,<sos> e a dar da mangiare ai maiali <eos>
"l'è pahàt gió, l'è 'ndàt amò jó 'l sò cantù",è andato ancora nel suo cantuccio,"<sos> l'è pahàt gió , l'è 'ndàt amò jó 'l sò cantù <eos>",<sos> è andato ancora nel suo cantuccio <eos>
cóha gh'ala htahira chèla aca ché? —,— ma cos'ha questa sera la mucca? —,<sos> cóha gh'ala htahira chèla aca ché ? <eos>,<sos> ma cos'ha questa sera la mucca ? <eos>
« té canarì pàrlå » —,« canarino parla » —,<sos> té canarì pàrlå <eos>,<sos> canarino parla <eos>
"— nò nò nò nò, mé oi haì negóta","no, io non voglio saper niente","<sos> nò nò nò nò , mé oi haì negóta <eos>","<sos> no , io non voglio saper niente <eos>"
alura lé l'à 'nvi-àt sö 'l föch,allora ha acceso il fuoco,<sos> alura lé l'à 'nvi-àt sö 'l föch <eos>,<sos> allora ha acceso il fuoco <eos>
söi bànch dèlà céśå,sui banchi della chiesa,<sos> söi bànch dèlà céśå <eos>,<sos> sui banchi della chiesa <eos>
lé perchè la i ìa ès' töc,dato che lei li aveva visti tutti,<sos> lé perchè la i ìa ès' töc <eos>,<sos> dato che lei li aveva visti tutti <eos>
gh'érå dù àśegn,ne avevano due,<sos> gh'érå dù àśegn <eos>,<sos> ne avevano due <eos>
— tàches ala cù-a,— attaccati alla coda,<sos> tàches ala cù-a <eos>,<sos> attaccati alla coda <eos>
e pò a' i sólc,e anche i soldi,<sos> e pò a' i sólc <eos>,<sos> e anche i soldi <eos>
— stasérå turne mìå 'ndré!,— stasera non torno indietro!,<sos> stasérå turne mìå 'ndré ! <eos>,<sos> stasera non torno indietro ! <eos>
de lü,di lui,<sos> de lü <eos>,<sos> di lui <eos>
gliùra: « adèh próe la tèrsa ólta e pò turne 'ndré — 'l dìh — èh »,allora: « adesso provo per la terza volta e poi torno indietro »,<sos> gliùra adèh próe la tèrsa ólta e pò turne 'ndré 'l dìh èh <eos>,<sos> allora adesso provo per la terza volta e poi torno indietro <eos>
'm pó de pà,un po' di pane,<sos> 'm pó de pà <eos>,<sos> un po' di pane <eos>
e i vèt üna bèla tànå,scorgono una bella tana,<sos> e i vèt üna bèla tànå <eos>,<sos> scorgono una bella tana <eos>
"prìmå de 'ndà de déter on da capànnå, a deliberà la Bèlla-Pastóra",prima di entrare nella capanna per liberare la Bella-Pastora,"<sos> prìmå de 'ndà de déter on da capànnå , a deliberà la bèlla-pastóra <eos>",<sos> prima di entrare nella capanna per liberare la bella-pastora <eos>
la guadegnà-å pròpe a' bé,guadagnava bene,<sos> la guadegnà-å pròpe a' bé <eos>,<sos> guadagnava bene <eos>
nóter em vé e 'm ga hequèstra töt! —,vi sequestreremo tutto! —,<sos> nóter em vé e 'm ga hequèstra töt ! <eos>,<sos> vi sequestreremo tutto ! <eos>
— hé,— sì,<sos> hé <eos>,<sos> sì <eos>
la m'à stri-àt,mi ha stregato,<sos> la m'à stri-àt <eos>,<sos> mi ha stregato <eos>
dòpo la meśanòt,dopo la mezzanotte,<sos> dòpo la meśanòt <eos>,<sos> dopo la mezzanotte <eos>
alura la hò mama,allora la mamma,<sos> alura la hò mama <eos>,<sos> allora la mamma <eos>
vivi 'nsöma,vive,<sos> vivi 'nsöma <eos>,<sos> vive <eos>
— pòta — 'l dìs —,— pota — dice —,<sos> pòta 'l dìs <eos>,<sos> pota dice <eos>
'l fà-å pò hunà tüc ì campanèi,faceva suonare tutti i campanelli,<sos> 'l fà-å pò hunà tüc ì campanèi <eos>,<sos> faceva suonare tutti i campanelli <eos>
perchè non ò spośato,perché non ho sposato,<sos> perchè non ò spośato <eos>,<sos> perché non ho sposato <eos>
perché la m'è piaśida tròp tànt,perché mi è piaciuta troppo,<sos> perché la m'è piaśida tròp tànt <eos>,<sos> perché mi è piaciuta troppo <eos>
però me de-entèh öna papessa,se diventassi una papessa,<sos> però me de-entèh öna papessa <eos>,<sos> se diventassi una papessa <eos>
ol lüf l'à maiàt sö Śgioanì,e l'ha mangiato,<sos> ol lüf l'à maiàt sö śgioanì <eos>,<sos> e l'ha mangiato <eos>
l'aśnì,l'asinello,<sos> l'aśnì <eos>,<sos> l'asinello <eos>
i à bi-ìt,bevuto,<sos> i à bi-ìt <eos>,<sos> bevuto <eos>
— adès,— adesso,<sos> adès <eos>,<sos> adesso <eos>
pò l'è partìt,ed è partito,<sos> pò l'è partìt <eos>,<sos> ed è partito <eos>
chèla s-cèta lé,quella ragazza,<sos> chèla s-cèta lé <eos>,<sos> quella ragazza <eos>
te pö pensà!,immaginati!,<sos> te pö pensà ! <eos>,<sos> immaginati ! <eos>
he scàe mé te fü-jet e 'nvéce,se scavo io tu scappi,<sos> he scàe mé te fü-jet e 'nvéce <eos>,<sos> se scavo io tu scappi <eos>
alura,allora,<sos> alura <eos>,<sos> allora <eos>
la la mèt dét on dol bigaröl,poi messo nel grembiule,<sos> la la mèt dét on dol bigaröl <eos>,<sos> poi messo nel grembiule <eos>
öna fila!,una fila!,<sos> öna fila ! <eos>,<sos> una fila ! <eos>
gh'éra lé ö varśèl de acqua,e li han buttati,<sos> gh'éra lé ö varśèl de acqua <eos>,<sos> e li han buttati <eos>
e d'li disgras-ce —,delle disgrazie —,<sos> e d'li disgras-ce <eos>,<sos> delle disgrazie <eos>
perchè 'sta vólp la i éå pò halvàc de 'sto leù,perché lei li aveva salvati dal leone,<sos> perchè 'sta vólp la i éå pò halvàc de 'sto leù <eos>,<sos> perché lei li aveva salvati dal leone <eos>
cume mài? »,« come mai? »,<sos> cume mài ? <eos>,<sos> come mai ? <eos>
fà cóme te crèdet —,fa come credi,<sos> fà cóme te crèdet <eos>,<sos> fa come credi <eos>
"— ma nò, mài piö",— ma no,"<sos> ma nò , mài piö <eos>",<sos> ma no <eos>
che éra hò s-cèc,perché erano sempre figli suoi,<sos> che éra hò s-cèc <eos>,<sos> perché erano sempre figli suoi <eos>
a hém,a galla,<sos> a hém <eos>,<sos> a galla <eos>
e óter,e altro,<sos> e óter <eos>,<sos> e altro <eos>
— pòtå mé — 'l dìs — ó ciapàt chèst...,— io ho trovato questa...,<sos> pòtå mé 'l dìs ó ciapàt chèst . . . <eos>,<sos> io ho trovato questa . . . <eos>
pórtå pasénsiå 'à là,porta pazienza!,<sos> pórtå pasénsiå 'à là <eos>,<sos> porta pazienza ! <eos>
ediré ol padrù chèl che 'l me darà,vedrai cosa ci darà il padrone,<sos> ediré ol padrù chèl che 'l me darà <eos>,<sos> vedrai cosa ci darà il padrone <eos>
arda — 'l dìs — che śó hóta 'n giöna gròta,— guarda che giù in una grotta,<sos> arda 'l dìs che śó hóta 'n giöna gròta <eos>,<sos> guarda che giù in una grotta <eos>
perchè gh'è tanti poveri,perché ce ne sono tanti,<sos> perchè gh'è tanti poveri <eos>,<sos> perché ce ne sono tanti <eos>
stangurna,continua a picchiare,<sos> stangurna <eos>,<sos> continua a picchiare <eos>
l'è 'ndàt fò,è andato,<sos> l'è 'ndàt fò <eos>,<sos> è andato <eos>
ma lé la la cunuhìa miga,lei non l'aveva mai vista,<sos> ma lé la la cunuhìa miga <eos>,<sos> lei non l'aveva mai vista <eos>
l'érå pà a' strüśa,sporca,<sos> l'érå pà a' strüśa <eos>,<sos> sporca <eos>
'l vuśa,e grida,<sos> 'l vuśa <eos>,<sos> e grida <eos>
"l'endà-a 'nnàc ö tochèl, 'l ne turnà-a 'ndré trì","andava avanti un po', tornava indietro il triplo","<sos> l'endà-a 'nnàc ö tochèl , 'l ne turnà-a 'ndré trì <eos>","<sos> andava avanti un po' , tornava indietro il triplo <eos>"
ål gi à fàt enségn al Giuanì de 'ndàgå 'n sö,ha fatto segno a Giovannino di andare,<sos> ål gi à fàt enségn al giuanì de 'ndàgå 'n sö <eos>,<sos> ha fatto segno a giovannino di andare <eos>
ål gh'éra déter nigü,non c'era nessuno,<sos> ål gh'éra déter nigü <eos>,<sos> non c'era nessuno <eos>
prìmå,prima,<sos> prìmå <eos>,<sos> prima <eos>
l'è pasàt,è passata oltre,<sos> l'è pasàt <eos>,<sos> è passata oltre <eos>
e la gh'è 'nada 'n téra,gli è caduta in terra /  /  /  /  /  /  /  / ,<sos> e la gh'è 'nada 'n téra <eos>,<sos> gli è caduta in terra <eos>
"— nò nò nò, mangiómei mìa perchè 'm mör! —","— no, non mangiamoli, altrimenti moriamo! —","<sos> nò nò nò , mangiómei mìa perchè 'm mör ! <eos>","<sos> no , non mangiamoli , altrimenti moriamo ! <eos>"
gliò 'l gh'à fàt vède tüta la sò cà,le ha fatto visitare tutta la casa,<sos> gliò 'l gh'à fàt vède tüta la sò cà <eos>,<sos> le ha fatto visitare tutta la casa <eos>
pòtå 'l vé hérà,si fa sera,<sos> pòtå 'l vé hérà <eos>,<sos> si fa sera <eos>
quàndo l'è 'l momént ch'i è dré a mangià,quando stanno mangiando,<sos> quàndo l'è 'l momént ch'i è dré a mangià <eos>,<sos> quando stanno mangiando <eos>
perchè che 'm gh'à rubàt anche ala céśå,perché abbiamo rubato anche alla chiesa,<sos> perchè che 'm gh'à rubàt anche ala céśå <eos>,<sos> perché abbiamo rubato anche alla chiesa <eos>
'l dé che 'l düśìa rià,doveva arrivare,<sos> 'l dé che 'l düśìa rià <eos>,<sos> doveva arrivare <eos>
tàrnà 'ndré!,torna indietro!,<sos> tàrnà 'ndré ! <eos>,<sos> torna indietro ! <eos>
pàså sö dré a ü mùt,sale lungo un monte,<sos> pàså sö dré a ü mùt <eos>,<sos> sale lungo un monte <eos>
e de laurà 'm punì piö tànt,e di lavorare un pochino di più,<sos> e de laurà 'm punì piö tànt <eos>,<sos> e di lavorare un pochino di più <eos>
alura i à 'mpihàt ö holfanèl,allora hanno acceso un fiammifero,<sos> alura i à 'mpihàt ö holfanèl <eos>,<sos> allora hanno acceso un fiammifero <eos>
arda che mé òi che te ma diśet chèl che te gh'é —,voglio che tu me lo dica —,<sos> arda che mé òi che te ma diśet chèl che te gh'é <eos>,<sos> voglio che tu me lo dica <eos>
— ah gliùrå bé,— ma sì,<sos> ah gliùrå bé <eos>,<sos> ma sì <eos>
e quàndo che i à heràt fò la céśa gli à ìst nügü,quando han chiuso la chiesa non hanno visto nessuno,<sos> e quàndo che i à heràt fò la céśa gli à ìst nügü <eos>,<sos> quando han chiuso la chiesa non hanno visto nessuno <eos>
però,però,<sos> però <eos>,<sos> però <eos>
adès mé,adesso io,<sos> adès mé <eos>,<sos> adesso io <eos>
e l'è furada śgió,è sprofondata,<sos> e l'è furada śgió <eos>,<sos> è sprofondata <eos>
"la hegütà-å, la j diśéå:",continuava a dirgli:,"<sos> la hegütà-å , la j diśéå <eos>",<sos> continuava a dirgli <eos>
perchè 'l vuléå pò ède,perché voleva vedere,<sos> perchè 'l vuléå pò ède <eos>,<sos> perché voleva vedere <eos>
cóma l'éå fàt e di-entà s-ciòr,come aveva fatto a diventare ricco,<sos> cóma l'éå fàt e di-entà s-ciòr <eos>,<sos> come aveva fatto a diventare ricco <eos>
a sérå,la sera,<sos> a sérå <eos>,<sos> la sera <eos>
e pòtå i à dìt: — fà chè? —,si sono detti: — cosa facciamo? —,<sos> e pòtå i à dìt fà chè ? <eos>,<sos> si sono detti cosa facciamo ? <eos>
l'è 'ndada a dórme,è andata a dormire,<sos> l'è 'ndada a dórme <eos>,<sos> è andata a dormire <eos>
'ncö dehmetì piö —,non lo smetterete più,<sos> 'ncö dehmetì piö <eos>,<sos> non lo smetterete più <eos>
esparì la moér,allontanare la moglie,<sos> esparì la moér <eos>,<sos> allontanare la moglie <eos>
anche mé ói faga 'm pìl de regalì,anch'io voglio farle un regalino,<sos> anche mé ói faga 'm pìl de regalì <eos>,<sos> anch'io voglio farle un regalino <eos>
pacìfich e tranquì-i,pacifici e tranquilli,<sos> pacìfich e tranquì-i <eos>,<sos> pacifici e tranquilli <eos>
i à bi-ìt,e bevuto,<sos> i à bi-ìt <eos>,<sos> e bevuto <eos>
"'l pàså mài nigü, mài nigü, mài nigü",non passa proprio mai nessuno,"<sos> 'l pàså mài nigü , mài nigü , mài nigü <eos>",<sos> non passa proprio mai nessuno <eos>
te cuncéde,ti concedo,<sos> te cuncéde <eos>,<sos> ti concedo <eos>
'n mòdo che l'órco,cosicché l'orco,<sos> 'n mòdo che l'órco <eos>,<sos> cosicché l'orco <eos>
al völìa haì anche 'ndo éra 'nàc a finì,voleva sapere dov'erano finiti,<sos> al völìa haì anche 'ndo éra 'nàc a finì <eos>,<sos> voleva sapere dov'erano finiti <eos>
gh'è ü palàs,dove c'è un palazzo,<sos> gh'è ü palàs <eos>,<sos> dove c'è un palazzo <eos>
e 'ntàt lü,intanto,<sos> e 'ntàt lü <eos>,<sos> intanto <eos>
— 'l ga dìh al famèi —,— dice al famiglio —,<sos> 'l ga dìh al famèi <eos>,<sos> dice al famiglio <eos>
— gh'él di malàc en de 'sta cà?,— ci sono malati in questa casa?,<sos> gh'él di malàc en de 'sta cà ? <eos>,<sos> ci sono malati in questa casa ? <eos>
pödei?,posso?,<sos> pödei ? <eos>,<sos> posso ? <eos>
e pò la 'é sö 'stà ànimå cunfinàdå e la cumìncìå:,poi esce» l'anima confinata e comincia:,<sos> e pò la 'é sö 'stà ànimå cunfinàdå e la cumìncìå <eos>,<sos> poi esce l'anima confinata e comincia <eos>
tante de chi bòte,tante di quelle botte,<sos> tante de chi bòte <eos>,<sos> tante di quelle botte <eos>
'l và śó,scende,<sos> 'l và śó <eos>,<sos> scende <eos>
la bàt,bussa,<sos> la bàt <eos>,<sos> bussa <eos>
bisógnå che darvihe,devo aprire,<sos> bisógnå che darvihe <eos>,<sos> devo aprire <eos>
te haré s-ciór,diventerai ricco,<sos> te haré s-ciór <eos>,<sos> diventerai ricco <eos>
al gh'éra hö la berèta höl có,aveva la berretta sulla testa,<sos> al gh'éra hö la berèta höl có <eos>,<sos> aveva la berretta sulla testa <eos>
pöde mìå mé fàt 'gnì de déter,— io non posso farti entrare,<sos> pöde mìå mé fàt 'gnì de déter <eos>,<sos> io non posso farti entrare <eos>
poarèt a' mé!,povero me!,<sos> poarèt a' mé ! <eos>,<sos> povero me ! <eos>
la hò fómna l'è lé che 'l la hpèta,la sua donna lo sta aspettando,<sos> la hò fómna l'è lé che 'l la hpèta <eos>,<sos> la sua donna lo sta aspettando <eos>
— hé èh,— sì,<sos> hé èh <eos>,<sos> sì <eos>
"quando la 'é la matìnå, la fà:",al mattino la strega dice:,"<sos> quando la 'é la matìnå , la fà <eos>",<sos> al mattino la strega dice <eos>
i me n'à 'nvidàt piö gna' ü bucù,non me ne hanno offerto neppure un boccone,<sos> i me n'à 'nvidàt piö gna' ü bucù <eos>,<sos> non me ne hanno offerto neppure un boccone <eos>
ai à metìt sö 'sto egiahì,ci hanno messo sopra il vecchietto,<sos> ai à metìt sö 'sto egiahì <eos>,<sos> ci hanno messo sopra il vecchietto <eos>
e gliùra la gh'à dìc:,allora gli ha chiesto:,<sos> e gliùra la gh'à dìc <eos>,<sos> allora gli ha chiesto <eos>
te 'ndé jó e tölå,vai a prenderla,<sos> te 'ndé jó e tölå <eos>,<sos> vai a prenderla <eos>
per tira fò,per tirare fuori,<sos> per tira fò <eos>,<sos> per tirare fuori <eos>
l'à fàt el medéśim fàt,ha fatto la stessa cosa,<sos> l'à fàt el medéśim fàt <eos>,<sos> ha fatto la stessa cosa <eos>
che i lüciå jó 'n de 'stå ca-àgnå,che nella cesta qualcuno piange,<sos> che i lüciå jó 'n de 'stå ca-àgnå <eos>,<sos> che nella cesta qualcuno piange <eos>
— ma mé — 'l dìs — turne mìå 'ndré,— io non torno indietro,<sos> ma mé 'l dìs turne mìå 'ndré <eos>,<sos> io non torno indietro <eos>
la gh'à dìt essè:,che le dice:,<sos> la gh'à dìt essè <eos>,<sos> che le dice <eos>
e i fà: — perchè nóter — ål dìs —,e rispondono: — perché,<sos> e i fà perchè nóter ål dìs <eos>,<sos> e rispondono perché <eos>
gh'è amò ün eremìtå,c'era ancora un eremita,<sos> gh'è amò ün eremìtå <eos>,<sos> c'era ancora un eremita <eos>
che troverài fortuna! —,eh troverai fortuna! —,<sos> che troverài fortuna ! <eos>,<sos> eh troverai fortuna ! <eos>
dunque mé,dunque io,<sos> dunque mé <eos>,<sos> dunque io <eos>
"— a 'ndó, a 'ndó","— vado, vado","<sos> a 'ndó , a 'ndó <eos>","<sos> vado , vado <eos>"
l'érà 'nvidàt a mangià,era invitato a mangiare,<sos> l'érà 'nvidàt a mangià <eos>,<sos> era invitato a mangiare <eos>
perchè chile lantèrne è 'gnide amò söla capànnå,la terza notte quelle lanterne sono venute ancora sulla capanna,<sos> perchè chile lantèrne è 'gnide amò söla capànnå <eos>,<sos> la terza notte quelle lanterne sono venute ancora sulla capanna <eos>
'l Paulì l'è gliò śnüchiàt gió,Paolino è lì inginocchiato,<sos> 'l paulì l'è gliò śnüchiàt gió <eos>,<sos> paolino è lì inginocchiato <eos>
e — 'l dìh — arèh decidìt,e avrei deciso,<sos> e 'l dìh arèh decidìt <eos>,<sos> e avrei deciso <eos>
— póer egiahì,— povero vecchietto,<sos> póer egiahì <eos>,<sos> povero vecchietto <eos>
— ah nóter em na làgå 'ndà — l'à dìt — perchè,"— ah, noi la lasciamo andare perché",<sos> ah nóter em na làgå 'ndà l'à dìt perchè <eos>,"<sos> ah , noi la lasciamo andare perché <eos>"
isé i à fàt,così hanno fatto,<sos> isé i à fàt <eos>,<sos> così hanno fatto <eos>
a hì sciòr pò a' óter,diventerete ricchi anche voi,<sos> a hì sciòr pò a' óter <eos>,<sos> diventerete ricchi anche voi <eos>
i à ìst en mèh el pràt,hanno visto in mezzo al prato,<sos> i à ìst en mèh el pràt <eos>,<sos> hanno visto in mezzo al prato <eos>
lùr la sérå i 'à sö,loro di sera ci sono andati,<sos> lùr la sérå i 'à sö <eos>,<sos> loro di sera ci sono andati <eos>
àidem!,aiutami!,<sos> àidem ! <eos>,<sos> aiutami ! <eos>
'maginàs che fèste!,immaginatevi che feste!,<sos> 'maginàs che fèste ! <eos>,<sos> immaginatevi che feste ! <eos>
— turne mìa 'ndré,— non torno indietro,<sos> turne mìa 'ndré <eos>,<sos> non torno indietro <eos>
he nò mé te tigne hémper sàlt,altrimenti ti tengo sempre,<sos> he nò mé te tigne hémper sàlt <eos>,<sos> altrimenti ti tengo sempre <eos>
diga 'zzé ca la sa pèste sö a tochelì!,dille che si tagli a pezzettini!,<sos> diga 'zzé ca la sa pèste sö a tochelì ! <eos>,<sos> dille che si tagli a pezzettini ! <eos>
è dré amò che i sénå,stanno ancora cenando,<sos> è dré amò che i sénå <eos>,<sos> stanno ancora cenando <eos>
hét endàt endoè tè,— dove sei andato,<sos> hét endàt endoè tè <eos>,<sos> dove sei andato <eos>
'ndàdå là a' lé,si è avviata anche lei,<sos> 'ndàdå là a' lé <eos>,<sos> si è avviata anche lei <eos>
cume te saré cuntét!,come sarai contento,<sos> cume te saré cuntét ! <eos>,<sos> come sarai contento <eos>
— pòta i éra pròpe lùr!,erano proprio loro!,<sos> pòta i éra pròpe lùr ! <eos>,<sos> erano proprio loro ! <eos>
e gliùra la 'à sö a diga: — l' gh'è śgió öna tuśa ca la insiste,allora quella va a dire: — c'è una ragazza che insiste,<sos> e gliùra la 'à sö a diga l' gh'è śgió öna tuśa ca la insiste <eos>,<sos> allora quella va a dire c'è una ragazza che insiste <eos>
'l paìs,il paese,<sos> 'l paìs <eos>,<sos> il paese <eos>
e hó 'nsapàt en vergót!,ma ora mi sono inciampato in qualcosa!,<sos> e hó 'nsapàt en vergót ! <eos>,<sos> ma ora mi sono inciampato in qualcosa ! <eos>
perchè se 'l se spùśå 'l prìncipe,perché si sposa il principe,<sos> perchè se 'l se spùśå 'l prìncipe <eos>,<sos> perché si sposa il principe <eos>
de dét de lü:,diceva tra sé,<sos> de dét de lü <eos>,<sos> diceva tra sé <eos>
"l'è restàt pròpe ni-ént ni-ént, piö neanche la cènere","non c'era proprio più niente, neanche la cenere","<sos> l'è restàt pròpe ni-ént ni-ént , piö neanche la cènere <eos>","<sos> non c'era proprio più niente , neanche la cenere <eos>"
e la gh'à dìt:,e ha detto:,<sos> e la gh'à dìt <eos>,<sos> e ha detto <eos>
l'à brüśàt töt ol formét! —,ha bruciato tutto il frumento! —,<sos> l'à brüśàt töt ol formét ! <eos>,<sos> ha bruciato tutto il frumento ! <eos>
'sto Giacumì 'l và e cà tüt contét,Giacomino va a casa tutto contento,<sos> 'sto giacumì 'l và e cà tüt contét <eos>,<sos> giacomino va a casa tutto contento <eos>
"gnè' 'ncö, gnè' dumà",né oggi né domani,"<sos> gnè' 'ncö , gnè' dumà <eos>",<sos> né oggi né domani <eos>
è stàc ogliò 'm pó,dopo un po',<sos> è stàc ogliò 'm pó <eos>,<sos> dopo un po' <eos>
e l'à scri-ìt déter:,e ha corretto:,<sos> e l'à scri-ìt déter <eos>,<sos> e ha corretto <eos>
ål ghe l'dis ala sò spùśå,lo dice alla sua sposa,<sos> ål ghe l'dis ala sò spùśå <eos>,<sos> lo dice alla sua sposa <eos>
'stå spùśå gliò,la sposa,<sos> 'stå spùśå gliò <eos>,<sos> la sposa <eos>
ma chi lo sa il perchè?,ma chi lo sa il perché?,<sos> ma chi lo sa il perchè ? <eos>,<sos> ma chi lo sa il perché ? <eos>
e 'm sa scalda,ci scaldiamo,<sos> e 'm sa scalda <eos>,<sos> ci scaldiamo <eos>
l'à śbojàt déter la pórtå,ha rotto la porta,<sos> l'à śbojàt déter la pórtå <eos>,<sos> ha rotto la porta <eos>
fìnå ali spale,fino alle spalle,<sos> fìnå ali spale <eos>,<sos> fino alle spalle <eos>
l'è turnàt ondré,è tornato indietro,<sos> l'è turnàt ondré <eos>,<sos> è tornato indietro <eos>
dunque gh'érå śgió,c'erano,<sos> dunque gh'érå śgió <eos>,<sos> c'erano <eos>
mé ghe rìe piö e stàgå hö!,non ce la faccio più a stare qui!,<sos> mé ghe rìe piö e stàgå hö ! <eos>,<sos> non ce la faccio più a stare qui ! <eos>
on d'ünå cèstå de vìmini 'ssè e 'ssè,in una cesta di vimini così e cosà,<sos> on d'ünå cèstå de vìmini 'ssè e 'ssè <eos>,<sos> in una cesta di vimini così e cosà <eos>
e la pórtå la h'è heràdå,poi la porta si è chiusa,<sos> e la pórtå la h'è heràdå <eos>,<sos> poi la porta si è chiusa <eos>
istìt de négher,vestito di nero,<sos> istìt de négher <eos>,<sos> vestito di nero <eos>
àrdå — la dìs —,sö 'n chèl castèl ogliò,<sos> àrdå la dìs <eos>,<sos> sö 'n chèl castèl ogliò <eos>
"e 'l gi à dìt: — pèrdelå mìå, tìgnelå bé perchè l'è","dicendo: — non perderla, tienila ben da conto, perché è","<sos> e 'l gi à dìt pèrdelå mìå , tìgnelå bé perchè l'è <eos>","<sos> dicendo non perderla , tienila ben da conto , perché è <eos>"
l'è pasàdå là 'ssè,per questa volta è passata così,<sos> l'è pasàdå là 'ssè <eos>,<sos> per questa volta è passata così <eos>
adèh am vurà pò fà chè?,adesso cosa faremo?,<sos> adèh am vurà pò fà chè ? <eos>,<sos> adesso cosa faremo ? <eos>
al vé hö amò töt ol vòs' formét?,crescesse ancora il vostro frumento?,<sos> al vé hö amò töt ol vòs' formét ? <eos>,<sos> crescesse ancora il vostro frumento ? <eos>
ma non la godrài,ma non la godrai,<sos> ma non la godrài <eos>,<sos> ma non la godrai <eos>
te dó tàc de chi sólc,ti dò tanti soldi,<sos> te dó tàc de chi sólc <eos>,<sos> ti dò tanti soldi <eos>
pò che 'l vé hèmper hö i temporài,qui scoppiano sempre dei temporali,<sos> pò che 'l vé hèmper hö i temporài <eos>,<sos> qui scoppiano sempre dei temporali <eos>
e i à dìt: — adès,e hanno detto alla volpe: — adesso,<sos> e i à dìt adès <eos>,<sos> e hanno detto alla volpe adesso <eos>
'nvéce dòpo la gh'à portàt lé de mangià,invece la sorella gli ha portato la cena,<sos> 'nvéce dòpo la gh'à portàt lé de mangià <eos>,<sos> invece la sorella gli ha portato la cena <eos>
"gna' rèf, gna' góśgia, gna' ni-ént","né refe, né ago, proprio niente","<sos> gna' rèf , gna' góśgia , gna' ni-ént <eos>","<sos> né refe , né ago , proprio niente <eos>"
al ma pica fò höl có!,mi picchia sulla testa!,<sos> al ma pica fò höl có ! <eos>,<sos> mi picchia sulla testa ! <eos>
fradèl e surèlå,fratello e sorella,<sos> fradèl e surèlå <eos>,<sos> fratello e sorella <eos>
l'éra 'm pó guardinga,era un po' guardinga,<sos> l'éra 'm pó guardinga <eos>,<sos> era un po' guardinga <eos>
hó famàt,sono affamato,<sos> hó famàt <eos>,<sos> sono affamato <eos>
— ma ét pò fàt chè?,— ma cosa hai fatto?,<sos> ma ét pò fàt chè ? <eos>,<sos> ma cosa hai fatto ? <eos>
l'è mìå stàdå e tép de ciapàl e tràl endré,non ha fatto in tempo a prenderlo e tirarlo indietro,<sos> l'è mìå stàdå e tép de ciapàl e tràl endré <eos>,<sos> non ha fatto in tempo a prenderlo e tirarlo indietro <eos>
ai pu-arèc od la cità,ai poveri della città,<sos> ai pu-arèc od la cità <eos>,<sos> ai poveri della città <eos>
e 'l gh'à bütàt in àriå,ha buttato per aria,<sos> e 'l gh'à bütàt in àriå <eos>,<sos> ha buttato per aria <eos>
e 'l dìh essè: « haràl pò hà chi? » le pòtå gliùrå,e si dice: « chi arriverà? »,<sos> e 'l dìh essè haràl pò hà chi ? le pòtå gliùrå <eos>,<sos> e si dice chi arriverà ? <eos>
la gh'à piö neànche scri-ìt,non gli aveva nemmeno più scritto,<sos> la gh'à piö neànche scri-ìt <eos>,<sos> non gli aveva nemmeno più scritto <eos>
— hé — l'à dìt — öt che i la crómpe chi,— chi vuoi che la comperi?,<sos> hé l'à dìt öt che i la crómpe chi <eos>,<sos> chi vuoi che la comperi ? <eos>
che gh'è ché dói fahine de lègna,ci sono due fascine di legna,<sos> che gh'è ché dói fahine de lègna <eos>,<sos> ci sono due fascine di legna <eos>
lé la l'à perdunàt amó,lei l'ha perdonato ancora,<sos> lé la l'à perdunàt amó <eos>,<sos> lei l'ha perdonato ancora <eos>
mé ga dó i sólc,io le dò i soldi,<sos> mé ga dó i sólc <eos>,<sos> io le dò i soldi <eos>
pò la 'à d'zura,poi è andata di sopra,<sos> pò la 'à d'zura <eos>,<sos> poi è andata di sopra <eos>
e mé biśògnå che stàe serpént,e devo restar serpente,<sos> e mé biśògnå che stàe serpént <eos>,<sos> e devo restar serpente <eos>
'l n'à ciapàt üna batida,e lui s'è preso delle bastonate,<sos> 'l n'à ciapàt üna batida <eos>,<sos> e lui s'è preso delle bastonate <eos>
la l'à metìdå gliò sura al divano,lei l'ha posata sul divano,<sos> la l'à metìdå gliò sura al divano <eos>,<sos> lei l'ha posata sul divano <eos>
e 'ssè l'à fàt,così ha fatto,<sos> e 'ssè l'à fàt <eos>,<sos> così ha fatto <eos>
pi-àlå,morsicarla,<sos> pi-àlå <eos>,<sos> morsicarla <eos>
ché déter ta coperó! »,qui ti ammazzerò! »,<sos> ché déter ta coperó ! <eos>,<sos> qui ti ammazzerò ! <eos>
— e fàm pò chè ché edèh en d'ü bósch?,— cosa facciamo adesso in un bosco?,<sos> e fàm pò chè ché edèh en d'ü bósch ? <eos>,<sos> cosa facciamo adesso in un bosco ? <eos>
e gliùra 'hto òm,allora quell'uomo,<sos> e gliùra 'hto òm <eos>,<sos> allora quell'uomo <eos>
lü l'à ìst che l'éå dervìt,il mago si è accorto che aveva aperto,<sos> lü l'à ìst che l'éå dervìt <eos>,<sos> il mago si è accorto che aveva aperto <eos>
— và bé' — la gh'à dìt —,— va bene,<sos> và bé' la gh'à dìt <eos>,<sos> va bene <eos>
ol prim ostàcolo l'érå pasàt,il primo ostacolo era superato,<sos> ol prim ostàcolo l'érå pasàt <eos>,<sos> il primo ostacolo era superato <eos>
te ghe l'mètet tüt,te lo metti tutto,<sos> te ghe l'mètet tüt <eos>,<sos> te lo metti tutto <eos>
per eredità 'stå palassìnå ché,per ereditare il palazzo,<sos> per eredità 'stå palassìnå ché <eos>,<sos> per ereditare il palazzo <eos>
nel bötai dét,nel buttarli,<sos> nel bötai dét <eos>,<sos> nel buttarli <eos>
i pica ala porta,bussano alla porta,<sos> i pica ala porta <eos>,<sos> bussano alla porta <eos>
ol mulì 'l rèsta śó 'm pó giöna cónca,che si trovava come in una conca,<sos> ol mulì 'l rèsta śó 'm pó giöna cónca <eos>,<sos> che si trovava come in una conca <eos>
e 'sti lader i dìs: — ma ègnel pò jó che hö 'n de 'stå piàntå stanòt? —,i ladri dicono: — ma cosa cade da questa pianta questa notte? —,<sos> e 'sti lader i dìs ma ègnel pò jó che hö 'n de 'stå piàntå stanòt ? <eos>,<sos> i ladri dicono ma cosa cade da questa pianta questa notte ? <eos>
la öl che töte le hiréne,che tutte le sirene,<sos> la öl che töte le hiréne <eos>,<sos> che tutte le sirene <eos>
e la ga dìs:,dicendole:,<sos> e la ga dìs <eos>,<sos> dicendole <eos>
e dòpo l'à dìt — te pö tö hö tüt chèl che te gh'é òiå e tò,poi ha aggiunto: — puoi prendere tutto quello che vuoi,<sos> e dòpo l'à dìt te pö tö hö tüt chèl che te gh'é òiå e tò <eos>,<sos> poi ha aggiunto puoi prendere tutto quello che vuoi <eos>
Piéro 'l s'è metìt dré àch a cridà,che si mette a piangere:,<sos> piéro 'l s'è metìt dré àch a cridà <eos>,<sos> che si mette a piangere <eos>
'dóm pò vólp,andiamo volpe,<sos> 'dóm pò vólp <eos>,<sos> andiamo volpe <eos>
pórtel em pó a' té 'l tò hachèl,porta un po' anche tu il sacchetto,<sos> pórtel em pó a' té 'l tò hachèl <eos>,<sos> porta un po' anche tu il sacchetto <eos>
i và a-ànti amò ö tòch,vanno avanti ancora un po',<sos> i và a-ànti amò ö tòch <eos>,<sos> vanno avanti ancora un po' <eos>
fà öna cantada! —,fa una cantata! —,<sos> fà öna cantada ! <eos>,<sos> fa una cantata ! <eos>
magher magher,"magro, magro",<sos> magher magher <eos>,"<sos> magro , magro <eos>"
'l ge laha 'gnì de dét lü!... »,li lascia entrare! »,<sos> 'l ge laha 'gnì de dét lü ! . . . <eos>,<sos> li lascia entrare ! <eos>
e 'n d'ü cantunsì,e in un angolo,<sos> e 'n d'ü cantunsì <eos>,<sos> e in un angolo <eos>
cóme l'è stàdå — le dòpo óter,come è successo —,<sos> cóme l'è stàdå le dòpo óter <eos>,<sos> come è successo <eos>
e 'lura 'l he mèt idré a uśà 'hto prìncipe:,allora il principe si mette a gridare: »,<sos> e 'lura 'l he mèt idré a uśà 'hto prìncipe <eos>,<sos> allora il principe si mette a gridare <eos>
'l te aiderà a tènder i dói cavrine che 'm gh'à amó —,ti aiuterà a badare alle due caprette che abbiamo ancora —,<sos> 'l te aiderà a tènder i dói cavrine che 'm gh'à amó <eos>,<sos> ti aiuterà a badare alle due caprette che abbiamo ancora <eos>
i à fàc pastì e pastù,han fatto pastino e pastone,<sos> i à fàc pastì e pastù <eos>,<sos> han fatto pastino e pastone <eos>
e dòpo óter,e dopo altro,<sos> e dòpo óter <eos>,<sos> e dopo altro <eos>
per durmì,per addormentarsi,<sos> per durmì <eos>,<sos> per addormentarsi <eos>
al ma pica fò höl có!,mi picchia sulla testa!,<sos> al ma pica fò höl có ! <eos>,<sos> mi picchia sulla testa ! <eos>
he la gh'ès l'alògio,se ci desse alloggio —,<sos> he la gh'ès l'alògio <eos>,<sos> se ci desse alloggio <eos>
chèl che mé öe per dumà de matinå,quello che i voglio per domani mattina,<sos> chèl che mé öe per dumà de matinå <eos>,<sos> quello che i voglio per domani mattina <eos>
ma adès èh,adesso,<sos> ma adès èh <eos>,<sos> adesso <eos>
lü 'l gh'à dìt:,il re ha detto:,<sos> lü 'l gh'à dìt <eos>,<sos> il re ha detto <eos>
e dàgå ünå grànt ośgürlìdå,e dalle un grande scossone,<sos> e dàgå ünå grànt ośgürlìdå <eos>,<sos> e dalle un grande scossone <eos>
al gh'à dìt de hé,gli ha detto di sì,<sos> al gh'à dìt de hé <eos>,<sos> gli ha detto di sì <eos>
e lü pròpe 'l rè,e il re,<sos> e lü pròpe 'l rè <eos>,<sos> e il re <eos>
e lü 'l gh'è restàt gió de per lü,lui è rimasto laggiù da solo,<sos> e lü 'l gh'è restàt gió de per lü <eos>,<sos> lui è rimasto laggiù da solo <eos>
'l gh'à dervìt la bórsa,gli ha aperto la borsa,<sos> 'l gh'à dervìt la bórsa <eos>,<sos> gli ha aperto la borsa <eos>
vé a rìa del màr che òi parlàt —,vieni a riva del mare che voglio parlarti —,<sos> vé a rìa del màr che òi parlàt <eos>,<sos> vieni a riva del mare che voglio parlarti <eos>
'l gh'à dàt i sólc,gli ha dato i soldi,<sos> 'l gh'à dàt i sólc <eos>,<sos> gli ha dato i soldi <eos>
'l l'à lagàt endà,l'ha lasciato andare,<sos> 'l l'à lagàt endà <eos>,<sos> l'ha lasciato andare <eos>
— él chè che me màncå?,— che cosa ci manca?,<sos> él chè che me màncå ? <eos>,<sos> che cosa ci manca ? <eos>
e diga 'ssé che mé,a dirgli che io,<sos> e diga 'ssé che mé <eos>,<sos> a dirgli che io <eos>
'l gi à dìt: — sito! perchè he nò,"— zitto, altrimenti",<sos> 'l gi à dìt sito ! perchè he nò <eos>,"<sos> zitto , altrimenti <eos>"
he óter gh'ì negót de fa,se voi non avete niente da fare,<sos> he óter gh'ì negót de fa <eos>,<sos> se voi non avete niente da fare <eos>
e ède chi che i érå pò,per vedere chi fosse,<sos> e ède chi che i érå pò <eos>,<sos> per vedere chi fosse <eos>
"— che adèh ål ghe n'è piö, ma gliùrå 'l gh'érå —","— adesso non c'è più, ma allora c'era —","<sos> che adèh ål ghe n'è piö , ma gliùrå 'l gh'érå <eos>","<sos> adesso non c'è più , ma allora c'era <eos>"
e lü 'l fà èh:,e pensa:,<sos> e lü 'l fà èh <eos>,<sos> e pensa <eos>
anse m'è östo 'nàt vià 'sta matina chèl che gh'ìe ché — 'l dìh —,anzi mi è appena andato via stamattina quello che avevo prima,<sos> anse m'è östo 'nàt vià 'sta matina chèl che gh'ìe ché 'l dìh <eos>,<sos> anzi mi è appena andato via stamattina quello che avevo prima <eos>
l'è 'ndàdå dóla sò strégå amò,è andata ancora dalla strega,<sos> l'è 'ndàdå dóla sò strégå amò <eos>,<sos> è andata ancora dalla strega <eos>
de quàch bande,da qualche parte —,<sos> de quàch bande <eos>,<sos> da qualche parte <eos>
per ciapà anóma ergót de mangià,per prendere almeno qualcosa da mangiare,<sos> per ciapà anóma ergót de mangià <eos>,<sos> per prendere almeno qualcosa da mangiare <eos>
e sónch,aveva sonno,<sos> e sónch <eos>,<sos> aveva sonno <eos>
Barba-di-tórdo rè?,Barba-di-tordo re? —,<sos> barba-di-tórdo rè ? <eos>,<sos> barba-di-tordo re ? <eos>
e 'l prìncipe 'l dìh: — hó bù a' mé — 'l dìh — cóla mé hpada,il principe dice: — sono capace anch'io con la mia spada,<sos> e 'l prìncipe 'l dìh hó bù a' mé 'l dìh cóla mé hpada <eos>,<sos> il principe dice sono capace anch'io con la mia spada <eos>
ol rè,il re,<sos> ol rè <eos>,<sos> il re <eos>
l'à ciapàt 'esto hachèl de faśöi,ha preso il sacchetto di fagioli,<sos> l'à ciapàt 'esto hachèl de faśöi <eos>,<sos> ha preso il sacchetto di fagioli <eos>
'l vèt che töt ol paìh l'è töt ö subuglio,vede che tutto il paese è in subbuglio,<sos> 'l vèt che töt ol paìh l'è töt ö subuglio <eos>,<sos> vede che tutto il paese è in subbuglio <eos>
e pà è partìc de tütå cùrså,poi sono scappati di tutta corsa,<sos> e pà è partìc de tütå cùrså <eos>,<sos> poi sono scappati di tutta corsa <eos>
ol fiöm al ha calma,il fiume si calma,<sos> ol fiöm al ha calma <eos>,<sos> il fiume si calma <eos>
lé la s'è metìdå 'n piànti,lei è scoppiata in lacrime,<sos> lé la s'è metìdå 'n piànti <eos>,<sos> lei è scoppiata in lacrime <eos>
e quater,e quattro,<sos> e quater <eos>,<sos> e quattro <eos>
gliùra lùr del dé i gira d'öna banda e l'ótra,allora loro hanno girato da una parte e dall'altra,<sos> gliùra lùr del dé i gira d'öna banda e l'ótra <eos>,<sos> allora loro hanno girato da una parte e dall'altra <eos>
i s'è metìc a fà ünå lòtta,si sono messi a fare lotta,<sos> i s'è metìc a fà ünå lòtta <eos>,<sos> si sono messi a fare lotta <eos>
al ga dìs:,dice al famiglio:,<sos> al ga dìs <eos>,<sos> dice al famiglio <eos>
ala prìmå ultà-då,alla prima curva,<sos> ala prìmå ultà-då <eos>,<sos> alla prima curva <eos>
de ché,di qua,<sos> de ché <eos>,<sos> di qua <eos>
pò l'è 'ndàt a l'albèrgo,è andato all'albergo,<sos> pò l'è 'ndàt a l'albèrgo <eos>,<sos> è andato all'albergo <eos>
l'è ri-àt el Dès la hérå,di sera è giunto al Dezzo,<sos> l'è ri-àt el dès la hérå <eos>,<sos> di sera è giunto al dezzo <eos>
alura 'l vèch lé,poi ha visto la ruota,<sos> alura 'l vèch lé <eos>,<sos> poi ha visto la ruota <eos>
— ah nò èh!,— ah no,<sos> ah nò èh ! <eos>,<sos> ah no <eos>
che 'ssè 'l ghe farà cumpagnìå —,così gli farà compagnia —,<sos> che 'ssè 'l ghe farà cumpagnìå <eos>,<sos> così gli farà compagnia <eos>
ma che malàdå poarìnå!,poverina!,<sos> ma che malàdå poarìnå ! <eos>,<sos> poverina ! <eos>
ga 'é hét amò,gli viene ancora sete,<sos> ga 'é hét amò <eos>,<sos> gli viene ancora sete <eos>
ål pöl sücéde che 'l ghe manche magare anómå,può darsi che gli manchi,<sos> ål pöl sücéde che 'l ghe manche magare anómå <eos>,<sos> può darsi che gli manchi <eos>
e té gàl a hö 'n héma la piànta,e tu gallo vai in cima alla pianta,<sos> e té gàl a hö 'n héma la piànta <eos>,<sos> e tu gallo vai in cima alla pianta <eos>
gh'ó héh ih-cèc — al dìh —,ho sei figli,<sos> gh'ó héh ih-cèc al dìh <eos>,<sos> ho sei figli <eos>
ön omasì,un ometto,<sos> ön omasì <eos>,<sos> un ometto <eos>
e lé la mangià-a,e lei mangiava,<sos> e lé la mangià-a <eos>,<sos> e lei mangiava <eos>
e 'l pàhå jó al Dès,arriva al Dezzo,<sos> e 'l pàhå jó al dès <eos>,<sos> arriva al dezzo <eos>
em füc pò perché,scappiamo,<sos> em füc pò perché <eos>,<sos> scappiamo <eos>
a 'nà 'n paìs,va in paese,<sos> a 'nà 'n paìs <eos>,<sos> va in paese <eos>
e i è 'ndàc,e sono andati,<sos> e i è 'ndàc <eos>,<sos> e sono andati <eos>
dòpo t'ediré mò he 'l ri-arà jó a' ünå pórtå höla cràpà,vedrai che se arriva una porta sulla testa,<sos> dòpo t'ediré mò he 'l ri-arà jó a' ünå pórtå höla cràpà <eos>,<sos> vedrai che se arriva una porta sulla testa <eos>
e hóta 'l bròh gh'éra hóta i ache èh,trainato dalle mucche,<sos> e hóta 'l bròh gh'éra hóta i ache èh <eos>,<sos> trainato dalle mucche <eos>
madóna he l'éra contéta!,com'era contenta!,<sos> madóna he l'éra contéta ! <eos>,<sos> com'era contenta ! <eos>
— che dàn che l'à dàc!,— che danno ha causato!,<sos> che dàn che l'à dàc ! <eos>,<sos> che danno ha causato ! <eos>
al ge diśéa:,le ha detto:,<sos> al ge diśéa <eos>,<sos> le ha detto <eos>
"'dóm, 'gnì tüc e ède!",venite tutti a vedere!,"<sos> 'dóm , 'gnì tüc e ède ! <eos>",<sos> venite tutti a vedere ! <eos>
anse l'ìa aumentàt anche i clièn' ca 'l gh'ìa,anzi erano aumentati anche i clienti,<sos> anse l'ìa aumentàt anche i clièn' ca 'l gh'ìa <eos>,<sos> anzi erano aumentati anche i clienti <eos>
e che canti che la fà-å,come cantava,<sos> e che canti che la fà-å <eos>,<sos> come cantava <eos>
e quindi fà miga...,e quindi non fare...,<sos> e quindi fà miga . . . <eos>,<sos> e quindi non fare . . . <eos>
tot en deśùrden,tutto in disordine,<sos> tot en deśùrden <eos>,<sos> tutto in disordine <eos>
pòta ma,ma,<sos> pòta ma <eos>,<sos> ma <eos>
— ma lü 'l s'è mìå mu-ìt de ché èh,— lui non s'è mosso di qui,<sos> ma lü 'l s'è mìå mu-ìt de ché èh <eos>,<sos> lui non s'è mosso di qui <eos>
'ta 'l l'à óbligàt,l'ha obbligato,<sos> 'ta 'l l'à óbligàt <eos>,<sos> l'ha obbligato <eos>
cośì piéno di frutta e di vite? —,così pieno di frutta e di vite? —,<sos> cośì piéno di frutta e di vite ? <eos>,<sos> così pieno di frutta e di vite ? <eos>
— nò nò — l'à dìt — fói che mé dòpo he te hé ü herpént?,"— no, cosa faccio io se diventi un serpente?",<sos> nò nò l'à dìt fói che mé dòpo he te hé ü herpént ? <eos>,"<sos> no , cosa faccio io se diventi un serpente ? <eos>"
i la cahà-a vìa töc e l'éra négher de fàm,tutti lo cacciavano via ed era nero di fame,<sos> i la cahà-a vìa töc e l'éra négher de fàm <eos>,<sos> tutti lo cacciavano via ed era nero di fame <eos>
metì apòst a durmì chèla śét ché,a preparare da dormire per questa gente,<sos> metì apòst a durmì chèla śét ché <eos>,<sos> a preparare da dormire per questa gente <eos>
hó a' ché a laorà mé,sono qui a lavorare,<sos> hó a' ché a laorà mé <eos>,<sos> sono qui a lavorare <eos>
e chi che 'l ge tucà-å,finché una volta è toccato alla volpe,<sos> e chi che 'l ge tucà-å <eos>,<sos> finché una volta è toccato alla volpe <eos>
pò la 'à d'dét,entra,<sos> pò la 'à d'dét <eos>,<sos> entra <eos>
e 'l ghe tócå pròpe chèla séra lé,e proprio quella sera tacca,<sos> e 'l ghe tócå pròpe chèla séra lé <eos>,<sos> e proprio quella sera tacca <eos>
al bu-ìa hö i piòch,i sassi,<sos> al bu-ìa hö i piòch <eos>,<sos> i sassi <eos>
ségn che só mórt,è segno che sono morto,<sos> ségn che só mórt <eos>,<sos> è segno che sono morto <eos>
óltelå,voltala,<sos> óltelå <eos>,<sos> voltala <eos>
e hö e śó per la vià lónga,e su e giù per una strada lunga,<sos> e hö e śó per la vià lónga <eos>,<sos> e su e giù per una strada lunga <eos>
— 'l fà-a per faga i próe 'l Signùr —,— il Signore faceva per metterlo alla prova —,<sos> 'l fà-a per faga i próe 'l signùr <eos>,<sos> il signore faceva per metterlo alla prova <eos>
e 'l fà:,che canta:,<sos> e 'l fà <eos>,<sos> che canta <eos>
e 'l vuléå spuśàlå,voleva sposarla,<sos> e 'l vuléå spuśàlå <eos>,<sos> voleva sposarla <eos>
perchè ada — la dìs — che mé,perché guarda che io,<sos> perchè ada la dìs che mé <eos>,<sos> perché guarda che io <eos>
— aśnì,— asinello,<sos> aśnì <eos>,<sos> asinello <eos>
O servo mio tu in bocca mi tien,— o servo mio tu in bocca mi tien,<sos> o servo mio tu in bocca mi tien <eos>,<sos> o servo mio tu in bocca mi tien <eos>
gh'è 'gnìt fò üna fiàmå de föch,è uscita una fiamma,<sos> gh'è 'gnìt fò üna fiàmå de föch <eos>,<sos> è uscita una fiamma <eos>
l'à piö crumpàt ni-ént,non hanno comperato più niente,<sos> l'à piö crumpàt ni-ént <eos>,<sos> non hanno comperato più niente <eos>
töc i ne parlà-a che gh'éra ö pehì fatàt d'arśènt,tutti dicevano che c'era un pesciolino d'argento fatato,<sos> töc i ne parlà-a che gh'éra ö pehì fatàt d'arśènt <eos>,<sos> tutti dicevano che c'era un pesciolino d'argento fatato <eos>
— ma séf dré a fà chè pò óter?,— ma cosa state facendo?,<sos> ma séf dré a fà chè pò óter ? <eos>,<sos> ma cosa state facendo ? <eos>
è 'ndàt tüc a ède,tutti andavano a vederlo,<sos> è 'ndàt tüc a ède <eos>,<sos> tutti andavano a vederlo <eos>
sa l'è pusìbel ca 'l guarise,è proprio impossibile,<sos> sa l'è pusìbel ca 'l guarise <eos>,<sos> è proprio impossibile <eos>
de lana de pégorà,di lana di pecora,<sos> de lana de pégorà <eos>,<sos> di lana di pecora <eos>
"— pehì, bèl pehì","— pesciolino, bel pesciolino","<sos> pehì , bèl pehì <eos>","<sos> pesciolino , bel pesciolino <eos>"
e 'sta nòt,e questa notte,<sos> e 'sta nòt <eos>,<sos> e questa notte <eos>
fina che lé la s'è tru-àdå quàśe 'mbruiàdå,finché lei si è trovata imbrogliata,<sos> fina che lé la s'è tru-àdå quàśe 'mbruiàdå <eos>,<sos> finché lei si è trovata imbrogliata <eos>
'l gh'éå pròpe l'ór dol Paradìs,c'era proprio l'oro del paradiso in quella tabacchiera,<sos> 'l gh'éå pròpe l'ór dol paradìs <eos>,<sos> c'era proprio l'oro del paradiso in quella tabacchiera <eos>
anche lé contéta,ed anche lei,<sos> anche lé contéta <eos>,<sos> ed anche lei <eos>
e cóla pansa i protegìa 'm pó la bóca,e la pancia proteggevano un po' la bocca,<sos> e cóla pansa i protegìa 'm pó la bóca <eos>,<sos> e la pancia proteggevano un po' la bocca <eos>
adès urmài l'è 'ssè,ormai è così,<sos> adès urmài l'è 'ssè <eos>,<sos> ormai è così <eos>
« adès l'è quaśe séra »,« adesso è quasi sera »,<sos> adès l'è quaśe séra <eos>,<sos> adesso è quasi sera <eos>
tütå mortificàdå!,tutta mortificata!,<sos> tütå mortificàdå ! <eos>,<sos> tutta mortificata ! <eos>
gh'è ri-àt töta la śét de 'sto paìh,è arrivata tutta la gente del paese,<sos> gh'è ri-àt töta la śét de 'sto paìh <eos>,<sos> è arrivata tutta la gente del paese <eos>
l'ìa fàt so 'l riśòt,aveva cucinato il risotto,<sos> l'ìa fàt so 'l riśòt <eos>,<sos> aveva cucinato il risotto <eos>
tirarì pò sö óter! —,li tirerete su voi! —,<sos> tirarì pò sö óter ! <eos>,<sos> li tirerete su voi ! <eos>
'a chi dol paìs,la gente del paese,<sos> 'a chi dol paìs <eos>,<sos> la gente del paese <eos>
e 'l ga dìh èh:,e dice loro:,<sos> e 'l ga dìh èh <eos>,<sos> e dice loro <eos>
— ederì — 'l dìh,— vedrete!,<sos> ederì 'l dìh <eos>,<sos> vedrete ! <eos>
l'à dumandàt alòśgio per lü e per i sö cà,ed ha chiesto alloggio per lui e per i cani,<sos> l'à dumandàt alòśgio per lü e per i sö cà <eos>,<sos> ed ha chiesto alloggio per lui e per i cani <eos>
e ö pà,o un pane da mangiare me li daranno tutti,<sos> e ö pà <eos>,<sos> o un pane da mangiare me li daranno tutti <eos>
dàmola! —,dammela! —,<sos> dàmola ! <eos>,<sos> dammela ! <eos>
chèstå l'è la clòhå cói pu-ì d'ór! —,questa è la chioccia coi pulcini d'oro! —,<sos> chèstå l'è la clòhå cói pu-ì d'ór ! <eos>,<sos> questa è la chioccia coi pulcini d'oro ! <eos>
quàndo té te ga ri-eré,quando riuscirai,<sos> quàndo té te ga ri-eré <eos>,<sos> quando riuscirai <eos>
e lü 'l gh'à dìt:,e lui ha detto:,<sos> e lü 'l gh'à dìt <eos>,<sos> e lui ha detto <eos>
ma nigü i sa,ma nessuno sa,<sos> ma nigü i sa <eos>,<sos> ma nessuno sa <eos>
pòtå,così,<sos> pòtå <eos>,<sos> così <eos>
e 'l hà regordà-a piö,ma non si ricordava più la formula,<sos> e 'l hà regordà-a piö <eos>,<sos> ma non si ricordava più la formula <eos>
'ndo che la fà per trò 'sto gabüs,quando sta per prendere il cavolo,<sos> 'ndo che la fà per trò 'sto gabüs <eos>,<sos> quando sta per prendere il cavolo <eos>
e lé l'è hö ala finèstra,sua moglie era alla finestra,<sos> e lé l'è hö ala finèstra <eos>,<sos> sua moglie era alla finestra <eos>
chèl vècio 'l la ciàma,il vecchio la chiama,<sos> chèl vècio 'l la ciàma <eos>,<sos> il vecchio la chiama <eos>
l'è 'ndàt sö püs al córo,dietro il coro,<sos> l'è 'ndàt sö püs al córo <eos>,<sos> dietro il coro <eos>
lü 'l gh'éå de 'ndà e laurà,lui doveva andare a lavorare,<sos> lü 'l gh'éå de 'ndà e laurà <eos>,<sos> lui doveva andare a lavorare <eos>
— ma,— ma,<sos> ma <eos>,<sos> ma <eos>
he te hté mìa trìch,altrimenti,<sos> he te hté mìa trìch <eos>,<sos> altrimenti <eos>
mé crède de iga fàt ni-ènt... —,credo di non avergli fatto niente... —,<sos> mé crède de iga fàt ni-ènt . . . <eos>,<sos> credo di non avergli fatto niente . . . <eos>
té t'é perdìt i diriti perchè t'é lahàt pahà la meśanòt,tu hai perso ogni diritto perché hai lasciato passare la mezzanotte,<sos> té t'é perdìt i diriti perchè t'é lahàt pahà la meśanòt <eos>,<sos> tu hai perso ogni diritto perché hai lasciato passare la mezzanotte <eos>
la matìnå quàndo l'è spuntàt ol sùl,quando è spuntato il sole,<sos> la matìnå quàndo l'è spuntàt ol sùl <eos>,<sos> quando è spuntato il sole <eos>
pò i l'à metìt in preśù,l'hanno messo in prigione,<sos> pò i l'à metìt in preśù <eos>,<sos> l'hanno messo in prigione <eos>
e lé,e lei,<sos> e lé <eos>,<sos> e lei <eos>
l'à dìt: « bé,e ha pensato:,<sos> l'à dìt bé <eos>,<sos> e ha pensato <eos>
tö hö la barca,prendi la barca,<sos> tö hö la barca <eos>,<sos> prendi la barca <eos>
menemà i 'ncuntra,a un certo punto incontrano,<sos> menemà i 'ncuntra <eos>,<sos> a un certo punto incontrano <eos>
pòtå lé dòpo l'à mangiàt,lei ha mangiato,<sos> pòtå lé dòpo l'à mangiàt <eos>,<sos> lei ha mangiato <eos>
l'à mài mangiàt,non ha mai mangiato,<sos> l'à mài mangiàt <eos>,<sos> non ha mai mangiato <eos>
l'à metìt gió chèl'ótra surèlå,vi ha messo l'altra sorella,<sos> l'à metìt gió chèl'ótra surèlå <eos>,<sos> vi ha messo l'altra sorella <eos>
l'à decidìt: « adès 'nó a cà,ha deciso: « adesso torno a casa,<sos> l'à decidìt adès 'nó a cà <eos>,<sos> ha deciso adesso torno a casa <eos>
lù i à scenàt bén pulito,hanno cenato,<sos> lù i à scenàt bén pulito <eos>,<sos> hanno cenato <eos>
de untà,per ungere,<sos> de untà <eos>,<sos> per ungere <eos>
— beh alura,— beh allora,<sos> beh alura <eos>,<sos> beh allora <eos>
— se èntro tace dé,— se entro,<sos> se èntro tace dé <eos>,<sos> se entro <eos>
e lé la ga dìs:,lei risponde:,<sos> e lé la ga dìs <eos>,<sos> lei risponde <eos>
dòpo de 'm pó,dopo un po',<sos> dòpo de 'm pó <eos>,<sos> dopo un po' <eos>
e lü 'l gh'à dìt: — qualunque sacrifise,qualunque sacrificio,<sos> e lü 'l gh'à dìt qualunque sacrifise <eos>,<sos> qualunque sacrificio <eos>
béh,beh,<sos> béh <eos>,<sos> beh <eos>
perchè l'érå fósch... —,perché era buio —,<sos> perchè l'érå fósch . . . <eos>,<sos> perché era buio <eos>
e 'gnì 'n gió,a venire giù,<sos> e 'gnì 'n gió <eos>,<sos> a venire giù <eos>
trèi lanterne,tre lanterne,<sos> trèi lanterne <eos>,<sos> tre lanterne <eos>
prehapóch,quando all'incirca,<sos> prehapóch <eos>,<sos> quando all'incirca <eos>
inteligènte,intelligente,<sos> inteligènte <eos>,<sos> intelligente <eos>
pu-arètå ca la gh'éå nénte,"tanto povera, che non aveva niente",<sos> pu-arètå ca la gh'éå nénte <eos>,"<sos> tanto povera , che non aveva niente <eos>"
e gh'è ri-àt l'ùrden che 'l bastimènt,è arrivata la notizia che il bastimento,<sos> e gh'è ri-àt l'ùrden che 'l bastimènt <eos>,<sos> è arrivata la notizia che il bastimento <eos>
ål sét di fracàs che i vé 'n gió hö dré li scale,sente un fracasso giù per le scale,<sos> ål sét di fracàs che i vé 'n gió hö dré li scale <eos>,<sos> sente un fracasso giù per le scale <eos>
ali ündes,alle undici,<sos> ali ündes <eos>,<sos> alle undici <eos>
l'è là 'n giö cantù,lei è in un angolo,<sos> l'è là 'n giö cantù <eos>,<sos> lei è in un angolo <eos>
e lücià e lücià:,piange e piange:,<sos> e lücià e lücià <eos>,<sos> piange e piange <eos>
'n pó de teràgliå 'n punì bèlå,un po' di bella terraglia,<sos> 'n pó de teràgliå 'n punì bèlå <eos>,<sos> un po' di bella terraglia <eos>
i camìnå,camminano,<sos> i camìnå <eos>,<sos> camminano <eos>
l'è 'gnida śó,è scesa,<sos> l'è 'gnida śó <eos>,<sos> è scesa <eos>
i è ri-àc al fósch,quelli erano venuti al buio,<sos> i è ri-àc al fósch <eos>,<sos> quelli erano venuti al buio <eos>
'l ga dìh: — Piéro,il Signore gli dice: — Pietro,<sos> 'l ga dìh piéro <eos>,<sos> il signore gli dice pietro <eos>
e i finirà gna' dumà,non finiranno neanche domani,<sos> e i finirà gna' dumà <eos>,<sos> non finiranno neanche domani <eos>
'l m'à purtàt già la galìnå che fà i öf d'ór,ha rubato la gallina che fa le uova d'oro,<sos> 'l m'à purtàt già la galìnå che fà i öf d'ór <eos>,<sos> ha rubato la gallina che fa le uova d'oro <eos>
e che l'è hégn che l'érå 'gnìdå per fà,che certo era venuto per fare,<sos> e che l'è hégn che l'érå 'gnìdå per fà <eos>,<sos> che certo era venuto per fare <eos>
la l'éå 'mbruiàt,l'aveva imbrogliato,<sos> la l'éå 'mbruiàt <eos>,<sos> l'aveva imbrogliato <eos>
tö hö che sta,prendila,<sos> tö hö che sta <eos>,<sos> prendila <eos>
— nóter am ta hpèta ché,— noi ti aspettiamo qui,<sos> nóter am ta hpèta ché <eos>,<sos> noi ti aspettiamo qui <eos>
e lü 'l fà: « chèhto che l'è màt! — al dìh —,lui si dice: « questo è matto!,<sos> e lü 'l fà chèhto che l'è màt ! al dìh <eos>,<sos> lui si dice questo è matto ! <eos>
— te 'ndé,— vai,<sos> te 'ndé <eos>,<sos> vai <eos>
e la stòria l'è finida,e la storia è finita,<sos> e la stòria l'è finida <eos>,<sos> e la storia è finita <eos>
chèl śùen a li a tegnìa,il giovane li teneva in braccio,<sos> chèl śùen a li a tegnìa <eos>,<sos> il giovane li teneva in braccio <eos>
— ma 'nsóma,— insomma,<sos> ma 'nsóma <eos>,<sos> insomma <eos>
pòtå lü 'l gh'à rumpìt tüt,quello le ha rotto tutto,<sos> pòtå lü 'l gh'à rumpìt tüt <eos>,<sos> quello le ha rotto tutto <eos>
tüt on d'ü cólpo la l'à ìst:,d'un tratto lei l'ha visto,<sos> tüt on d'ü cólpo la l'à ìst <eos>,<sos> d'un tratto lei l'ha visto <eos>
e che dopo,poi,<sos> e che dopo <eos>,<sos> poi <eos>
de ché a öna meś'urèta,fra una mezz'oretta,<sos> de ché a öna meś'urèta <eos>,<sos> fra una mezz'oretta <eos>
e 'sti lader i dìs: — ma a',i ladri dicono:,<sos> e 'sti lader i dìs ma a' <eos>,<sos> i ladri dicono <eos>
alura,allora,<sos> alura <eos>,<sos> allora <eos>
— mah! —,— mah! —,<sos> mah ! <eos>,<sos> mah ! <eos>
e và bé,e va bene,<sos> e và bé <eos>,<sos> e va bene <eos>
perchè i mör la nòt dola pùrå —,perché muoiono di notte dalla paura —,<sos> perchè i mör la nòt dola pùrå <eos>,<sos> perché muoiono di notte dalla paura <eos>
però óter he ga ri-ì a halvàm,ma se riuscirete a salvarmi,<sos> però óter he ga ri-ì a halvàm <eos>,<sos> ma se riuscirete a salvarmi <eos>
perchè i continuarà amò per chisà quàt ol tép,perché continueranno ancora per chissà quanto tempo,<sos> perchè i continuarà amò per chisà quàt ol tép <eos>,<sos> perché continueranno ancora per chissà quanto tempo <eos>
la pìcå,bussa,<sos> la pìcå <eos>,<sos> bussa <eos>
füdéhelå ìå!,fosse viva!,<sos> füdéhelå ìå ! <eos>,<sos> fosse viva ! <eos>
piénå de respèt,piena di rispetto,<sos> piénå de respèt <eos>,<sos> piena di rispetto <eos>
chèl piö ansiàno:,quello più anziano,<sos> chèl piö ansiàno <eos>,<sos> quello più anziano <eos>
"vestére, 'l gh'érå déter ol prìncipe","l'armadio, c'era dentro il principe","<sos> vestére , 'l gh'érå déter ol prìncipe <eos>","<sos> l'armadio , c'era dentro il principe <eos>"
u mìå? —,o no?,<sos> u mìå ? <eos>,<sos> o no ? <eos>
vé a rìa del màr che ói parlàt —,vieni a riva del mare che voglio parlarti —,<sos> vé a rìa del màr che ói parlàt <eos>,<sos> vieni a riva del mare che voglio parlarti <eos>
"fala 'gnì sö a che da nù, ca 'm gh'à che a' nù","falla venire anche da noi, abbiamo","<sos> fala 'gnì sö a che da nù , ca 'm gh'à che a' nù <eos>","<sos> falla venire anche da noi , abbiamo <eos>"
— madóna 'do 'm hè 'gnìc a fenì!,"— madonna, dove siamo finiti!",<sos> madóna 'do 'm hè 'gnìc a fenì ! <eos>,"<sos> madonna , dove siamo finiti ! <eos>"
mè che laùre amò — 'l dìh,devo lavorare ancora,<sos> mè che laùre amò 'l dìh <eos>,<sos> devo lavorare ancora <eos>
a ardà,e cerca,<sos> a ardà <eos>,<sos> e cerca <eos>
e 'l Giuanì l'è restàt igliò,e Giovannino è rimasto,<sos> e 'l giuanì l'è restàt igliò <eos>,<sos> e giovannino è rimasto <eos>
śgürlìselå bé,scuotila per bene,<sos> śgürlìselå bé <eos>,<sos> scuotila per bene <eos>
ó dìt che dòpo la meśanòt,ho detto che dopo la mezzanotte,<sos> ó dìt che dòpo la meśanòt <eos>,<sos> ho detto che dopo la mezzanotte <eos>
l'à töt sö la hò galìnå,ha preso la gallina,<sos> l'à töt sö la hò galìnå <eos>,<sos> ha preso la gallina <eos>
e lé l'à èst,e Rosalba ha visto,<sos> e lé l'à èst <eos>,<sos> e rosalba ha visto <eos>
l'è 'l mé s-cetì,è mio figlio,<sos> l'è 'l mé s-cetì <eos>,<sos> è mio figlio <eos>
e la gh'à dàt de mangià,gli ha dato da mangiare,<sos> e la gh'à dàt de mangià <eos>,<sos> gli ha dato da mangiare <eos>
de jü 'l ne 'gnìeh fò hénto!,da uno ne escano cento!,<sos> de jü 'l ne 'gnìeh fò hénto ! <eos>,<sos> da uno ne escano cento ! <eos>
éi pò negàc,annegati,<sos> éi pò negàc <eos>,<sos> annegati <eos>
che lü 'l gh'à dàt la càvrå,che lui gli ha dato la capra,<sos> che lü 'l gh'à dàt la càvrå <eos>,<sos> che lui gli ha dato la capra <eos>
edès te hé 'gnìt tè,adesso sei venuto tu,<sos> edès te hé 'gnìt tè <eos>,<sos> adesso sei venuto tu <eos>
grànt,grande,<sos> grànt <eos>,<sos> grande <eos>
igliùra 'sta fómna la ga dìh:,allora quella donna dice:,<sos> igliùra 'sta fómna la ga dìh <eos>,<sos> allora quella donna dice <eos>
l'è andàt a cà,a casa,<sos> l'è andàt a cà <eos>,<sos> a casa <eos>
— pòtå cóme mài,— pota come mai,<sos> pòtå cóme mài <eos>,<sos> pota come mai <eos>
e 'l dìh: — éh pòta ma mé — 'l dìh — hó famàt,— ma io sono affamate,<sos> e 'l dìh éh pòta ma mé 'l dìh hó famàt <eos>,<sos> ma io sono affamate <eos>
e chèl fiöl e chèla fiöla gliò,e quelli,<sos> e chèl fiöl e chèla fiöla gliò <eos>,<sos> e quelli <eos>
"i camìnå, i camìnå, i camìnå",camminano e camminano,"<sos> i camìnå , i camìnå , i camìnå <eos>",<sos> camminano e camminano <eos>
ma tanto bèlli,ma tanto belli,<sos> ma tanto bèlli <eos>,<sos> ma tanto belli <eos>
l'è 'ndàt gió col padrù:,è tornato dal padrone:,<sos> l'è 'ndàt gió col padrù <eos>,<sos> è tornato dal padrone <eos>
he té le hé dispòsta,se sei disposta,<sos> he té le hé dispòsta <eos>,<sos> se sei disposta <eos>
ciapé chèlå tùśå ca la m'à purtàt già,prendetela perché mi ha portato via,<sos> ciapé chèlå tùśå ca la m'à purtàt già <eos>,<sos> prendetela perché mi ha portato via <eos>
e lé la diśìa,e lei diceva,<sos> e lé la diśìa <eos>,<sos> e lei diceva <eos>
la séra,alla sera,<sos> la séra <eos>,<sos> alla sera <eos>
— 'é pò e cà,— vieni a casa,<sos> 'é pò e cà <eos>,<sos> vieni a casa <eos>
— 'l gh'à dìt ala hò horèlå —,— questa volta non me la fai,<sos> 'l gh'à dìt ala hò horèlå <eos>,<sos> questa volta non me la fai <eos>
"l'espuśet untérå, te pö 'ndà",lo sposi volentieri puoi andare,"<sos> l'espuśet untérå , te pö 'ndà <eos>",<sos> lo sposi volentieri puoi andare <eos>
am pò de àiguå — 'l dìs — te 'ś làet gió 'l sànch,con un po' di acqua il sangue va via,<sos> am pò de àiguå 'l dìs te 'ś làet gió 'l sànch <eos>,<sos> con un po' di acqua il sangue va via <eos>
— ah nò èh!,— ah no!,<sos> ah nò èh ! <eos>,<sos> ah no ! <eos>
'na fèta de polènta i mo la dà töi de mangià,una fetta di polenta,<sos> 'na fèta de polènta i mo la dà töi de mangià <eos>,<sos> una fetta di polenta <eos>
per em pó tànt,per un po' di tempo,<sos> per em pó tànt <eos>,<sos> per un po' di tempo <eos>
— fét chè?,— cosa fai?,<sos> fét chè ? <eos>,<sos> cosa fai ? <eos>
a l'è 'gnìt a hém,è venuto a galla il bel pesciolino,<sos> a l'è 'gnìt a hém <eos>,<sos> è venuto a galla il bel pesciolino <eos>
ö gàl,un gallo,<sos> ö gàl <eos>,<sos> un gallo <eos>
dòpo de ö momènt,dopo un po',<sos> dòpo de ö momènt <eos>,<sos> dopo un po' <eos>
fina che 'n quàch bande,finché da qualche parte,<sos> fina che 'n quàch bande <eos>,<sos> finché da qualche parte <eos>
giü,uno,<sos> giü <eos>,<sos> uno <eos>
"eéh, ciào!",eh ciao!,"<sos> eéh , ciào ! <eos>",<sos> eh ciao ! <eos>
öna caròha,una carrozza,<sos> öna caròha <eos>,<sos> una carrozza <eos>
spetà,aspettare,<sos> spetà <eos>,<sos> aspettare <eos>
e pò l'à pientàt sö e giardiniér,e poi ha voluto giardinieri,<sos> e pò l'à pientàt sö e giardiniér <eos>,<sos> e poi ha voluto giardinieri <eos>
che del dé l'èra ü sàt,di giorno era un rospo,<sos> che del dé l'èra ü sàt <eos>,<sos> di giorno era un rospo <eos>
ol spuśalissio,lo sposalizio,<sos> ol spuśalissio <eos>,<sos> lo sposalizio <eos>
'ssè la purtà-å pò a cà alméno,in modo da portare a casa almeno,<sos> 'ssè la purtà-å pò a cà alméno <eos>,<sos> in modo da portare a casa almeno <eos>
li tuśe che cusìå hénså góśgiå,delle ragazze che cucivano senza ago,<sos> li tuśe che cusìå hénså góśgiå <eos>,<sos> delle ragazze che cucivano senza ago <eos>
n'ó ést tate e tate! —,ne ho viste tante e tante! —,<sos> n'ó ést tate e tate ! <eos>,<sos> ne ho viste tante e tante ! <eos>
e pò dopo l'éra hamada,era affamata,<sos> e pò dopo l'éra hamada <eos>,<sos> era affamata <eos>
ga digheró a mé pader che l'è piö egnìt a cà,dirò a mio padre che non è più tornato a casa,<sos> ga digheró a mé pader che l'è piö egnìt a cà <eos>,<sos> dirò a mio padre che non è più tornato a casa <eos>
e i uréå fàl balà,volevano farlo ballare,<sos> e i uréå fàl balà <eos>,<sos> volevano farlo ballare <eos>
e la fà e:,si dice:,<sos> e la fà e <eos>,<sos> si dice <eos>
và mìå! —,non andare! —,<sos> và mìå ! <eos>,<sos> non andare ! <eos>
só chèl che à rubàt 'ostå palassìnå ché,quello che ha rubato questo palazzo,<sos> só chèl che à rubàt 'ostå palassìnå ché <eos>,<sos> quello che ha rubato questo palazzo <eos>
al dìs: mète amò 'l curtèl on dol mür,e lui: — metto ancora il coltello nel muro,<sos> al dìs mète amò 'l curtèl on dol mür <eos>,<sos> e lui metto ancora il coltello nel muro <eos>
gliùrå 'sto ]uanì l'è 'ndàt sö e hervì la mèhå,così Giovannino è andato,<sos> gliùrå 'sto uanì l'è 'ndàt sö e hervì la mèhå <eos>,<sos> così giovannino è andato <eos>
e pò 'l l'à ciapada,poi l'ha presa,<sos> e pò 'l l'à ciapada <eos>,<sos> poi l'ha presa <eos>
de sunà l'Ave Marìå,di suonare l'Ave Maria,<sos> de sunà l'ave marìå <eos>,<sos> di suonare l'ave maria <eos>
— arda — la dìs —,— guarda — dice —,<sos> arda la dìs <eos>,<sos> guarda dice <eos>
la farà di óter cavrì,farà altri capretti,<sos> la farà di óter cavrì <eos>,<sos> farà altri capretti <eos>
al pàhå hö,si arrampica,<sos> al pàhå hö <eos>,<sos> si arrampica <eos>
guài a té se te póstet gió a devrila nèh!,— guai a te se l'appoggi in terra per aprirla!,<sos> guài a té se te póstet gió a devrila nèh ! <eos>,<sos> guai a te se l'appoggi in terra per aprirla ! <eos>
e la ha regordà-a piö dèi poarì,non si ricordava più dei poveri,<sos> e la ha regordà-a piö dèi poarì <eos>,<sos> non si ricordava più dei poveri <eos>
a fà mangià i behòc,a far mangiare le pecore,<sos> a fà mangià i behòc <eos>,<sos> a far mangiare le pecore <eos>
e chile lantèrne śg'è 'guide amò,quelle tre lanterne sono venute ancora,<sos> e chile lantèrne śg'è 'guide amò <eos>,<sos> quelle tre lanterne sono venute ancora <eos>
e mé dumà de matìnå,e per domani mattina,<sos> e mé dumà de matìnå <eos>,<sos> e per domani mattina <eos>
— brào 'ssè! —,— ma bravo! —,<sos> brào 'ssè ! <eos>,<sos> ma bravo ! <eos>
intequàter fundine,ventiquattro piatti fondi,<sos> intequàter fundine <eos>,<sos> ventiquattro piatti fondi <eos>
te me fé möre — l'à dìt — se te me tégnet ché amò,— mi fai morire se mi tieni ancora qui,<sos> te me fé möre l'à dìt se te me tégnet ché amò <eos>,<sos> mi fai morire se mi tieni ancora qui <eos>
dù,due,<sos> dù <eos>,<sos> due <eos>
giü l'ó dàt al gàt,uno l'ho dato al gatto,<sos> giü l'ó dàt al gàt <eos>,<sos> uno l'ho dato al gatto <eos>
töt espenàt,tutto spennacchiato,<sos> töt espenàt <eos>,<sos> tutto spennacchiato <eos>
ål gh'érå üna stréå,c'era una strega,<sos> ål gh'érå üna stréå <eos>,<sos> c'era una strega <eos>
e 'l ghe dìs,le dice,<sos> e 'l ghe dìs <eos>,<sos> le dice <eos>
che g'érà tré cà che à cupàt ol drago,che tre cani avevano ammazzato il drago,<sos> che g'érà tré cà che à cupàt ol drago <eos>,<sos> che tre cani avevano ammazzato il drago <eos>
ål me finirà — fé unå vólp,ci finirà tutti — una volpe,<sos> ål me finirà fé unå vólp <eos>,<sos> ci finirà tutti una volpe <eos>
ta rumpiré 'stà nùs chilò —,rompila —,<sos> ta rumpiré 'stà nùs chilò <eos>,<sos> rompila <eos>
i à mangiàt ergóta,hanno mangiato,<sos> i à mangiàt ergóta <eos>,<sos> hanno mangiato <eos>
pacìfich e tranquì-i,pacifici e tranquilli,<sos> pacìfich e tranquì-i <eos>,<sos> pacifici e tranquilli <eos>
perchè i parenti e tüc,i parenti e tutti gli altri,<sos> perchè i parenti e tüc <eos>,<sos> i parenti e tutti gli altri <eos>
rinforsà le pórte,rinforzare le porte,<sos> rinforsà le pórte <eos>,<sos> rinforzare le porte <eos>
— sé sé —,— sì —,<sos> sé sé <eos>,<sos> sì <eos>
só fiöl d'ü rè,figlio di un re,<sos> só fiöl d'ü rè <eos>,<sos> figlio di un re <eos>
« sto ché töta nòc,« starò tutta notte,<sos> sto ché töta nòc <eos>,<sos> starò tutta notte <eos>
cóme ünà preśù,come in una prigione,<sos> cóme ünà preśù <eos>,<sos> come in una prigione <eos>
quàndo che 'l rìa ala rìa,quando giunge a riva,<sos> quàndo che 'l rìa ala rìa <eos>,<sos> quando giunge a riva <eos>
"gna' chi che cantà-å, lü l'à tràt drìt","né chi cantava, ha tirato diritto","<sos> gna' chi che cantà-å , lü l'à tràt drìt <eos>","<sos> né chi cantava , ha tirato diritto <eos>"
— 'ndo sét ondàdå?,— dove sei andata?,<sos> 'ndo sét ondàdå ? <eos>,<sos> dove sei andata ? <eos>
ma tè,ma,<sos> ma tè <eos>,<sos> ma <eos>
adès de mangià,da mangiare,<sos> adès de mangià <eos>,<sos> da mangiare <eos>
pòtå,pota,<sos> pòtå <eos>,<sos> pota <eos>
e l'à vivìt bé,e ci stava bene,<sos> e l'à vivìt bé <eos>,<sos> e ci stava bene <eos>
ghe l' pòrte śó mé — 'l dìh —,io lo porterò,<sos> ghe l' pòrte śó mé 'l dìh <eos>,<sos> io lo porterò <eos>
e li se mèt amò,si mettono,<sos> e li se mèt amò <eos>,<sos> si mettono <eos>
— àrdå che mé 'l só mìå 'ndóe l'è 'l Rè-Serpènte,— vado in cerca del Re-Serpente,<sos> àrdå che mé 'l só mìå 'ndóe l'è 'l rè-serpènte <eos>,<sos> vado in cerca del re-serpente <eos>
lü apéna che 'l l'à està,appena lui l'ha vista,<sos> lü apéna che 'l l'à està <eos>,<sos> appena lui l'ha vista <eos>
— n'ó ahé de jü!,— ne ho abbastanza di uno!,<sos> n'ó ahé de jü ! <eos>,<sos> ne ho abbastanza di uno ! <eos>
"la gi cünta, è amó intequàter","le conta, sono ancora ventiquattro","<sos> la gi cünta , è amó intequàter <eos>","<sos> le conta , sono ancora ventiquattro <eos>"
i camìnå,e camminano,<sos> i camìnå <eos>,<sos> e camminano <eos>
al rìa miga,ma non arriva,<sos> al rìa miga <eos>,<sos> ma non arriva <eos>
— hté atènta fómna!,— attenta donna!,<sos> hté atènta fómna ! <eos>,<sos> attenta donna ! <eos>
per la pùrå che 'l ciapés 'esto tuśì,per paura che prendesse il bambino,<sos> per la pùrå che 'l ciapés 'esto tuśì <eos>,<sos> per paura che prendesse il bambino <eos>
l'à capìt sübit che l'érå 'n pó bambo,ha capito subito che era un allocco,<sos> l'à capìt sübit che l'érå 'n pó bambo <eos>,<sos> ha capito subito che era un allocco <eos>
« Paulì,« Paolino,<sos> paulì <eos>,<sos> paolino <eos>
i camina amò,camminano ancora,<sos> i camina amò <eos>,<sos> camminano ancora <eos>
l'ìa hàc sö öna alìs,aveva fatto una valigia,<sos> l'ìa hàc sö öna alìs <eos>,<sos> aveva fatto una valigia <eos>
's sétei pò chè e 'gnì jó hölå cràpå? —,— cosa si sente cadere sulla testa? —,<sos> 's sétei pò chè e 'gnì jó hölå cràpå ? <eos>,<sos> cosa si sente cadere sulla testa ? <eos>
óh!,oh!,<sos> óh ! <eos>,<sos> oh ! <eos>
ål gi à dìt e chèl'óter: — té stà ché hótå a tèn' li pégore,ha detto all'altro: — tu resta qui sotto a badare alle pecore,<sos> ål gi à dìt e chèl'óter té stà ché hótå a tèn' li pégore <eos>,<sos> ha detto all'altro tu resta qui sotto a badare alle pecore <eos>
alura anche lé perchè la gh'ìa 'm pó frèt,"anche lei, siccome aveva un po' freddo",<sos> alura anche lé perchè la gh'ìa 'm pó frèt <eos>,"<sos> anche lei , siccome aveva un po' freddo <eos>"
cóla bóra töta 'nca-da,col tronco tutto incavato,<sos> cóla bóra töta 'nca-da <eos>,<sos> col tronco tutto incavato <eos>
te gh'é de purtàm de mangià,devi portarmi da mangiare,<sos> te gh'é de purtàm de mangià <eos>,<sos> devi portarmi da mangiare <eos>
pròpe ala caśa reale,proprio alla casa reale,<sos> pròpe ala caśa reale <eos>,<sos> proprio alla casa reale <eos>
dòpo la meśanòt,dopo la mezzanotte,<sos> dòpo la meśanòt <eos>,<sos> dopo la mezzanotte <eos>
lùr g'érå dré e tràl sö,— loro erano dietro a tirarlo su,<sos> lùr g'érå dré e tràl sö <eos>,<sos> loro erano dietro a tirarlo su <eos>
e chèl dé che l'è 'gnìt 'esto prìncipe,così il giorno che è venuto il principe,<sos> e chèl dé che l'è 'gnìt 'esto prìncipe <eos>,<sos> così il giorno che è venuto il principe <eos>
e lé la fà:,e lei domanda:,<sos> e lé la fà <eos>,<sos> e lei domanda <eos>
"ü dé, l'érå fò 'n dul giardì",un giorno era nel giardino,"<sos> ü dé , l'érå fò 'n dul giardì <eos>",<sos> un giorno era nel giardino <eos>
matìnå,al mattino,<sos> matìnå <eos>,<sos> al mattino <eos>
'mpì-e dét che 'ssé 'ntàt che lù 'l và töt apòht,"accenderò il frumento, così intanto che va tutto a posto",<sos> 'mpì-e dét che 'ssé 'ntàt che lù 'l và töt apòht <eos>,"<sos> accenderò il frumento , così intanto che va tutto a posto <eos>"
e pò de córsa 'm và a-ànti tochèl per tochèl,e poi di corsa andiamo avanti pezzo per pezzo,<sos> e pò de córsa 'm và a-ànti tochèl per tochèl <eos>,<sos> e poi di corsa andiamo avanti pezzo per pezzo <eos>
l'à ciapàt üna bèlå funtanìnå,ha preso una bella fontanina,<sos> l'à ciapàt üna bèlå funtanìnå <eos>,<sos> ha preso una bella fontanina <eos>
che 'l mónt,che il mondo,<sos> che 'l mónt <eos>,<sos> che il mondo <eos>
al rìa fò 'n chèl pòht,arriva in quel posto,<sos> al rìa fò 'n chèl pòht <eos>,<sos> arriva in quel posto <eos>
l'è stàt lé fìnå,si è fermato fino,<sos> l'è stàt lé fìnå <eos>,<sos> si è fermato fino <eos>
ligàt ali gambe dol lèt i ghe purtà-å vià 'l lèt,ma quelli portavano via il letto,<sos> ligàt ali gambe dol lèt i ghe purtà-å vià 'l lèt <eos>,<sos> ma quelli portavano via il letto <eos>
— ada — 'l dìh — la mé fómna — 'l dìh — l'è htöfa — 'l dìh — de fà l'imperatrice,"— guarda, la mia donna è stufa di fare l'imperatrice",<sos> ada 'l dìh la mé fómna 'l dìh l'è htöfa 'l dìh de fà l'imperatrice <eos>,"<sos> guarda , la mia donna è stufa di fare l'imperatrice <eos>"
chi mi sènte,chi mi sente,<sos> chi mi sènte <eos>,<sos> chi mi sente <eos>
'n camiśa de nòt ensóma,in camicia da notte,<sos> 'n camiśa de nòt ensóma <eos>,<sos> in camicia da notte <eos>
te laghe 'ndà,ti lascio andare,<sos> te laghe 'ndà <eos>,<sos> ti lascio andare <eos>
anse ói dàghen a' de piö,anzi gliene dò di più,<sos> anse ói dàghen a' de piö <eos>,<sos> anzi gliene dò di più <eos>
e l'à töt fò la lètra dèla regina,ha tolto la lettera della regina,<sos> e l'à töt fò la lètra dèla regina <eos>,<sos> ha tolto la lettera della regina <eos>
sé sé — 'l dìh,sì sì — dice,<sos> sé sé 'l dìh <eos>,<sos> sì sì dice <eos>
— öt 'gnì con nù?,— vieni con noi?,<sos> öt 'gnì con nù ? <eos>,<sos> vieni con noi ? <eos>
l'e finìdå 'ssè,e così è finita ,<sos> l'e finìdå 'ssè <eos>,<sos> e così è finita <eos>
tìrå mòlå,tira e molla,<sos> tìrå mòlå <eos>,<sos> tira e molla <eos>
"e 'l bubà: — óh i bèi póm, i bèi póm! —","e grida: — oh le belle mele, le belle mele! —","<sos> e 'l bubà óh i bèi póm , i bèi póm ! <eos>","<sos> e grida oh le belle mele , le belle mele ! <eos>"
alura lü 'l capo 'l fà:,così il capo dice:,<sos> alura lü 'l capo 'l fà <eos>,<sos> così il capo dice <eos>
« vènto di tramontana,« vento di tramontana,<sos> vènto di tramontana <eos>,<sos> vento di tramontana <eos>
— màmå màmå! — l'à dit —,"— mamma, mamma!",<sos> màmå màmå ! l'à dit <eos>,"<sos> mamma , mamma ! <eos>"
i öc de-érc,gli occhi aperti,<sos> i öc de-érc <eos>,<sos> gli occhi aperti <eos>
che l'indà-a 'n śó col bròh,sul barroccio,<sos> che l'indà-a 'n śó col bròh <eos>,<sos> sul barroccio <eos>
l'à dìt: — che l'è inütil! —,ha detto: — è inutile! —,<sos> l'à dìt che l'è inütil ! <eos>,<sos> ha detto è inutile ! <eos>
a balà,a ballare,<sos> a balà <eos>,<sos> a ballare <eos>
fìn che l'à ciapàt,ha afferrato,<sos> fìn che l'à ciapàt <eos>,<sos> ha afferrato <eos>
— cumè po',— come,<sos> cumè po' <eos>,<sos> come <eos>
adès he i vé i ma hequèstra töt,adesso mi sequestrano tutto,<sos> adès he i vé i ma hequèstra töt <eos>,<sos> adesso mi sequestrano tutto <eos>
— öt 'gnì con nù?,— vuoi venire con noi?,<sos> öt 'gnì con nù ? <eos>,<sos> vuoi venire con noi ? <eos>
òcio che büte!,spostati che butto!,<sos> òcio che büte ! <eos>,<sos> spostati che butto ! <eos>
sö apénå ti pér de barbìs,solo con i baffi,<sos> sö apénå ti pér de barbìs <eos>,<sos> solo con i baffi <eos>
tantèl ossé,tanto così,<sos> tantèl ossé <eos>,<sos> tanto così <eos>
e scóltå nigü,e non ascoltare nessuno,<sos> e scóltå nigü <eos>,<sos> e non ascoltare nessuno <eos>
adèh em sé s-ciòre!,adesso siamo ricchi!,<sos> adèh em sé s-ciòre ! <eos>,<sos> adesso siamo ricchi ! <eos>
l'à capìt che gh'érå ü tranèl:,ha capito che c'era un tranello,<sos> l'à capìt che gh'érå ü tranèl <eos>,<sos> ha capito che c'era un tranello <eos>
la héra,di sera,<sos> la héra <eos>,<sos> di sera <eos>
— la mé fómna la öl de-entà öna marchéśa,— la mia donna vuole diventare marchesa,<sos> la mé fómna la öl de-entà öna marchéśa <eos>,<sos> la mia donna vuole diventare marchesa <eos>
e i a dìc:,han detto:,<sos> e i a dìc <eos>,<sos> han detto <eos>
— vé a ède —,— vieni a vedere! —,<sos> vé a ède <eos>,<sos> vieni a vedere ! <eos>
l'è nóma chèl che sèrche,è proprio quello che cerco,<sos> l'è nóma chèl che sèrche <eos>,<sos> è proprio quello che cerco <eos>
e per cólpå tò de tè,per colpa tua,<sos> e per cólpå tò de tè <eos>,<sos> per colpa tua <eos>
con giöna hcödèla,con una scodella,<sos> con giöna hcödèla <eos>,<sos> con una scodella <eos>
che 'l gh'è hö argü höla piàntå! —,che c'è qualcuno sulla pianta,<sos> che 'l gh'è hö argü höla piàntå ! <eos>,<sos> che c'è qualcuno sulla pianta <eos>
— tüte?,— tutte?,<sos> tüte ? <eos>,<sos> tutte ? <eos>
l'è 'ndàt,è andato,<sos> l'è 'ndàt <eos>,<sos> è andato <eos>
la pìcå,ha bussato,<sos> la pìcå <eos>,<sos> ha bussato <eos>
daga chèsto,dalle questo,<sos> daga chèsto <eos>,<sos> dalle questo <eos>
i ìå scrìt,gli hanno scritto,<sos> i ìå scrìt <eos>,<sos> gli hanno scritto <eos>
ål rìå sö,arriva lassù,<sos> ål rìå sö <eos>,<sos> arriva lassù <eos>
l'è 'ndàdå,è andata,<sos> l'è 'ndàdå <eos>,<sos> è andata <eos>
e hóta la èhta la gh'ìa lé öna pètina,la ragazza sotto il vestito aveva un pettine,<sos> e hóta la èhta la gh'ìa lé öna pètina <eos>,<sos> la ragazza sotto il vestito aveva un pettine <eos>
e lé la gh'à dìt:,lei risponde:,<sos> e lé la gh'à dìt <eos>,<sos> lei risponde <eos>
magare a' óter,forse anche voi,<sos> magare a' óter <eos>,<sos> forse anche voi <eos>
cópega fò chèl,"— madonna, per carità!",<sos> cópega fò chèl <eos>,"<sos> madonna , per carità ! <eos>"
"pò to śgió i raìs, la-ài bé e fai bòi","togliere le radici, lavarle e farle bollire","<sos> pò to śgió i raìs , la-ài bé e fai bòi <eos>","<sos> togliere le radici , lavarle e farle bollire <eos>"
statua di marmo diventerà,statua di marmo diventerà,<sos> statua di marmo diventerà <eos>,<sos> statua di marmo diventerà <eos>
al và,passa,<sos> al và <eos>,<sos> passa <eos>
'sto fiöl,quel ragazzo,<sos> 'sto fiöl <eos>,<sos> quel ragazzo <eos>
a sercà 'l módo de aidàf,il modo per aiutarvi,<sos> a sercà 'l módo de aidàf <eos>,<sos> il modo per aiutarvi <eos>
"a l'è leàt sö, l'éra ö bèl s-cetorlèt","si è alzato, era un bel ragazzetto","<sos> a l'è leàt sö , l'éra ö bèl s-cetorlèt <eos>","<sos> si è alzato , era un bel ragazzetto <eos>"
té ta ma halveré,saremo salvi,<sos> té ta ma halveré <eos>,<sos> saremo salvi <eos>
la sò surèlå: — ma nò,la sorella: — ma no,<sos> la sò surèlå ma nò <eos>,<sos> la sorella ma no <eos>
l'à töt sö la sò spàdå,ha preso la sua spada,<sos> l'à töt sö la sò spàdå <eos>,<sos> ha preso la sua spada <eos>
'l padrù l'à ölìt saì 'l perchè,il padrone ha voluto sapere il perché,<sos> 'l padrù l'à ölìt saì 'l perchè <eos>,<sos> il padrone ha voluto sapere il perché <eos>
la aca l'à maiàt Gioanì,così la mucca ha mangiato anche lui,<sos> la aca l'à maiàt gioanì <eos>,<sos> così la mucca ha mangiato anche lui <eos>
intequàter cüsgià,ventiquattro cucchiai,<sos> intequàter cüsgià <eos>,<sos> ventiquattro cucchiai <eos>
pò la gh'à dàt sà a',poi gli ha dato anche,<sos> pò la gh'à dàt sà a' <eos>,<sos> poi gli ha dato anche <eos>
difati lé l'è 'gnìt,infatti è tortìato,<sos> difati lé l'è 'gnìt <eos>,<sos> infatti è tortìato <eos>
i s'è metìt dré a sapà,a zappare,<sos> i s'è metìt dré a sapà <eos>,<sos> a zappare <eos>
cór a cà ala hvèlta,corre a casa alla svelta,<sos> cór a cà ala hvèlta <eos>,<sos> corre a casa alla svelta <eos>
ål se s'è salvàt èh!,— si è salvato,<sos> ål se s'è salvàt èh ! <eos>,<sos> si è salvato <eos>
l'à éht dei fì-i de fèr,ha visto dei fili di ferro,<sos> l'à éht dei fì-i de fèr <eos>,<sos> ha visto dei fili di ferro <eos>
gliùrå lü 'sto ]uanì l'è pasàt sö,allora Giovannino è salito sull'altare,<sos> gliùrå lü 'sto uanì l'è pasàt sö <eos>,<sos> allora giovannino è salito sull'altare <eos>
e quàndo la rìa śó,quando è arrivata,<sos> e quàndo la rìa śó <eos>,<sos> quando è arrivata <eos>
al vurìa che la se spuśé-es,voleva che si sposasse,<sos> al vurìa che la se spuśé-es <eos>,<sos> voleva che si sposasse <eos>
— ma làgå stà de diglio!,— ma lascia stare di dirlo!,<sos> ma làgå stà de diglio ! <eos>,<sos> ma lascia stare di dirlo ! <eos>
alura lé,allora lei,<sos> alura lé <eos>,<sos> allora lei <eos>
e gliùrå i à 'nventàt,allora hanno pensato una cosa,<sos> e gliùrå i à 'nventàt <eos>,<sos> allora hanno pensato una cosa <eos>
contét mé,sono contento io,<sos> contét mé <eos>,<sos> sono contento io <eos>
pò la 'à śgió 'n de 'sta cità,scende in città,<sos> pò la 'à śgió 'n de 'sta cità <eos>,<sos> scende in città <eos>
pò l'à seràt źó,poi l'ha richiusa,<sos> pò l'à seràt źó <eos>,<sos> poi l'ha richiusa <eos>
e ün òm piötòst ansiàno,e un uomo piuttosto anziano,<sos> e ün òm piötòst ansiàno <eos>,<sos> e un uomo piuttosto anziano <eos>
de chi óter dù dé,degli altri due giorni,<sos> de chi óter dù dé <eos>,<sos> degli altri due giorni <eos>
parla piö gna' ü gna' l'óter,"non parlano più né uno, né l'altra",<sos> parla piö gna' ü gna' l'óter <eos>,"<sos> non parlano più né uno , né l'altra <eos>"
lü l'è 'nàt fò a durmì,il corriere è andato a dormire,<sos> lü l'è 'nàt fò a durmì <eos>,<sos> il corriere è andato a dormire <eos>
« òhtrega! — 'l dìh »,« ostrega! »,<sos> òhtrega ! 'l dìh <eos>,<sos> ostrega ! <eos>
— ah,— ah,<sos> ah <eos>,<sos> ah <eos>
de mangia e de bé-e,da mangiare e da bere,<sos> de mangia e de bé-e <eos>,<sos> da mangiare e da bere <eos>
gliùrå,allora,<sos> gliùrå <eos>,<sos> allora <eos>
ü budeśér che 'sti lader,"un gran baccano, così che i ladri",<sos> ü budeśér che 'sti lader <eos>,"<sos> un gran baccano , così che i ladri <eos>"
e va amò de lü,e vai ancora da lui,<sos> e va amò de lü <eos>,<sos> e vai ancora da lui <eos>
la muntàgnå l'è burlada gió,la montagna è caduta,<sos> la muntàgnå l'è burlada gió <eos>,<sos> la montagna è caduta <eos>
óter,altro,<sos> óter <eos>,<sos> altro <eos>
— éh pòtå,— sì,<sos> éh pòtå <eos>,<sos> sì <eos>
e 'l canarì-che-parla,e il canarino-che-parla,<sos> e 'l canarì-che-parla <eos>,<sos> e il canarino-che-parla <eos>
'l la ciàma: — Rośalba 'é śó che gh'é che dù caretér,la chiama: — Rosalba scendi che ci sono due carrettieri,<sos> 'l la ciàma rośalba 'é śó che gh'é che dù caretér <eos>,<sos> la chiama rosalba scendi che ci sono due carrettieri <eos>
gliùra lé la gh'à dài de 'ndà hö a durmì,allora lei li ha fatti salire a dormire,<sos> gliùra lé la gh'à dài de 'ndà hö a durmì <eos>,<sos> allora lei li ha fatti salire a dormire <eos>
e dòpo la sérå,poi di sera,<sos> e dòpo la sérå <eos>,<sos> poi di sera <eos>
i rìå 'n d'ü paìs,arrivano in un paese,<sos> i rìå 'n d'ü paìs <eos>,<sos> arrivano in un paese <eos>
e quìndi gh'ì miga de pianśì,quindi non piangete!,<sos> e quìndi gh'ì miga de pianśì <eos>,<sos> quindi non piangete ! <eos>
tütå cuntétå,era tutta contenta,<sos> tütå cuntétå <eos>,<sos> era tutta contenta <eos>
e 'l distribuì,e lo distribuite,<sos> e 'l distribuì <eos>,<sos> e lo distribuite <eos>
l'éra fàt finta che Rośalba,che faceva finta,<sos> l'éra fàt finta che rośalba <eos>,<sos> che faceva finta <eos>
"e lé l'è 'ndacia śgió, la gh' l'à dàc",lei è scesa gliel'ha dato,"<sos> e lé l'è 'ndacia śgió , la gh' l'à dàc <eos>",<sos> lei è scesa gliel'ha dato <eos>
ünå ócå,un'oca,<sos> ünå ócå <eos>,<sos> un'oca <eos>
e 'l tò deśidério l'è śamò eśaudìt,il tuo desiderio è già esaudito,<sos> e 'l tò deśidério l'è śamò eśaudìt <eos>,<sos> il tuo desiderio è già esaudito <eos>
— edès — l'à dìt — te turnet endré,— adesso torni indietro,<sos> edès l'à dìt te turnet endré <eos>,<sos> adesso torni indietro <eos>
tüt amó preparàt,tutto ancora pronto,<sos> tüt amó preparàt <eos>,<sos> tutto ancora pronto <eos>
con tüta la pupulassiù dol paìs,con tutta la gente del paese,<sos> con tüta la pupulassiù dol paìs <eos>,<sos> con tutta la gente del paese <eos>
ghe n'érà ünå,ce n'era una,<sos> ghe n'érà ünå <eos>,<sos> ce n'era una <eos>
« madónå — 'l dìs —,« madonna!,<sos> madónå 'l dìs <eos>,<sos> madonna ! <eos>
e gliùra l'è 'ndada a finì,e la ragazza è andata a finire,<sos> e gliùra l'è 'ndada a finì <eos>,<sos> e la ragazza è andata a finire <eos>
se no te me diśet,se non mi dici,<sos> se no te me diśet <eos>,<sos> se non mi dici <eos>
e la ha regordà-a mài di poarì gnè' de nigü,"non si ricordava mai dei poveri, né di nessuno",<sos> e la ha regordà-a mài di poarì gnè' de nigü <eos>,"<sos> non si ricordava mai dei poveri , né di nessuno <eos>"
— hé hé,— sì,<sos> hé hé <eos>,<sos> sì <eos>
ségn che só salvo —,è segno che sono salvo —,<sos> ségn che só salvo <eos>,<sos> è segno che sono salvo <eos>
che fòśå ét pò töt sö la pórtå?,— perché hai preso la porta?,<sos> che fòśå ét pò töt sö la pórtå ? <eos>,<sos> perché hai preso la porta ? <eos>
pace,pace,<sos> pace <eos>,<sos> pace <eos>
l' gh'à dìc ala serva:,dice alla serva:,<sos> l' gh'à dìc ala serva <eos>,<sos> dice alla serva <eos>
ghe i pósta hö hùrå 'l tàol,li mette sul tavolo,<sos> ghe i pósta hö hùrå 'l tàol <eos>,<sos> li mette sul tavolo <eos>
e la fomà-a,fumava,<sos> e la fomà-a <eos>,<sos> fumava <eos>
l'à fàt fà sö üna bèla casèta granda,allora ha fatto costruire una cassetta molto grande,<sos> l'à fàt fà sö üna bèla casèta granda <eos>,<sos> allora ha fatto costruire una cassetta molto grande <eos>
la fà-a finta che la capìa miga,faceva finta di non capire,<sos> la fà-a finta che la capìa miga <eos>,<sos> faceva finta di non capire <eos>
"che la gh'à piö gna' la rócå, gna' 'l füs","che non ha più né la rocca, né il fuso","<sos> che la gh'à piö gna' la rócå , gna' 'l füs <eos>","<sos> che non ha più né la rocca , né il fuso <eos>"
e la śgira d'üna banda,cerca da una parte,<sos> e la śgira d'üna banda <eos>,<sos> cerca da una parte <eos>
pòtå 'sti dói hurèle lé i l'à ligàdå e lé śgió,così le due sorelle l'hanno legata e lei giù,<sos> pòtå 'sti dói hurèle lé i l'à ligàdå e lé śgió <eos>,<sos> così le due sorelle l'hanno legata e lei giù <eos>
l'érå 'mpuhìbil che la,era impossibile che,<sos> l'érå 'mpuhìbil che la <eos>,<sos> era impossibile che <eos>
ontàt che la spetà-å che 'l ri-és ol drago,mentre aspettava che arrivasse il drago,<sos> ontàt che la spetà-å che 'l ri-és ol drago <eos>,<sos> mentre aspettava che arrivasse il drago <eos>
la davriré pò óter se 'l ve pàr!,l'aprirete voi se vi pare!,<sos> la davriré pò óter se 'l ve pàr ! <eos>,<sos> l'aprirete voi se vi pare ! <eos>
ma 'l gh'éå üna fiölå,ma aveva una figlia,<sos> ma 'l gh'éå üna fiölå <eos>,<sos> ma aveva una figlia <eos>
he 'l ri-arà jó argótå hö hùrå,se arriva qualcosa da sopra,<sos> he 'l ri-arà jó argótå hö hùrå <eos>,<sos> se arriva qualcosa da sopra <eos>
óter,non fa niente,<sos> óter <eos>,<sos> non fa niente <eos>
— lü 'sto egiahì a picà —,diceva il vecchietto mentre picchiava,<sos> lü 'sto egiahì a picà <eos>,<sos> diceva il vecchietto mentre picchiava <eos>
che 'l nìa mìa òiå de 'ndà al mercàt,e non aveva voglia di andare al mercato,<sos> che 'l nìa mìa òiå de 'ndà al mercàt <eos>,<sos> e non aveva voglia di andare al mercato <eos>
i ve n'à dàt gna' de chi che m'à scultàt,non ne han dato neanche a chi mi ha ascoltato,<sos> i ve n'à dàt gna' de chi che m'à scultàt <eos>,<sos> non ne han dato neanche a chi mi ha ascoltato <eos>
ol aśni 'l chigà-å mìå śechì!,l'asinello non cagava zecchini!,<sos> ol aśni 'l chigà-å mìå śechì ! <eos>,<sos> l'asinello non cagava zecchini ! <eos>
che i à dìt:,hanno detto:,<sos> che i à dìt <eos>,<sos> hanno detto <eos>
— nò,— no,<sos> nò <eos>,<sos> no <eos>
gliùra hò pader al fà:,allora il padre dice:,<sos> gliùra hò pader al fà <eos>,<sos> allora il padre dice <eos>
e lé la ga dìs:,ma lei ha detto:,<sos> e lé la ga dìs <eos>,<sos> ma lei ha detto <eos>
sö 'n sìmå te tru-aré tüt fósch,troverai tutto buio,<sos> sö 'n sìmå te tru-aré tüt fósch <eos>,<sos> troverai tutto buio <eos>
i à,hanno,<sos> i à <eos>,<sos> hanno <eos>
— di chi sarà pòi quèsta brutta caśina? —,— di chi sarà questa brutta casina? —,<sos> di chi sarà pòi quèsta brutta caśina ? <eos>,<sos> di chi sarà questa brutta casina ? <eos>
"l'à turnàt a lagà 'ndà, ma l'è stàdå gliò","l'ha lasciato ancora, ma è rimasta lì","<sos> l'à turnàt a lagà 'ndà , ma l'è stàdå gliò <eos>","<sos> l'ha lasciato ancora , ma è rimasta lì <eos>"
"ü laùr, ü laùr che l'éra üna meravìgliå",era proprio una meraviglia,"<sos> ü laùr , ü laùr che l'éra üna meravìgliå <eos>",<sos> era proprio una meraviglia <eos>
e gliurå lü 'l fa:,ma il giovane dice:,<sos> e gliurå lü 'l fa <eos>,<sos> ma il giovane dice <eos>
Piéro l'è lé,Pietro è,<sos> piéro l'è lé <eos>,<sos> pietro è <eos>
— fa öna bèla ròba — 'l dìh —,— fai una bella cosa,<sos> fa öna bèla ròba 'l dìh <eos>,<sos> fai una bella cosa <eos>
— ondaró,— andrò,<sos> ondaró <eos>,<sos> andrò <eos>
che i éå cia-àt fò la céśa,che avevano chiuso la chiesa,<sos> che i éå cia-àt fò la céśa <eos>,<sos> che avevano chiuso la chiesa <eos>
"— sé, pàrt dümìnica —",— parti pure domenica —,"<sos> sé , pàrt dümìnica <eos>",<sos> parti pure domenica <eos>
e 'ntàt,e intanto,<sos> e 'ntàt <eos>,<sos> e intanto <eos>
'ndo gh'è 'l mulì,al mulino,<sos> 'ndo gh'è 'l mulì <eos>,<sos> al mulino <eos>
pò dopo,poi,<sos> pò dopo <eos>,<sos> poi <eos>
però hó ö rè,però sono un re,<sos> però hó ö rè <eos>,<sos> però sono un re <eos>
l'à sémper continuàt óstå ìtå,hanno continuato così,<sos> l'à sémper continuàt óstå ìtå <eos>,<sos> hanno continuato così <eos>
e pò l'è partìdå,e poi è partita,<sos> e pò l'è partìdå <eos>,<sos> e poi è partita <eos>
alura quàndo che lùr i rìa lé,quando arrivano / nella valle dicono: / — cosa facciamo? -— / d'un tratto scoppia un temporale / di quelli proprio brutti / burrascosi / non sapevano più come salvarsi / — come facciamo? / — allora — dicono — facciamo così — / quell'uomo vedeva / una torre di pietra scura / — io vado a salvarmi lassù / l'uccello andrà in cima a una pianta / il cane cercherà di entrare in una grotta / e così il maiale / salviamoci un po' per parte / che non tutti moriremo / poi ci raduneremo ancora,<sos> alura quàndo che lùr i rìa lé <eos>,<sos> quando arrivano nella valle dicono cosa facciamo ? - d'un tratto scoppia un temporale di quelli proprio brutti burrascosi non sapevano più come salvarsi come facciamo ? allora dicono facciamo così quell'uomo vedeva una torre di pietra scura io vado a salvarmi lassù l'uccello andrà in cima a una pianta il cane cercherà di entrare in una grotta e così il maiale salviamoci un po' per parte che non tutti moriremo poi ci raduneremo ancora <eos>
perché,perché,<sos> perché <eos>,<sos> perché <eos>
còsa sarài?,chi saranno?,<sos> còsa sarài ? <eos>,<sos> chi saranno ? <eos>
'l ne 'é śgió śgiü e 'l la ciamå,viene uno a chiamarla,<sos> 'l ne 'é śgió śgiü e 'l la ciamå <eos>,<sos> viene uno a chiamarla <eos>
pórteghei śó,porta quell'altro,<sos> pórteghei śó <eos>,<sos> porta quell'altro <eos>
e la bi-ìa,beveva,<sos> e la bi-ìa <eos>,<sos> beveva <eos>
— Paulì,— Paolino,<sos> paulì <eos>,<sos> paolino <eos>
quàndo è stàt gió 'n de 'sto soteràneo,quando sono arrivati in fondo,<sos> quàndo è stàt gió 'n de 'sto soteràneo <eos>,<sos> quando sono arrivati in fondo <eos>
— gh'è pahàt ön òm,— è passato un uomo,<sos> gh'è pahàt ön òm <eos>,<sos> è passato un uomo <eos>
i śmursà-å,e li spegnevano,<sos> i śmursà-å <eos>,<sos> e li spegnevano <eos>
o per lo méno lagàgå la libertà,o per lo meno dargli la libertà,<sos> o per lo méno lagàgå la libertà <eos>,<sos> o per lo meno dargli la libertà <eos>
e po' lé la gh'à miga,non ha,<sos> e po' lé la gh'à miga <eos>,<sos> non ha <eos>
l'è ri-àda!,è arrivata!,<sos> l'è ri-àda ! <eos>,<sos> è arrivata ! <eos>
e li m'à dìt:,e hanno detto:,<sos> e li m'à dìt <eos>,<sos> e hanno detto <eos>
al ne pàså tré,ne passano tre,<sos> al ne pàså tré <eos>,<sos> ne passano tre <eos>
l'érå ünå stórgiå èco,era davvero una bella storia,<sos> l'érå ünå stórgiå èco <eos>,<sos> era davvero una bella storia <eos>
pòta 'hto fiöm,ma il fiume,<sos> pòta 'hto fiöm <eos>,<sos> ma il fiume <eos>
pòta ma gh'è tucàt lagà stà,ma non ha potuto farlo,<sos> pòta ma gh'è tucàt lagà stà <eos>,<sos> ma non ha potuto farlo <eos>
'nfati,infatti,<sos> 'nfati <eos>,<sos> infatti <eos>
"aglùra 'l ga dà dét a hircà, ma lü 'l tróa negót","allora si mette a cercare, ma non trova niente","<sos> aglùra 'l ga dà dét a hircà , ma lü 'l tróa negót <eos>","<sos> allora si mette a cercare , ma non trova niente <eos>"
"— éh ma mé nò nò, mé 'ndaró mài a fà ö laùr compàgn!","— ma no, io non andrò mai a fare una cosa simile!","<sos> éh ma mé nò nò , mé 'ndaró mài a fà ö laùr compàgn ! <eos>","<sos> ma no , io non andrò mai a fare una cosa simile ! <eos>"
tentóm!,tentiamo!,<sos> tentóm ! <eos>,<sos> tentiamo ! <eos>
e i ga telefuna,gli telefonano,<sos> e i ga telefuna <eos>,<sos> gli telefonano <eos>
'l gi à tignìc om pó,e li ha tenuti per un bel po',<sos> 'l gi à tignìc om pó <eos>,<sos> e li ha tenuti per un bel po' <eos>
te me n'aré mìå fàt ünà de cumpàgnå de 'ndà e rubà!,non ti sarai messo a rubare!,<sos> te me n'aré mìå fàt ünà de cumpàgnå de 'ndà e rubà ! <eos>,<sos> non ti sarai messo a rubare ! <eos>
le hlite,le slitte,<sos> le hlite <eos>,<sos> le slitte <eos>
ma lü 'l vuléå mài haìn de purtala el pàscol,ma il figlio non voleva mai portarla al pascolo,<sos> ma lü 'l vuléå mài haìn de purtala el pàscol <eos>,<sos> ma il figlio non voleva mai portarla al pascolo <eos>
e dòpo 'l sarà tüt tò,e poi sarà tuo,<sos> e dòpo 'l sarà tüt tò <eos>,<sos> e poi sarà tuo <eos>
perchè mé ó purtàt li sèt crape —,ho portato le sette teste —,<sos> perchè mé ó purtàt li sèt crape <eos>,<sos> ho portato le sette teste <eos>
pòta la hò màmå,sua madre,<sos> pòta la hò màmå <eos>,<sos> sua madre <eos>
— tròppo tardi ormài! —,— troppo tardi ormai! —,<sos> tròppo tardi ormài ! <eos>,<sos> troppo tardi ormai ! <eos>
e la hò hurèlå l'à fàt prèst e purtàgà lé de mangià söl tàol,la sorella gli ha portato subito in tavola il pranzo,<sos> e la hò hurèlå l'à fàt prèst e purtàgà lé de mangià söl tàol <eos>,<sos> la sorella gli ha portato subito in tavola il pranzo <eos>
śó 'n paìh,e scende in paese,<sos> śó 'n paìh <eos>,<sos> e scende in paese <eos>
che la gh'éå üna clòhå,che aveva una chioccia,<sos> che la gh'éå üna clòhå <eos>,<sos> che aveva una chioccia <eos>
de l'acqua,dell'acqua,<sos> de l'acqua <eos>,<sos> dell'acqua <eos>
che folé,là,<sos> che folé <eos>,<sos> là <eos>
mè 'ndà sö 'n da tala muntàgnå,bisogna andare sulla tal montagna,<sos> mè 'ndà sö 'n da tala muntàgnå <eos>,<sos> bisogna andare sulla tal montagna <eos>
— cóme mài óter cuntrabandér sì armàc?,— come mai voi contrabbandieri così armati?,<sos> cóme mài óter cuntrabandér sì armàc ? <eos>,<sos> come mai voi contrabbandieri così armati ? <eos>
ca la crida,grida,<sos> ca la crida <eos>,<sos> grida <eos>
fradèl!,— fratello!,<sos> fradèl ! <eos>,<sos> fratello ! <eos>
dòpo śgiü 'l fà:,poi uno dice:,<sos> dòpo śgiü 'l fà <eos>,<sos> poi uno dice <eos>
la gh'à dìc:,dicendo:,<sos> la gh'à dìc <eos>,<sos> dicendo <eos>
— ciàpe nént gna' de mangià,— non trovo niente da mangiare,<sos> ciàpe nént gna' de mangià <eos>,<sos> non trovo niente da mangiare <eos>
'l renfórsa le pórte po',"rinforza le porte, poi",<sos> 'l renfórsa le pórte po' <eos>,"<sos> rinforza le porte , poi <eos>"
e lü 'l gh'à dìt:,lui ha detto:,<sos> e lü 'l gh'à dìt <eos>,<sos> lui ha detto <eos>
— dumà d'matìnå te partihet col tò aśnì,— domani mattina partirai col tuo asinello,<sos> dumà d'matìnå te partihet col tò aśnì <eos>,<sos> domani mattina partirai col tuo asinello <eos>
'l la ciàpå dol daérå »,lo prende davvero »,<sos> 'l la ciàpå dol daérå <eos>,<sos> lo prende davvero <eos>
e pò l'è partida,è partita,<sos> e pò l'è partida <eos>,<sos> è partita <eos>
"— pehì, bèl pehì","— pesciolino, bel pesciolino","<sos> pehì , bèl pehì <eos>","<sos> pesciolino , bel pesciolino <eos>"
ma,ma,<sos> ma <eos>,<sos> ma <eos>
só a ca dol di-àol,sono a casa del diavolo,<sos> só a ca dol di-àol <eos>,<sos> sono a casa del diavolo <eos>
l'àlbero-che-se-àlså-e-che-se-śbàså,l'albero-che-si-alza-e-si-abbassa,<sos> l'àlbero-che-se-àlså-e-che-se-śbàså <eos>,<sos> l'albero-che-si-alza-e-si-abbassa <eos>
de per mé,da sola,<sos> de per mé <eos>,<sos> da sola <eos>
adès,adesso,<sos> adès <eos>,<sos> adesso <eos>
lé alura la gh'à cüntàt sö töta la stòria,allora lei gli ha raccontato tutta la storia,<sos> lé alura la gh'à cüntàt sö töta la stòria <eos>,<sos> allora lei gli ha raccontato tutta la storia <eos>
a chi tép là pò!,a quei tempi poi!,<sos> a chi tép là pò ! <eos>,<sos> a quei tempi poi ! <eos>
— öt 'gnì con nù?,— vieni con noi?,<sos> öt 'gnì con nù ? <eos>,<sos> vieni con noi ? <eos>
'ndó tüt e hànch — ål dìh — en dóli mà,— io vado tutto a sangue nelle mani,<sos> 'ndó tüt e hànch ål dìh en dóli mà <eos>,<sos> io vado tutto a sangue nelle mani <eos>
— éh ah mè t' töe,"— sì, io ti prendo",<sos> éh ah mè t' töe <eos>,"<sos> sì , io ti prendo <eos>"
"e 'l gh'à dìt: — bàstå, bàstå, bàstå! t'é parlàt a' tròp, ó capìt! —",ha detto: — basta! basta! hai parlato anche troppo! ho capito!,"<sos> e 'l gh'à dìt bàstå , bàstå , bàstå ! t'é parlàt a' tròp , ó capìt ! <eos>",<sos> ha detto basta ! basta ! hai parlato anche troppo ! ho capito ! <eos>
l'à ciapàt la léna de remà,gli è venuta la lena di remare,<sos> l'à ciapàt la léna de remà <eos>,<sos> gli è venuta la lena di remare <eos>
i sólc i è 'nàc en fónt al màr,e i soldi erano caduti in fondo al mare,<sos> i sólc i è 'nàc en fónt al màr <eos>,<sos> e i soldi erano caduti in fondo al mare <eos>
ol mé canarì —,il mio canarino —,<sos> ol mé canarì <eos>,<sos> il mio canarino <eos>
la tò fómna l'è disonèsta,la tua donna è disonesta,<sos> la tò fómna l'è disonèsta <eos>,<sos> la tua donna è disonesta <eos>
a ündeś ure l'è partìt,alle undici è partito,<sos> a ündeś ure l'è partìt <eos>,<sos> alle undici è partito <eos>
perchè só tàt famàdå che te mange tüt,son tanto affamata che ti mangio tutto,<sos> perchè só tàt famàdå che te mange tüt <eos>,<sos> son tanto affamata che ti mangio tutto <eos>
"l'è partìt, l'è 'ndàt sö 'n de 'stå muntagnìnå cói sò tré cà","è partito, è andato su questa montagnetta coi suoi tre cani","<sos> l'è partìt , l'è 'ndàt sö 'n de 'stå muntagnìnå cói sò tré cà <eos>","<sos> è partito , è andato su questa montagnetta coi suoi tre cani <eos>"
e lü 'l fà: — ma té ta hé mata!,e lui: — ma tu sei matta!,<sos> e lü 'l fà ma té ta hé mata ! <eos>,<sos> e lui ma tu sei matta ! <eos>
l'empì-a dét,appicca il fuoco,<sos> l'empì-a dét <eos>,<sos> appicca il fuoco <eos>
cume 'l serpént,come,<sos> cume 'l serpént <eos>,<sos> come <eos>
— i m'à dìc de tö dré a' i solfanèi...,— mi han detto di portare anche i fiammiferi,<sos> i m'à dìc de tö dré a' i solfanèi . . . <eos>,<sos> mi han detto di portare anche i fiammiferi <eos>
e gliùrå i à fàt tüc ünå fèstå,allora tutti han fatto una festa,<sos> e gliùrå i à fàt tüc ünå fèstå <eos>,<sos> allora tutti han fatto una festa <eos>
e 'l s'è mài ultàt ondré,non si è mai voltato,<sos> e 'l s'è mài ultàt ondré <eos>,<sos> non si è mai voltato <eos>
'n d'ünå strentulì d'ünå cà,per la strettoia di una casa,<sos> 'n d'ünå strentulì d'ünå cà <eos>,<sos> per la strettoia di una casa <eos>
— se l'è érå che te sé cristiànå,— se è vero che sei cristiana,<sos> se l'è érå che te sé cristiànå <eos>,<sos> se è vero che sei cristiana <eos>
tri martelade,tre martellate,<sos> tri martelade <eos>,<sos> tre martellate <eos>
intequàter scodèle,ventiquattro scodelle,<sos> intequàter scodèle <eos>,<sos> ventiquattro scodelle <eos>
dòpo l'è 'gnìt en sö,è tornato indietro,<sos> dòpo l'è 'gnìt en sö <eos>,<sos> è tornato indietro <eos>
òcio che büte!,spostati che butto!,<sos> òcio che büte ! <eos>,<sos> spostati che butto ! <eos>
e lé la grégna,lei rideva fra sé,<sos> e lé la grégna <eos>,<sos> lei rideva fra sé <eos>
mé egniró a picà ala tò pòrta,verrò a bussare alla tua porta,<sos> mé egniró a picà ala tò pòrta <eos>,<sos> verrò a bussare alla tua porta <eos>
e lü 'sto Juanì 'l gì à dìt: — hé hé,e Giovannino: — sì,<sos> e lü 'sto juanì 'l gì à dìt hé hé <eos>,<sos> e giovannino sì <eos>
te i empi-arét egliò i sulfanèi,lì potrai accenderli,<sos> te i empi-arét egliò i sulfanèi <eos>,<sos> lì potrai accenderli <eos>
che lùr i durmìa amò 'l bubà e la madrìgnå,il papà e la matrigna dormivano ancora,<sos> che lùr i durmìa amò 'l bubà e la madrìgnå <eos>,<sos> il papà e la matrigna dormivano ancora <eos>
'lura lùr i à töt sö i sò attrèssi,così quelli hanno preso gli attrezzi,<sos> 'lura lùr i à töt sö i sò attrèssi <eos>,<sos> così quelli hanno preso gli attrezzi <eos>
ma i n'à pò ciapàt di hólc!,ne hanno raccolti di soldi!,<sos> ma i n'à pò ciapàt di hólc ! <eos>,<sos> ne hanno raccolti di soldi ! <eos>
l'è 'ndàdå,è andata,<sos> l'è 'ndàdå <eos>,<sos> è andata <eos>
che sta de là d'la àl,che sta oltre la valle,<sos> che sta de là d'la àl <eos>,<sos> che sta oltre la valle <eos>
i l'à ligàt,l'hanno legato,<sos> i l'à ligàt <eos>,<sos> l'hanno legato <eos>
'l ga dà śó öna htangada,gli dà una bastonata,<sos> 'l ga dà śó öna htangada <eos>,<sos> gli dà una bastonata <eos>
ma gh'ó,ma non ho,<sos> ma gh'ó <eos>,<sos> ma non ho <eos>
« ma chè fài pò chè,« ma cosa fanno?,<sos> ma chè fài pò chè <eos>,<sos> ma cosa fanno ? <eos>
— béh óter —,— beh,<sos> béh óter <eos>,<sos> beh <eos>
i à 'ncontràt ü gàt,hanno incontrato un gatto,<sos> i à 'ncontràt ü gàt <eos>,<sos> hanno incontrato un gatto <eos>
e lü 'sto Giacumì l'à dervìt sö 'm pó 'l cu-ércol,Giacomino ha sollevato un po' il coperchio,<sos> e lü 'sto giacumì l'à dervìt sö 'm pó 'l cu-ércol <eos>,<sos> giacomino ha sollevato un po' il coperchio <eos>
te i mètet gió tüddù,mettili dentro tutti e due,<sos> te i mètet gió tüddù <eos>,<sos> mettili dentro tutti e due <eos>
la ma scaperà miga a mé,a me non scapperà,<sos> la ma scaperà miga a mé <eos>,<sos> a me non scapperà <eos>
al vé öna cèrva,arriva una cerva,<sos> al vé öna cèrva <eos>,<sos> arriva una cerva <eos>
a robale,a rubarle,<sos> a robale <eos>,<sos> a rubarle <eos>
i dumanda alòśgio,domandano alloggio,<sos> i dumanda alòśgio <eos>,<sos> domandano alloggio <eos>
e gliùrå la gh'à purtàt lé,allora gli ha portato,<sos> e gliùrå la gh'à purtàt lé <eos>,<sos> allora gli ha portato <eos>
bàstå però che nigü i sàe,però nessuno deve sapere,<sos> bàstå però che nigü i sàe <eos>,<sos> però nessuno deve sapere <eos>
l'érå triste,era triste,<sos> l'érå triste <eos>,<sos> era triste <eos>
i respónt:,e rispondono:,<sos> i respónt <eos>,<sos> e rispondono <eos>
l'éra mìå cumpàgn che sì óter ché,non come voialtri che,<sos> l'éra mìå cumpàgn che sì óter ché <eos>,<sos> non come voialtri che <eos>
— 'tà éra egnìc en tré... —,sono venuti in tre... —,<sos> 'tà éra egnìc en tré . . . <eos>,<sos> sono venuti in tre . . . <eos>
perchè gh'éra pròpe di bèi laùr,c'erano proprio delle belle cose,<sos> perchè gh'éra pròpe di bèi laùr <eos>,<sos> c'erano proprio delle belle cose <eos>
— màmå,"— mamma,",<sos> màmå <eos>,"<sos> mamma , <eos>"
al rìa fò,arriva,<sos> al rìa fò <eos>,<sos> arriva <eos>
la ga dìh al sò fiöl,dice al figlio:,<sos> la ga dìh al sò fiöl <eos>,<sos> dice al figlio <eos>
'nà a dàgola al di-àol! »,darla proprio al diavolo! »,<sos> 'nà a dàgola al di-àol ! <eos>,<sos> darla proprio al diavolo ! <eos>
he ghe héref gió,se ci fossi stata,<sos> he ghe héref gió <eos>,<sos> se ci fossi stata <eos>
e pò 'l ghe l' pórta hà,poi gliel'ha portato ,<sos> e pò 'l ghe l' pórta hà <eos>,<sos> poi gliel'ha portato <eos>
i à caminàt,hanno camminato,<sos> i à caminàt <eos>,<sos> hanno camminato <eos>
te i bütaró jó,te le butterò,<sos> te i bütaró jó <eos>,<sos> te le butterò <eos>
e dopo,così,<sos> e dopo <eos>,<sos> così <eos>
héte amò l'udùr che ó hintìt chèl dé,— sento ancora l'odore di quel giorno,<sos> héte amò l'udùr che ó hintìt chèl dé <eos>,<sos> sento ancora l'odore di quel giorno <eos>
però la gh'à fàt de sénå,però le ha preparato la cena ,<sos> però la gh'à fàt de sénå <eos>,<sos> però le ha preparato la cena <eos>
pòta lùr i hò fredèi,pota i suoi fratelli,<sos> pòta lùr i hò fredèi <eos>,<sos> pota i suoi fratelli <eos>
e i èch che tütå la śét,vedono che tutta la gente,<sos> e i èch che tütå la śét <eos>,<sos> vedono che tutta la gente <eos>
de ö pòst a l'óter,da un luogo all'altro,<sos> de ö pòst a l'óter <eos>,<sos> da un luogo all'altro <eos>
lü 'l ghe l'à purtada 'n sö,lui gliel'ha portata su,<sos> lü 'l ghe l'à purtada 'n sö <eos>,<sos> lui gliel'ha portata su <eos>
— ècco ché,— ecco,<sos> ècco ché <eos>,<sos> ecco <eos>
tu vài in cérca dèlla Bèlla-Pastora,tu vai in cerca della Bella-Pastora,<sos> tu vài in cérca dèlla bèlla-pastora <eos>,<sos> tu vai in cerca della bella-pastora <eos>
'l fà-å i früc,faceva i frutti,<sos> 'l fà-å i früc <eos>,<sos> faceva i frutti <eos>
eéh pòtå dumà 'm na còpå,eh pota domani lo ammazzo,<sos> eéh pòtå dumà 'm na còpå <eos>,<sos> eh pota domani lo ammazzo <eos>
ål rìå a cà 'l sò fradel,il fratello torna a casa,<sos> ål rìå a cà 'l sò fradel <eos>,<sos> il fratello torna a casa <eos>
e lü 'l di-àol l'à fàt gió ü büs igliò 'n cantìnå,e il diavolo ha fatto un buco in cantina,<sos> e lü 'l di-àol l'à fàt gió ü büs igliò 'n cantìnå <eos>,<sos> e il diavolo ha fatto un buco in cantina <eos>
me rencrèh e copale,mi rincresce ammazzarle,<sos> me rencrèh e copale <eos>,<sos> mi rincresce ammazzarle <eos>
lé 'l gh'è 'gnìt en mént sübit,lei si è subito ricordata,<sos> lé 'l gh'è 'gnìt en mént sübit <eos>,<sos> lei si è subito ricordata <eos>
e gliùrå,allora,<sos> e gliùrå <eos>,<sos> allora <eos>
« 'ndó fò a maià e bìf! »,« andrò a mangiare e bere! »,<sos> 'ndó fò a maià e bìf ! <eos>,<sos> andrò a mangiare e bere ! <eos>
i s'è bötài śó,si sono sdraiati,<sos> i s'è bötài śó <eos>,<sos> si sono sdraiati <eos>
fónt,profondo,<sos> fónt <eos>,<sos> profondo <eos>
l'è partìt,è partito,<sos> l'è partìt <eos>,<sos> è partito <eos>
i śgi à fade śgirà la cità,le hanno fatte girare per la città,<sos> i śgi à fade śgirà la cità <eos>,<sos> le hanno fatte girare per la città <eos>
l'à mustràt i déc,gli ha mostrato i denti,<sos> l'à mustràt i déc <eos>,<sos> gli ha mostrato i denti <eos>
al coménha amò a iga fàm,comincia di nuovo ad aver fame,<sos> al coménha amò a iga fàm <eos>,<sos> comincia di nuovo ad aver fame <eos>
pò 'l fà-å cólt,faceva caldo,<sos> pò 'l fà-å cólt <eos>,<sos> faceva caldo <eos>
— condannato a mòrte!,— condannato a morte!,<sos> condannato a mòrte ! <eos>,<sos> condannato a morte ! <eos>
potà,pota,<sos> potà <eos>,<sos> pota <eos>
— arét mìa ìst per caśo a pasà de ché ol Rè-Serpènte té? —,— non ha visto per caso passare di qui il Re-Serpente?,<sos> arét mìa ìst per caśo a pasà de ché ol rè-serpènte té ? <eos>,<sos> non ha visto per caso passare di qui il re-serpente ? <eos>
"— nò nò, mé öi chèlå he de nò",— io voglio quella,"<sos> nò nò , mé öi chèlå he de nò <eos>",<sos> io voglio quella <eos>
statua di marmo diventerà,statua di marmo diventerà,<sos> statua di marmo diventerà <eos>,<sos> statua di marmo diventerà <eos>
ol gaér l'è 'ndài da on'ótra,la pula da un'altra,<sos> ol gaér l'è 'ndài da on'ótra <eos>,<sos> la pula da un'altra <eos>
"li gh'érå amò, i je i à tacade hö tüt el barulì","c'erano ancora tutte le pecore, avevano attaccato tutti i campanellini all'agnello","<sos> li gh'érå amò , i je i à tacade hö tüt el barulì <eos>","<sos> c'erano ancora tutte le pecore , avevano attaccato tutti i campanellini all'agnello <eos>"
la gh'à cöntàt sö töta la stòria,ha raccontato tutta la storia,<sos> la gh'à cöntàt sö töta la stòria <eos>,<sos> ha raccontato tutta la storia <eos>
éra 'n tré,erano in tre:,<sos> éra 'n tré <eos>,<sos> erano in tre <eos>
pasàt a' chèlå gliò,così la ragazza ha superato anche quella prova,<sos> pasàt a' chèlå gliò <eos>,<sos> così la ragazza ha superato anche quella prova <eos>
mài nessuno à potuto entrare! —,mai nessuno ha potuto entrare! —,<sos> mài nessuno à potuto entrare ! <eos>,<sos> mai nessuno ha potuto entrare ! <eos>
la gh'è mài ri-àdå,non è mai riuscita,<sos> la gh'è mài ri-àdå <eos>,<sos> non è mai riuscita <eos>
pròpi,proprio,<sos> pròpi <eos>,<sos> proprio <eos>
l'à fàt gió ü büs,ha fatto un buco,<sos> l'à fàt gió ü büs <eos>,<sos> ha fatto un buco <eos>
i me n'à 'nvidàt gna' ü bucù,non me ne hanno offerto neppure un boccone,<sos> i me n'à 'nvidàt gna' ü bucù <eos>,<sos> non me ne hanno offerto neppure un boccone <eos>
lùr i à dìt isé:,hanno detto:,<sos> lùr i à dìt isé <eos>,<sos> hanno detto <eos>
śganahéta,sdentata,<sos> śganahéta <eos>,<sos> sdentata <eos>
— ma büté pà a' óter che stüf de bütà,"— buttate pure, che stanchi di buttare",<sos> ma büté pà a' óter che stüf de bütà <eos>,"<sos> buttate pure , che stanchi di buttare <eos>"
e 'l gh'à rumpìt amò tüt tüt tüt,e le ha rotto ancora tutto,<sos> e 'l gh'à rumpìt amò tüt tüt tüt <eos>,<sos> e le ha rotto ancora tutto <eos>
'l se ne 'ncórge mìa »,il mago non si accorge »,<sos> 'l se ne 'ncórge mìa <eos>,<sos> il mago non si accorge <eos>
ma mè ó cambiàt ni-ènt —,— io non ho cambiato niente,<sos> ma mè ó cambiàt ni-ènt <eos>,<sos> io non ho cambiato niente <eos>
e 'n fónt gh'éra öna fontana,con una fontana in fondo,<sos> e 'n fónt gh'éra öna fontana <eos>,<sos> con una fontana in fondo <eos>
la l'à dervida,l'ha socchiusa,<sos> la l'à dervida <eos>,<sos> l'ha socchiusa <eos>
i à hèmper fàt essé,hanno sempre fatto così,<sos> i à hèmper fàt essé <eos>,<sos> hanno sempre fatto così <eos>
l'è tré dé che 'm gira,giriamo da due o tre giorni,<sos> l'è tré dé che 'm gira <eos>,<sos> giriamo da due o tre giorni <eos>
— madóna 'ndo ś' vài a töl?,"— madonna, dove si va a prenderlo?",<sos> madóna 'ndo ś' vài a töl ? <eos>,"<sos> madonna , dove si va a prenderlo ? <eos>"
ma anómå ü śgìr làghemlo fà he nó mé ché,"almeno un giro lasciamelo fare, altrimenti",<sos> ma anómå ü śgìr làghemlo fà he nó mé ché <eos>,"<sos> almeno un giro lasciamelo fare , altrimenti <eos>"
perchè lü 'l pensà-à:,perché pensava,<sos> perchè lü 'l pensà-à <eos>,<sos> perché pensava <eos>
fò per i bósch,nel bosco,<sos> fò per i bósch <eos>,<sos> nel bosco <eos>
e lü 'l fà 'ssé: — cohè?,il re dice: — cosa?,<sos> e lü 'l fà 'ssé cohè ? <eos>,<sos> il re dice cosa ? <eos>
perchè la spùśå l'érå preparàdå amó piö bé de prìmå,perché la sposa era vestita ancora meglio di prima,<sos> perchè la spùśå l'érå preparàdå amó piö bé de prìmå <eos>,<sos> perché la sposa era vestita ancora meglio di prima <eos>
e lü amò cóla sò tri-ilìnå 'n tàscå,e lui con la sua trivellina,<sos> e lü amò cóla sò tri-ilìnå 'n tàscå <eos>,<sos> e lui con la sua trivellina <eos>
però,però,<sos> però <eos>,<sos> però <eos>
de ór,pieni di oro,<sos> de ór <eos>,<sos> pieni di oro <eos>
ål pàså il grànt osciür,passa un gran signore,<sos> ål pàså il grànt osciür <eos>,<sos> passa un gran signore <eos>
o só mìa mé — 'l dìs —,io non so,<sos> o só mìa mé 'l dìs <eos>,<sos> io non so <eos>
e i fà: — pòta ma darèhef mìa de durmì? —,e chiedono: — non ci dareste da dormire? —,<sos> e i fà pòta ma darèhef mìa de durmì ? <eos>,<sos> e chiedono non ci dareste da dormire ? <eos>
perchè 'l drago-dèle-sètte-tèste l'ó cupàt mé —,perché il drago-delle-sette-teste l'ho ammazzato io —,<sos> perchè 'l drago-dèle-sètte-tèste l'ó cupàt mé <eos>,<sos> perché il drago-delle-sette-teste l'ho ammazzato io <eos>
i 'mpisa 'l föch,per accendere il fuoco,<sos> i 'mpisa 'l föch <eos>,<sos> per accendere il fuoco <eos>
e l'e 'ndada de déter,e lei è entrata,<sos> e l'e 'ndada de déter <eos>,<sos> e lei è entrata <eos>
perché ghe n'é-e pò mìa metìt gió gna' tance —,perché non erano tanti,<sos> perché ghe n'é-e pò mìa metìt gió gna' tance <eos>,<sos> perché non erano tanti <eos>
e 'stì lantèrne li fà:,che fanno:,<sos> e 'stì lantèrne li fà <eos>,<sos> che fanno <eos>
co' 'nturen dó o tréi piànte mèśe sèche,con due o tre piante quasi secche intorno,<sos> co' 'nturen dó o tréi piànte mèśe sèche <eos>,<sos> con due o tre piante quasi secche intorno <eos>
i vèt che 'l vé 'l padrù,perché arrivava il padrone,<sos> i vèt che 'l vé 'l padrù <eos>,<sos> perché arrivava il padrone <eos>
'hto òm a uśà,lui si è messo a gridare,<sos> 'hto òm a uśà <eos>,<sos> lui si è messo a gridare <eos>
l'è nahìt amò ünå hurilìnå!,è nata un'altra sorellina!,<sos> l'è nahìt amò ünå hurilìnå ! <eos>,<sos> è nata un'altra sorellina ! <eos>
de 'ndóe 'l ri-à-å pò 'l drago,dal drago,<sos> de 'ndóe 'l ri-à-å pò 'l drago <eos>,<sos> dal drago <eos>
pòtå 'l girà-å 'l mónt a' lü gliò,che girava il mondo,<sos> pòtå 'l girà-å 'l mónt a' lü gliò <eos>,<sos> che girava il mondo <eos>
hènsa che i cròf i ge fèh ehparì,senza che i corvi le facessero sparire,<sos> hènsa che i cròf i ge fèh ehparì <eos>,<sos> senza che i corvi le facessero sparire <eos>
— Paulì,— Paolino,<sos> paulì <eos>,<sos> paolino <eos>
e i l'à metìdå,e l'hanno messa,<sos> e i l'à metìdå <eos>,<sos> e l'hanno messa <eos>
gh'è 'gnìt ö tempestù — 'l dìs —,è venuta una grande tempesta,<sos> gh'è 'gnìt ö tempestù 'l dìs <eos>,<sos> è venuta una grande tempesta <eos>
e 'l ga dìs:,gli dice:,<sos> e 'l ga dìs <eos>,<sos> gli dice <eos>
e gliùrå lü 'sto ]uanì l'è 'ndàt,allora Giovannino è andato,<sos> e gliùrå lü 'sto uanì l'è 'ndàt <eos>,<sos> allora giovannino è andato <eos>
pasàt śó,passato sotto,<sos> pasàt śó <eos>,<sos> passato sotto <eos>
"la sa mèt dré, l'à hàc amó tüc i sò mestér",si mette ancora a fare tutti i mestieri,"<sos> la sa mèt dré , l'à hàc amó tüc i sò mestér <eos>",<sos> si mette ancora a fare tutti i mestieri <eos>
mè ch'i tire sö,strappare,<sos> mè ch'i tire sö <eos>,<sos> strappare <eos>
la hìa piö cóha la gh'éra de fa,non sapeva più cosa fare,<sos> la hìa piö cóha la gh'éra de fa <eos>,<sos> non sapeva più cosa fare <eos>
he de nò,altrimenti,<sos> he de nò <eos>,<sos> altrimenti <eos>
— ma criste — 'l dìh — chi él che 'l parla?,« ma chi è che parla? »,<sos> ma criste 'l dìh chi él che 'l parla ? <eos>,<sos> ma chi è che parla ? <eos>
te aréhet vulìt —,avresti voluto —,<sos> te aréhet vulìt <eos>,<sos> avresti voluto <eos>
bigaröl che 'l ghe 'ndà-å pò piö gna' bé perchè dòpo i éra pò 'gnìc a' granc,"grembiule, che neppure le andava più bene perché era diventata grande",<sos> bigaröl che 'l ghe 'ndà-å pò piö gna' bé perchè dòpo i éra pò 'gnìc a' granc <eos>,"<sos> grembiule , che neppure le andava più bene perché era diventata grande <eos>"
de 'nà a cà dù o tré dé,di andare a casa due o tre giorni,<sos> de 'nà a cà dù o tré dé <eos>,<sos> di andare a casa due o tre giorni <eos>
che a mé cà,qui a casa mia,<sos> che a mé cà <eos>,<sos> qui a casa mia <eos>
óltes mìå 'ndré,non voltarti,<sos> óltes mìå 'ndré <eos>,<sos> non voltarti <eos>
la gh'éå sö piö gna' önà che laurà-ö,non ha neppure una figlia che lavori,<sos> la gh'éå sö piö gna' önà che laurà-ö <eos>,<sos> non ha neppure una figlia che lavori <eos>
"l'à tratàt a töc i cósti, l'à ülìt comprà","ha trattato ad ogni costo, ha voluto comperare","<sos> l'à tratàt a töc i cósti , l'à ülìt comprà <eos>","<sos> ha trattato ad ogni costo , ha voluto comperare <eos>"
comunque adès te égnet de déter,comunque adesso entra,<sos> comunque adès te égnet de déter <eos>,<sos> comunque adesso entra <eos>
e pò gire amò,e poi girerò ancora,<sos> e pò gire amò <eos>,<sos> e poi girerò ancora <eos>
— gliùrå — 'l dìs — che 'm và 'n dol lèt sènså hénå?,"— allora, andiamo a letto senza cena?",<sos> gliùrå 'l dìs che 'm và 'n dol lèt sènså hénå ? <eos>,"<sos> allora , andiamo a letto senza cena ? <eos>"
e pò i pórtå ala preśénsà dol rè,e portato alla presenza del re,<sos> e pò i pórtå ala preśénsà dol rè <eos>,<sos> e portato alla presenza del re <eos>
e lü 'l ga dìh:,e lui dice:,<sos> e lü 'l ga dìh <eos>,<sos> e lui dice <eos>
la h'éra 'mpi-enida hö le mà,s'era riempita le mani,<sos> la h'éra 'mpi-enida hö le mà <eos>,<sos> s'era riempita le mani <eos>
dré a 'sta strada,per la strada,<sos> dré a 'sta strada <eos>,<sos> per la strada <eos>
mìśeri e tribulati,miseri e tribolati,<sos> mìśeri e tribulati <eos>,<sos> miseri e tribolati <eos>
— ah — 'l dìh —,— ah — dice —,<sos> ah 'l dìh <eos>,<sos> ah dice <eos>
l'ànimå cunfinàdå l'è 'gnìdå sö,l'anima confinata è uscita,<sos> l'ànimå cunfinàdå l'è 'gnìdå sö <eos>,<sos> l'anima confinata è uscita <eos>
— taulì paréjå! —,— tavolino apparecchia! —,<sos> taulì paréjå ! <eos>,<sos> tavolino apparecchia ! <eos>
"— và bé ca hó sciùra, ma enfì cóha fói? negót!","«va bene che sono una signora, ma in fondo cosa faccio? niente!","<sos> và bé ca hó sciùra , ma enfì cóha fói ? negót ! <eos>","<sos> va bene che sono una signora , ma in fondo cosa faccio ? niente ! <eos>"
àidem! —,aiutami! —,<sos> àidem ! <eos>,<sos> aiutami ! <eos>
e la 'à de déter,lei entra,<sos> e la 'à de déter <eos>,<sos> lei entra <eos>
che lùr i se s'è calmàc,quelli si sono calmati,<sos> che lùr i se s'è calmàc <eos>,<sos> quelli si sono calmati <eos>
la gh'éå tance tuśilì,aveva tanti bambini,<sos> la gh'éå tance tuśilì <eos>,<sos> aveva tanti bambini <eos>
e tira śó,e tira giù,<sos> e tira śó <eos>,<sos> e tira giù <eos>
agliùra 'l gh'è 'gnìt en mènt,si è ricordato,<sos> agliùra 'l gh'è 'gnìt en mènt <eos>,<sos> si è ricordato <eos>
farò 'ssè cume te m'é dìt —,farò come mi hai detto —,<sos> farò 'ssè cume te m'é dìt <eos>,<sos> farò come mi hai detto <eos>
e lü 'l dìh:,l'uomo risponde:,<sos> e lü 'l dìh <eos>,<sos> l'uomo risponde <eos>
agliùra — 'l dìh — am hè decórde —,allora siamo d'accordo —,<sos> agliùra 'l dìh am hè decórde <eos>,<sos> allora siamo d'accordo <eos>
l'è 'ndàc a,è andato a,<sos> l'è 'ndàc a <eos>,<sos> è andato a <eos>
« 'l ma harà parìt a mé! »,« mi sarà sembrato »,<sos> 'l ma harà parìt a mé ! <eos>,<sos> mi sarà sembrato <eos>
e śgiü che l'éra 'l capo 'l ga dìh a ön óter,il capo ha detto a un altro,<sos> e śgiü che l'éra 'l capo 'l ga dìh a ön óter <eos>,<sos> il capo ha detto a un altro <eos>
che 'l prìm mehtér,il primo mestiere,<sos> che 'l prìm mehtér <eos>,<sos> il primo mestiere <eos>
e lü,e lui,<sos> e lü <eos>,<sos> e lui <eos>
ål rìå amò al medéśim punto,arriva allo stesso punto,<sos> ål rìå amò al medéśim punto <eos>,<sos> arriva allo stesso punto <eos>
lü 'l fà pahà,l'orco comincia a rovistare,<sos> lü 'l fà pahà <eos>,<sos> l'orco comincia a rovistare <eos>
l'éra tàt estüfå de chèl tùh ilò,era tanto stufa di lui,<sos> l'éra tàt estüfå de chèl tùh ilò <eos>,<sos> era tanto stufa di lui <eos>
tüt ol dé e pensa màl,tutto 11 giorno a pensar male,<sos> tüt ol dé e pensa màl <eos>,<sos> tutto 11 giorno a pensar male <eos>
dòpo,poi,<sos> dòpo <eos>,<sos> poi <eos>
— éh ah,— eh ah,<sos> éh ah <eos>,<sos> eh ah <eos>
turne mìa 'ndré!,non torno indietro!,<sos> turne mìa 'ndré ! <eos>,<sos> non torno indietro ! <eos>
'à śó a derviga,vanno ad aprire,<sos> 'à śó a derviga <eos>,<sos> vanno ad aprire <eos>
Gh'éra 'l Hignùr e Han Piéro,Il Signore e San Pietro,<sos> gh'éra 'l hignùr e han piéro <eos>,<sos> il signore e san pietro <eos>
— mé 'n völe dói de scüdèle de minestrå,— io voglio due scodelle di minestra,<sos> mé 'n völe dói de scüdèle de minestrå <eos>,<sos> io voglio due scodelle di minestra <eos>
'n fastide,preoccupata,<sos> 'n fastide <eos>,<sos> preoccupata <eos>
alméno to sé spuśàdå,almeno se sarai sposata,<sos> alméno to sé spuśàdå <eos>,<sos> almeno se sarai sposata <eos>
chiùśå ermeticamènte 'n da cà,rinchiusa ermeticamente,<sos> chiùśå ermeticamènte 'n da cà <eos>,<sos> rinchiusa ermeticamente <eos>
e i 'nà-a e ègn,ma andavano e venivano,<sos> e i 'nà-a e ègn <eos>,<sos> ma andavano e venivano <eos>
e 'zzé l'è stacia gliò,così è rimasta là,<sos> e 'zzé l'è stacia gliò <eos>,<sos> così è rimasta là <eos>
ma ga rì-e mìa,ma non riesco,<sos> ma ga rì-e mìa <eos>,<sos> ma non riesco <eos>
lü 'l sò papà töt en fastide,il padre tutto preoccupato,<sos> lü 'l sò papà töt en fastide <eos>,<sos> il padre tutto preoccupato <eos>
si? i gh'à frèt,se avete freddo,<sos> si ? i gh'à frèt <eos>,<sos> se avete freddo <eos>
la séra la urìa pò 'ndà gnàch a cà,di sera non voleva neppure andare a casa,<sos> la séra la urìa pò 'ndà gnàch a cà <eos>,<sos> di sera non voleva neppure andare a casa <eos>
gh'ó apénà üna pìcolå caśìnå négrå,ho solo una piccola casetta nera nera,<sos> gh'ó apénà üna pìcolå caśìnå négrå <eos>,<sos> ho solo una piccola casetta nera nera <eos>
pìmf e pàmf!,pimf e pamf!,<sos> pìmf e pàmf ! <eos>,<sos> pimf e pamf ! <eos>
möet,muoviti,<sos> möet <eos>,<sos> muoviti <eos>
metà lé,metà,<sos> metà lé <eos>,<sos> metà <eos>
— se te me laghet ondà a dórme mé stasérå cóla tò spùśå —,— mi lasci andare a dormire stanotte con la tua sposa?,<sos> se te me laghet ondà a dórme mé stasérå cóla tò spùśå <eos>,<sos> mi lasci andare a dormire stanotte con la tua sposa ? <eos>
la gira 'm pó,ha girato per un po',<sos> la gira 'm pó <eos>,<sos> ha girato per un po' <eos>
fühei fò tüddù!,— fossero fuori tutti e due!,<sos> fühei fò tüddù ! <eos>,<sos> fossero fuori tutti e due ! <eos>
l'üs-cetì,lo sportellino,<sos> l'üs-cetì <eos>,<sos> lo sportellino <eos>
de 'sta polènta!,di polenta!,<sos> de 'sta polènta ! <eos>,<sos> di polenta ! <eos>
e i fà:,dicono:,<sos> e i fà <eos>,<sos> dicono <eos>
e la hérå prìmå de 'ndà,e di sera prima di andare,<sos> e la hérå prìmå de 'ndà <eos>,<sos> e di sera prima di andare <eos>
mé,io,<sos> mé <eos>,<sos> io <eos>
i ma darà de mangià a mé e pò ai mé s-cetì,ci daranno da mangiare,<sos> i ma darà de mangià a mé e pò ai mé s-cetì <eos>,<sos> ci daranno da mangiare <eos>
al gh'éå ünå gàmbå tüta 'nsanguinétå 'sto camós,aveva una gamba tutta insanguinata,<sos> al gh'éå ünå gàmbå tüta 'nsanguinétå 'sto camós <eos>,<sos> aveva una gamba tutta insanguinata <eos>
— eéh de quàch bande m'endarà,— da qualche parte andremo,<sos> eéh de quàch bande m'endarà <eos>,<sos> da qualche parte andremo <eos>
éi pò mórc,siano morti,<sos> éi pò mórc <eos>,<sos> siano morti <eos>
e gliò,e lì,<sos> e gliò <eos>,<sos> e lì <eos>
cóha i fa,cosa fanno,<sos> cóha i fa <eos>,<sos> cosa fanno <eos>
ål capìå pò mìå ål capìå pò mìå 'ndù-e l'érå,non capiva dove fosse,<sos> ål capìå pò mìå ål capìå pò mìå 'ndù-e l'érå <eos>,<sos> non capiva dove fosse <eos>
lùr i và là 'm pó,vanno avanti un po',<sos> lùr i và là 'm pó <eos>,<sos> vanno avanti un po' <eos>
'està stansa ché te la dèrvet mài,— non devi mai aprire questa stanza,<sos> 'està stansa ché te la dèrvet mài <eos>,<sos> non devi mai aprire questa stanza <eos>
tutte le stréghe sótto la fontana! »,tutte le streghe sotto la fontana! »,<sos> tutte le stréghe sótto la fontana ! <eos>,<sos> tutte le streghe sotto la fontana ! <eos>
anche dòpo fàt sö rata,anche dopo la salita,<sos> anche dòpo fàt sö rata <eos>,<sos> anche dopo la salita <eos>
e śgira,gira,<sos> e śgira <eos>,<sos> gira <eos>
tüc che śbatìå li ale e la clòhå,tutti sbattevano le ali e la chioccia,<sos> tüc che śbatìå li ale e la clòhå <eos>,<sos> tutti sbattevano le ali e la chioccia <eos>
l'à ìst nigü lé,non ha visto nessuno,<sos> l'à ìst nigü lé <eos>,<sos> non ha visto nessuno <eos>
— pòtå nóter em gh'à nénte —,— noi non abbiamo niente —,<sos> pòtå nóter em gh'à nénte <eos>,<sos> noi non abbiamo niente <eos>
— fét pò chè ché?,— cosa fai qui?,<sos> fét pò chè ché ? <eos>,<sos> cosa fai qui ? <eos>
e lü chèl al pàrt,e quello è partito,<sos> e lü chèl al pàrt <eos>,<sos> e quello è partito <eos>
e gliùrå 'stå tuśìnå,allora la bambina,<sos> e gliùrå 'stå tuśìnå <eos>,<sos> allora la bambina <eos>
e diamanti,diamanti,<sos> e diamanti <eos>,<sos> diamanti <eos>
arda èh,guardate,<sos> arda èh <eos>,<sos> guardate <eos>
'l gh'éå 'l taulì,e il tavolino,<sos> 'l gh'éå 'l taulì <eos>,<sos> e il tavolino <eos>
amò,di nuovo,<sos> amò <eos>,<sos> di nuovo <eos>
— e dopo,— poi,<sos> e dopo <eos>,<sos> poi <eos>
e 'l gh'à dìt: — biśògna che te convincet amò 'l prìncipe de purtàt en céśå e spuśàt,e le ha detto: — devi convincere ancora il principe a portarti in chiesa per sposarti,<sos> e 'l gh'à dìt biśògna che te convincet amò 'l prìncipe de purtàt en céśå e spuśàt <eos>,<sos> e le ha detto devi convincere ancora il principe a portarti in chiesa per sposarti <eos>
e estìm sö — fé lü 'l sò papà 'l ga dìs:,il padre ha detto:,<sos> e estìm sö fé lü 'l sò papà 'l ga dìs <eos>,<sos> il padre ha detto <eos>
e lé la ga dìh: — nò eh,lei risponde: — no,<sos> e lé la ga dìh nò eh <eos>,<sos> lei risponde no <eos>
ga dó i sólc de cumpràn quàter,ti do i soldi per comprarne quattro,<sos> ga dó i sólc de cumpràn quàter <eos>,<sos> ti do i soldi per comprarne quattro <eos>
menemà,ad un tratto,<sos> menemà <eos>,<sos> ad un tratto <eos>
cóha t'è 'gnìt en mènt chè?,cosa ti è venuto in mente?,<sos> cóha t'è 'gnìt en mènt chè ? <eos>,<sos> cosa ti è venuto in mente ? <eos>
e lé la ga respónt,e lei risponde:,<sos> e lé la ga respónt <eos>,<sos> e lei risponde <eos>
"pò l'è 'gnida d'fò, l'è 'ndacia fò amó 'n dol sò boschi","poi è uscita, è andata ancora nel suo cespuglio","<sos> pò l'è 'gnida d'fò , l'è 'ndacia fò amó 'n dol sò boschi <eos>","<sos> poi è uscita , è andata ancora nel suo cespuglio <eos>"
gh'ó de girà tàt e tàt e tàt,dovrò girare molto,<sos> gh'ó de girà tàt e tàt e tàt <eos>,<sos> dovrò girare molto <eos>
col sachilì de farìnå,col sacchetto di farina,<sos> col sachilì de farìnå <eos>,<sos> col sacchetto di farina <eos>
— 'ndo 'ndét compàr gàl,— dove vai compare gallo,<sos> 'ndo 'ndét compàr gàl <eos>,<sos> dove vai compare gallo <eos>
che-se-àlså-e-che-se-śbàså,che-si-alza-e-si-abbassa,<sos> che-se-àlså-e-che-se-śbàså <eos>,<sos> che-si-alza-e-si-abbassa <eos>
— e và bé,— va bene,<sos> e và bé <eos>,<sos> va bene <eos>
— mangé! —,— mangiate! —,<sos> mangé ! <eos>,<sos> mangiate ! <eos>
amò l'órco,l'orco,<sos> amò l'órco <eos>,<sos> l'orco <eos>
ai bès-ce,alle bestie,<sos> ai bès-ce <eos>,<sos> alle bestie <eos>
— ótre tuśe che scu-é cóla lènguå,— ragazze che scopate con la lingua,<sos> ótre tuśe che scu-é cóla lènguå <eos>,<sos> ragazze che scopate con la lingua <eos>
nel 'nà glià,nell'andare in là,<sos> nel 'nà glià <eos>,<sos> nell'andare in là <eos>
agliùra 'hto pehì 'l gh'à dìt: — eéh và,allora il pesciolino gli ha risposto: — vai,<sos> agliùra 'hto pehì 'l gh'à dìt eéh và <eos>,<sos> allora il pesciolino gli ha risposto vai <eos>
e pò è partìc,poi sono partiti,<sos> e pò è partìc <eos>,<sos> poi sono partiti <eos>
quàndo i à davrìt,quando hanno aperto,<sos> quàndo i à davrìt <eos>,<sos> quando hanno aperto <eos>
e i à cupàt ol tùs,hanno ammazzato il figlio,<sos> e i à cupàt ol tùs <eos>,<sos> hanno ammazzato il figlio <eos>
— adès staséra te sté ché a durmì,— questa sera rimarrai qui a dormire,<sos> adès staséra te sté ché a durmì <eos>,<sos> questa sera rimarrai qui a dormire <eos>
e gliò la endìå,e là vendeva,<sos> e gliò la endìå <eos>,<sos> e là vendeva <eos>
ah i à cantàl en chèlå hérå!,quella sera hanno cantato,<sos> ah i à cantàl en chèlå hérå ! <eos>,<sos> quella sera hanno cantato <eos>
— pènse ala mé màmå pu-arìnå,— penso alla mia povera mamma,<sos> pènse ala mé màmå pu-arìnå <eos>,<sos> penso alla mia povera mamma <eos>
i sólc che te gh'é purtàt en sö,i soldi che le hai portato,<sos> i sólc che te gh'é purtàt en sö <eos>,<sos> i soldi che le hai portato <eos>
i gh'éå,avevano,<sos> i gh'éå <eos>,<sos> avevano <eos>
he éhet pò ìht màmå,— se avessi visto mamma!,<sos> he éhet pò ìht màmå <eos>,<sos> se avessi visto mamma ! <eos>
e l'è 'ndada śgió,ed è sprofondata,<sos> e l'è 'ndada śgió <eos>,<sos> ed è sprofondata <eos>
— hé!,— sì,<sos> hé ! <eos>,<sos> sì <eos>
e li à fàt amò:,e hanno detto:,<sos> e li à fàt amò <eos>,<sos> e hanno detto <eos>
dòpo gh'è 'gnìt en ment:,poi si è ricordato:,<sos> dòpo gh'è 'gnìt en ment <eos>,<sos> poi si è ricordato <eos>
— fòrså! —,— forza! —,<sos> fòrså ! <eos>,<sos> forza ! <eos>
só tru-àdå tàt a disaśgio,mi sono trovata tanto a disagio,<sos> só tru-àdå tàt a disaśgio <eos>,<sos> mi sono trovata tanto a disagio <eos>
så 'n chèla muntagninå sö che,su quella montagnetta,<sos> så 'n chèla muntagninå sö che <eos>,<sos> su quella montagnetta <eos>
de iga öna spuśa compagna,di avere una sposa come lei,<sos> de iga öna spuśa compagna <eos>,<sos> di avere una sposa come lei <eos>
l'éra prefondàt,era affondato,<sos> l'éra prefondàt <eos>,<sos> era affondato <eos>
— mè ó streàt chèl óter... —,— io ho stregato l'altro... —,<sos> mè ó streàt chèl óter . . . <eos>,<sos> io ho stregato l'altro . . . <eos>
'ta lü disperàt,lui disperato,<sos> 'ta lü disperàt <eos>,<sos> lui disperato <eos>
e la nòt al di-entà-à amò ü òm,e di notte ritornava ancora uomo,<sos> e la nòt al di-entà-à amò ü òm <eos>,<sos> e di notte ritornava ancora uomo <eos>
a ciapà chi dù lé,a prendere i due ladri,<sos> a ciapà chi dù lé <eos>,<sos> a prendere i due ladri <eos>
fühei fò tüddü gliùrå hó apòht dol tüt!,"se fossero fuori tutti e due, sarei a posto del tutto!",<sos> fühei fò tüddü gliùrå hó apòht dol tüt ! <eos>,"<sos> se fossero fuori tutti e due , sarei a posto del tutto ! <eos>"
però biśógna che te l'espuśet serpént,ma devi sposarlo serpente,<sos> però biśógna che te l'espuśet serpént <eos>,<sos> ma devi sposarlo serpente <eos>
e lùr i ghe dìs: — nò èh,loro rispondono: — ah no,<sos> e lùr i ghe dìs nò èh <eos>,<sos> loro rispondono ah no <eos>
ca la gh'ìa spödàt gió lé söl có,a lei la ragazza aveva sputato in testa,<sos> ca la gh'ìa spödàt gió lé söl có <eos>,<sos> a lei la ragazza aveva sputato in testa <eos>
e quàndo ca l'à üt finìt la mèhå,e quando è finita la messa,<sos> e quàndo ca l'à üt finìt la mèhå <eos>,<sos> e quando è finita la messa <eos>
ål se spùśå 'l prìncipe,il principe,<sos> ål se spùśå 'l prìncipe <eos>,<sos> il principe <eos>
credendo ch'i füdés mórc,credendo che fossero morti,<sos> credendo ch'i füdés mórc <eos>,<sos> credendo che fossero morti <eos>
egnì ö dé a giornada?,venire a lavorare a giornata?,<sos> egnì ö dé a giornada ? <eos>,<sos> venire a lavorare a giornata ? <eos>
e tüc i invitati,e tutti gli invitati,<sos> e tüc i invitati <eos>,<sos> e tutti gli invitati <eos>
i sént amò:,sentono ancora:,<sos> i sént amò <eos>,<sos> sentono ancora <eos>
e 'l vèc ål gh'à dìt:,e il vecchio ha detto:,<sos> e 'l vèc ål gh'à dìt <eos>,<sos> e il vecchio ha detto <eos>
— madónå,— madonna,<sos> madónå <eos>,<sos> madonna <eos>
Piéro,Pietro,<sos> piéro <eos>,<sos> pietro <eos>
— nò!,— no!,<sos> nò ! <eos>,<sos> no ! <eos>
— a pasà 'l pùt,— nel passare il ponte,<sos> a pasà 'l pùt <eos>,<sos> nel passare il ponte <eos>
— che gh'ét chè?,— cos'hai?,<sos> che gh'ét chè ? <eos>,<sos> cos'hai ? <eos>
'l pasa amò 'sto casadùr,passa il cacciatore,<sos> 'l pasa amò 'sto casadùr <eos>,<sos> passa il cacciatore <eos>
öna fèta de polènta i mo la darà töc,tutti daranno una fetta di polenta,<sos> öna fèta de polènta i mo la darà töc <eos>,<sos> tutti daranno una fetta di polenta <eos>
'narì a robài,li ruberete,<sos> 'narì a robài <eos>,<sos> li ruberete <eos>
te 'né glià fò lé,vai in quel posto,<sos> te 'né glià fò lé <eos>,<sos> vai in quel posto <eos>
ål dìh essè: — tìgnel nèh,— tienila!,<sos> ål dìh essè tìgnel nèh <eos>,<sos> tienila ! <eos>
al hét mìa cóha 'l harèh?,non sai cosa sarebbe?,<sos> al hét mìa cóha 'l harèh ? <eos>,<sos> non sai cosa sarebbe ? <eos>
la 'à là 'm pó,ha girato per un po',<sos> la 'à là 'm pó <eos>,<sos> ha girato per un po' <eos>
e pò 'l ghe l' sùnå,e scappa via,<sos> e pò 'l ghe l' sùnå <eos>,<sos> e scappa via <eos>
l'è stada lé,ed è rimasta là,<sos> l'è stada lé <eos>,<sos> ed è rimasta là <eos>
trèi forchète,tre forchette,<sos> trèi forchète <eos>,<sos> tre forchette <eos>
gliùrå 'l vé hö d'la pignàtå,allora esce dalla pignatta,<sos> gliùrå 'l vé hö d'la pignàtå <eos>,<sos> allora esce dalla pignatta <eos>
Turco,Turco,<sos> turco <eos>,<sos> turco <eos>
i fà pasà 'm per töt,cercano dappertutto,<sos> i fà pasà 'm per töt <eos>,<sos> cercano dappertutto <eos>
e 'l l'à ri-àda sö,è arrivata su,<sos> e 'l l'à ri-àda sö <eos>,<sos> è arrivata su <eos>
cumìnciå la madrìgnå,comincia la matrigna,<sos> cumìnciå la madrìgnå <eos>,<sos> comincia la matrigna <eos>
ünå crapa de mórt,una testa di morto,<sos> ünå crapa de mórt <eos>,<sos> una testa di morto <eos>
che hó 'l famèi a spuśà la padruna!,sono il famiglio e sposo la padrona! —,<sos> che hó 'l famèi a spuśà la padruna ! <eos>,<sos> sono il famiglio e sposo la padrona ! <eos>
la gh'ìa ìt dù s-cèi bröc come i di-àoi?,aveva avuto due figli brutti come diavoli!,<sos> la gh'ìa ìt dù s-cèi bröc come i di-àoi ? <eos>,<sos> aveva avuto due figli brutti come diavoli ! <eos>
— 'ndo él tò fredèl?,— dov'è tuo fratello?,<sos> 'ndo él tò fredèl ? <eos>,<sos> dov'è tuo fratello ? <eos>
i à troàt ö büs,han trovato un buco,<sos> i à troàt ö büs <eos>,<sos> han trovato un buco <eos>
— chè?,— che cosa?,<sos> chè ? <eos>,<sos> che cosa ? <eos>
la öl metì hö öna curuna höl có —,mettere una corona sulla testa —,<sos> la öl metì hö öna curuna höl có <eos>,<sos> mettere una corona sulla testa <eos>
ol sàch,il sacco,<sos> ol sàch <eos>,<sos> il sacco <eos>
— födèhei déter tüddü!,— fossero dentro tutti e due!,<sos> födèhei déter tüddü ! <eos>,<sos> fossero dentro tutti e due ! <eos>
— te dó üna nùs,— ti dò questa noce,<sos> te dó üna nùs <eos>,<sos> ti dò questa noce <eos>
e cambiàs fò i vistìc,a cambiarsi i vestiti,<sos> e cambiàs fò i vistìc <eos>,<sos> a cambiarsi i vestiti <eos>
'l dé dòpo l'è amó sö 'n de 'stå muntàgnå,il giorno dopo è ancora su quella montagna,<sos> 'l dé dòpo l'è amó sö 'n de 'stå muntàgnå <eos>,<sos> il giorno dopo è ancora su quella montagna <eos>
o lagamlo purtà ala mé cà,o poterlo portare a casa mia,<sos> o lagamlo purtà ala mé cà <eos>,<sos> o poterlo portare a casa mia <eos>
töte piéne de gèmme,piene di gemme,<sos> töte piéne de gèmme <eos>,<sos> piene di gemme <eos>
— ah pòtå,— ah pota,<sos> ah pòtå <eos>,<sos> ah pota <eos>
e óltes mài 'ndré,e non voltarti mai indietro,<sos> e óltes mài 'ndré <eos>,<sos> e non voltarti mai indietro <eos>
perchè mé,perché io,<sos> perchè mé <eos>,<sos> perché io <eos>
e gliùra 'l h'è metìt dré a fà:,che allora s'è messo a cantare:,<sos> e gliùra 'l h'è metìt dré a fà <eos>,<sos> che allora s'è messo a cantare <eos>
« cóha ó mài fàt!,« cos'ho mai fatto!,<sos> cóha ó mài fàt ! <eos>,<sos> cos'ho mai fatto ! <eos>
la ga fà dehtacà śó,ha fatto togliere,<sos> la ga fà dehtacà śó <eos>,<sos> ha fatto togliere <eos>
la sérå,alla sera,<sos> la sérå <eos>,<sos> alla sera <eos>
e l'óter,e l'altro,<sos> e l'óter <eos>,<sos> e l'altro <eos>
e i à töt sö i hö hólc e pò i è 'ndàc e cà,hanno preso i soldi e poi sono andati a casa,<sos> e i à töt sö i hö hólc e pò i è 'ndàc e cà <eos>,<sos> hanno preso i soldi e poi sono andati a casa <eos>
và dréc dèla tò fómna che t'ederé come te la troeré! —,vai diritto da lei e vedrai come la troverai! —,<sos> và dréc dèla tò fómna che t'ederé come te la troeré ! <eos>,<sos> vai diritto da lei e vedrai come la troverai ! <eos>
— 'ndùe saràl chèl vìl suldàt,— dove sarà quel vil soldato,<sos> 'ndùe saràl chèl vìl suldàt <eos>,<sos> dove sarà quel vil soldato <eos>
l'è hunàt quàśe mehdé,sta per battere mezzogiorno,<sos> l'è hunàt quàśe mehdé <eos>,<sos> sta per battere mezzogiorno <eos>
cóme mài l'à fàt dhó chèla lètra ché? »,ha scritto questa lettera?,<sos> cóme mài l'à fàt dhó chèla lètra ché ? <eos>,<sos> ha scritto questa lettera ? <eos>
de ór,di oro,<sos> de ór <eos>,<sos> di oro <eos>
üna scàtolå de góśge,una scatola di aghi,<sos> üna scàtolå de góśge <eos>,<sos> una scatola di aghi <eos>
ma pórte śó de maìà e de bìf — al dìh — che,mi porti da mangiare e da bere che,<sos> ma pórte śó de maìà e de bìf al dìh che <eos>,<sos> mi porti da mangiare e da bere che <eos>
pò l'à heràt la lètra,poi ha chiuso la lettera,<sos> pò l'à heràt la lètra <eos>,<sos> poi ha chiuso la lettera <eos>
ma non la godrài,ma non la godrai,<sos> ma non la godrài <eos>,<sos> ma non la godrai <eos>
— scapa,— scappa,<sos> scapa <eos>,<sos> scappa <eos>
e 'l ge l'à dìt ünå óltå,gliel'ha detto una seconda volta:,<sos> e 'l ge l'à dìt ünå óltå <eos>,<sos> gliel'ha detto una seconda volta <eos>
ål s'è 'nquaciàt cùntrå ü altàr,si è accovacciato contro l'altare,<sos> ål s'è 'nquaciàt cùntrå ü altàr <eos>,<sos> si è accovacciato contro l'altare <eos>
l'à 'mpiàt dét ol hò holfanèl,ha acceso il frumento con un fiammifero,<sos> l'à 'mpiàt dét ol hò holfanèl <eos>,<sos> ha acceso il frumento con un fiammifero <eos>
i mèt źó 'n crùs,disponiamoli in croce,<sos> i mèt źó 'n crùs <eos>,<sos> disponiamoli in croce <eos>
che quàndo la hò s-cèta la cumpìa i ventü àgn,promettendo che quando sua figlia avrebbe compiuto ventun'anni,<sos> che quàndo la hò s-cèta la cumpìa i ventü àgn <eos>,<sos> promettendo che quando sua figlia avrebbe compiuto ventun'anni <eos>
essè,così,<sos> essè <eos>,<sos> così <eos>
ma dém em pó de palanche perchè la mé màmå la patéh la fàm nèh!,ma mi dia un po' di soldi perché mia madre patisce la fame!,<sos> ma dém em pó de palanche perchè la mé màmå la patéh la fàm nèh ! <eos>,<sos> ma mi dia un po' di soldi perché mia madre patisce la fame ! <eos>
e lü 'l préit gió 'n di bànch,e il parroco nei banchi,<sos> e lü 'l préit gió 'n di bànch <eos>,<sos> e il parroco nei banchi <eos>
— agliùra — 'l dìh — ma dìf a' de durmì?,— ci date anche da dormire?,<sos> agliùra 'l dìh ma dìf a' de durmì ? <eos>,<sos> ci date anche da dormire ? <eos>
stàt ogliò amò tüt ol dé,è rimasto là tutto il giorno,<sos> stàt ogliò amò tüt ol dé <eos>,<sos> è rimasto là tutto il giorno <eos>
la i à metìt sö söl laùr po',"li ha messi nel cestello, poi",<sos> la i à metìt sö söl laùr po' <eos>,"<sos> li ha messi nel cestello , poi <eos>"
i davrìs ünà,ne aprono una,<sos> i davrìs ünà <eos>,<sos> ne aprono una <eos>
la sérå,la sera,<sos> la sérå <eos>,<sos> la sera <eos>
e gliùra,allora,<sos> e gliùra <eos>,<sos> allora <eos>
he óter ucurì,— se voi siete necessari,<sos> he óter ucurì <eos>,<sos> se voi siete necessari <eos>
l'à hentìt cóha che à dìt,ha sentito cosa aveva detto,<sos> l'à hentìt cóha che à dìt <eos>,<sos> ha sentito cosa aveva detto <eos>
beh 'm pó de mangià i ghe l'à dàt,beh qualcosa da mangiare gliel'hanno dato,<sos> beh 'm pó de mangià i ghe l'à dàt <eos>,<sos> beh qualcosa da mangiare gliel'hanno dato <eos>
alura lùr à fàt parì:,allora loro hanno finto di dire:,<sos> alura lùr à fàt parì <eos>,<sos> allora loro hanno finto di dire <eos>
l'eremìtå 'l vuréå pròpe mìå lagàl partì,quello non voleva proprio lasciarlo partire,<sos> l'eremìtå 'l vuréå pròpe mìå lagàl partì <eos>,<sos> quello non voleva proprio lasciarlo partire <eos>
gliò,lì,<sos> gliò <eos>,<sos> lì <eos>
turna a picà ala pòrta,bussano ancora alla porta,<sos> turna a picà ala pòrta <eos>,<sos> bussano ancora alla porta <eos>
lé la gh'à déc:,lei ha risposto:,<sos> lé la gh'à déc <eos>,<sos> lei ha risposto <eos>
åm vedirà,vedremo,<sos> åm vedirà <eos>,<sos> vedremo <eos>
ål s'è durmentàt sübit sübit,s'è addormentato subito,<sos> ål s'è durmentàt sübit sübit <eos>,<sos> s'è addormentato subito <eos>
'nì a edì,andate,<sos> 'nì a edì <eos>,<sos> andate <eos>
Piéro l'istà-a lé,Pietro,<sos> piéro l'istà-a lé <eos>,<sos> pietro <eos>
Gh'érå ünå óltå üna famìgliå,C'era una volta una famiglia,<sos> gh'érå ünå óltå üna famìgliå <eos>,<sos> c'era una volta una famiglia <eos>
e difati 'l l'à convìntå a 'ndà,e l'ha convinta ad andare,<sos> e difati 'l l'à convìntå a 'ndà <eos>,<sos> e l'ha convinta ad andare <eos>
e 'm va coperà töi tré!,e vi ammazzeremo tutti e tre,<sos> e 'm va coperà töi tré ! <eos>,<sos> e vi ammazzeremo tutti e tre <eos>
hó mìa mé — 'l dìs —,non so cosa,<sos> hó mìa mé 'l dìs <eos>,<sos> non so cosa <eos>
l'à ciapàt ün òm:,ha incontrato un uomo:,<sos> l'à ciapàt ün òm <eos>,<sos> ha incontrato un uomo <eos>
per és veramènte lìbera del fatto,per essere veramente libera,<sos> per és veramènte lìbera del fatto <eos>,<sos> per essere veramente libera <eos>
e lé la àrdå e pò la fà:,lei guarda e poi chiede:,<sos> e lé la àrdå e pò la fà <eos>,<sos> lei guarda e poi chiede <eos>
e ni-ént d'óter,nient'altro,<sos> e ni-ént d'óter <eos>,<sos> nient'altro <eos>
sèt tuśe,sette figlie,<sos> sèt tuśe <eos>,<sos> sette figlie <eos>
la hò mèrce cóme prima,tutta la sua merce,<sos> la hò mèrce cóme prima <eos>,<sos> tutta la sua merce <eos>
"— ma nò, t'ó mìa scri-ìt isé mé a té! —","— ma no, io non ti ho scritto così! —","<sos> ma nò , t'ó mìa scri-ìt isé mé a té ! <eos>","<sos> ma no , io non ti ho scritto così ! <eos>"
— nò,— no,<sos> nò <eos>,<sos> no <eos>
l'ìa pò üsto finìt de mangià,aveva appena finito di mangiare,<sos> l'ìa pò üsto finìt de mangià <eos>,<sos> aveva appena finito di mangiare <eos>
tüt tré,tutti e tre,<sos> tüt tré <eos>,<sos> tutti e tre <eos>
pié de pàciå,pieni di fango,<sos> pié de pàciå <eos>,<sos> pieni di fango <eos>
a hó stöfa,— sono stufa,<sos> a hó stöfa <eos>,<sos> sono stufa <eos>
— macchè s'à mài sentìt a parlà chi ca l'è —,— non si è mai sentito parlare di lui —,<sos> macchè s'à mài sentìt a parlà chi ca l'è <eos>,<sos> non si è mai sentito parlare di lui <eos>
e ìstìs de dì la mèhå,a vestirsi per dir messa,<sos> e ìstìs de dì la mèhå <eos>,<sos> a vestirsi per dir messa <eos>
al gh'ìa de 'gnì ö tempestù 'ssé,doveva venire una tempesta così forte,<sos> al gh'ìa de 'gnì ö tempestù 'ssé <eos>,<sos> doveva venire una tempesta così forte <eos>
tüt preparàt ünå gràn' tàola e tüt,era apparecchiata una gran tavola,<sos> tüt preparàt ünå gràn' tàola e tüt <eos>,<sos> era apparecchiata una gran tavola <eos>
te dó 'stå nùs,— ti dò questa noce,<sos> te dó 'stå nùs <eos>,<sos> ti dò questa noce <eos>
"piö nì-ént, piö nì-ént, piö nì-ént",niente di niente,"<sos> piö nì-ént , piö nì-ént , piö nì-ént <eos>",<sos> niente di niente <eos>
gna' li tòi surèle,né le tue sorelle,<sos> gna' li tòi surèle <eos>,<sos> né le tue sorelle <eos>
'l s'è hentàt gió högliò,si è seduto,<sos> 'l s'è hentàt gió högliò <eos>,<sos> si è seduto <eos>
del làc,latte,<sos> del làc <eos>,<sos> latte <eos>
fìnå che a meśanòt,finché a mezzanotte,<sos> fìnå che a meśanòt <eos>,<sos> finché a mezzanotte <eos>
él mìa 'gnìt a cà?,non è venuto a casa?,<sos> él mìa 'gnìt a cà ? <eos>,<sos> non è venuto a casa ? <eos>
menemà,quando,<sos> menemà <eos>,<sos> quando <eos>
he te stàet ché hervì la mèhå te dàe tüt chèl che,se stavi a servire la messa ti avrei dato tutto quello che,<sos> he te stàet ché hervì la mèhå te dàe tüt chèl che <eos>,<sos> se stavi a servire la messa ti avrei dato tutto quello che <eos>
Móro,Moro,<sos> móro <eos>,<sos> moro <eos>
"'l corrédo, tö hö... —",e farti il corredo —,"<sos> 'l corrédo , tö hö . . . <eos>",<sos> e farti il corredo <eos>
t'edaré!,vedrai!,<sos> t'edaré ! <eos>,<sos> vedrai ! <eos>
i fregaröi,i fregaròli,<sos> i fregaröi <eos>,<sos> i fregaròli <eos>
öle mìa che i végne argü,e non voglio che venga qualcuno,<sos> öle mìa che i végne argü <eos>,<sos> e non voglio che venga qualcuno <eos>
madónå che baraóldå!,madonna che baraonda!,<sos> madónå che baraóldå ! <eos>,<sos> madonna che baraonda ! <eos>
möre! —,muoio! —,<sos> möre ! <eos>,<sos> muoio ! <eos>
e lü:,e lui:,<sos> e lü <eos>,<sos> e lui <eos>
e óter a püdé stà qu-èc e pacìfich —,così potrete stare quieti e tranquilli —,<sos> e óter a püdé stà qu-èc e pacìfich <eos>,<sos> così potrete stare quieti e tranquilli <eos>
fìnå che i èt,finché vedono,<sos> fìnå che i èt <eos>,<sos> finché vedono <eos>
e 'l cór,va,<sos> e 'l cór <eos>,<sos> va <eos>
estét trìch,— stai fermo? —,<sos> estét trìch <eos>,<sos> stai fermo ? <eos>
e 'l gh'à dìt:,dicendo:,<sos> e 'l gh'à dìt <eos>,<sos> dicendo <eos>
cante mìa mé,io non canto,<sos> cante mìa mé <eos>,<sos> io non canto <eos>
dré ala strada,per una strada,<sos> dré ala strada <eos>,<sos> per una strada <eos>
e la montàgnå l'è mài burlàdå śgió,e quella non è mai caduta,<sos> e la montàgnå l'è mài burlàdå śgió <eos>,<sos> e quella non è mai caduta <eos>
"— nò, l'è mìa éra! —",— non è vero! —,"<sos> nò , l'è mìa éra ! <eos>",<sos> non è vero ! <eos>
e 'l gh'ìå ü hachèl de faśöi söli spale,con un sacchetto di fagioli sulle spalle,<sos> e 'l gh'ìå ü hachèl de faśöi söli spale <eos>,<sos> con un sacchetto di fagioli sulle spalle <eos>
e pà a' la reśgina,con la regina,<sos> e pà a' la reśgina <eos>,<sos> con la regina <eos>
e Rośalba i l'à troàda negü,ma nessuno aveva trovato Rosalba,<sos> e rośalba i l'à troàda negü <eos>,<sos> ma nessuno aveva trovato rosalba <eos>
e 'l và e 'l và,va e va,<sos> e 'l và e 'l và <eos>,<sos> va e va <eos>
ch'i se spuśà-å,delle nozze,<sos> ch'i se spuśà-å <eos>,<sos> delle nozze <eos>
ciapé chèlå tùśå che la m'à purtàt già la clòhå cói pu-ì d'ór!,prendetela perché mi ha portato via la chioccia coi pulcini d'oro!,<sos> ciapé chèlå tùśå che la m'à purtàt già la clòhå cói pu-ì d'ór ! <eos>,<sos> prendetela perché mi ha portato via la chioccia coi pulcini d'oro ! <eos>
ala matina l'è sà amò 'l preòst,al mattino arriva di nuovo il prevosto,<sos> ala matina l'è sà amò 'l preòst <eos>,<sos> al mattino arriva di nuovo il prevosto <eos>
chèl castèl ogliò,la porta del castello,<sos> chèl castèl ogliò <eos>,<sos> la porta del castello <eos>
a meśanót on punto,a mezzanotte in punto,<sos> a meśanót on punto <eos>,<sos> a mezzanotte in punto <eos>
dol tò fradèl,di tuo fratello,<sos> dol tò fradèl <eos>,<sos> di tuo fratello <eos>
la hét che i pica ala porta,lei ha sentito bussare alla porta,<sos> la hét che i pica ala porta <eos>,<sos> lei ha sentito bussare alla porta <eos>
nò nò,no no,<sos> nò nò <eos>,<sos> no no <eos>
con d'ü bastù,con un bastone,<sos> con d'ü bastù <eos>,<sos> con un bastone <eos>
érala de fà chè?,cosa ha potuto fare,<sos> érala de fà chè ? <eos>,<sos> cosa ha potuto fare <eos>
"ål và fò, 'l ciàpå la chitàrå",prende la chitarra,"<sos> ål và fò , 'l ciàpå la chitàrå <eos>",<sos> prende la chitarra <eos>
tate htàtüe de préda,tante statue di pietra,<sos> tate htàtüe de préda <eos>,<sos> tante statue di pietra <eos>
con tüt 'osto ór,con tutto l'oro,<sos> con tüt 'osto ór <eos>,<sos> con tutto l'oro <eos>
e lé la fà:,e lei chiede:,<sos> e lé la fà <eos>,<sos> e lei chiede <eos>
ha dèhfe töt,mi disfo tutto,<sos> ha dèhfe töt <eos>,<sos> mi disfo tutto <eos>
de metì śó 'l mé tabàch,per metterci il mio tabacco,<sos> de metì śó 'l mé tabàch <eos>,<sos> per metterci il mio tabacco <eos>
'l ha preoccupà-a mìa tàt lü,che non si preoccupava tanto,<sos> 'l ha preoccupà-a mìa tàt lü <eos>,<sos> che non si preoccupava tanto <eos>
al ma pica fò höl có!,mi picchia sulla testa!,<sos> al ma pica fò höl có ! <eos>,<sos> mi picchia sulla testa ! <eos>
'l l'à metìdå hùrå 'l tàol,l'ha messa sul tavolo,<sos> 'l l'à metìdå hùrå 'l tàol <eos>,<sos> l'ha messa sul tavolo <eos>
— hé hé,— sì,<sos> hé hé <eos>,<sos> sì <eos>
la lücià-å,piangeva,<sos> la lücià-å <eos>,<sos> piangeva <eos>
ma lure li à mài mangiàt 'osti crape,ma quelle teste non hanno mai mangiato,<sos> ma lure li à mài mangiàt 'osti crape <eos>,<sos> ma quelle teste non hanno mai mangiato <eos>
pòtå 'm mangerà 'nómå con d'ünå càvrå,mangeremo con una capra sola,<sos> pòtå 'm mangerà 'nómå con d'ünå càvrå <eos>,<sos> mangeremo con una capra sola <eos>
e lü gliùrå 'sto leù 'l s'è fàt pregà 'm pó,per un po' il leone s'è fatto pregare,<sos> e lü gliùrå 'sto leù 'l s'è fàt pregà 'm pó <eos>,<sos> per un po' il leone s'è fatto pregare <eos>
con d'ü pér de scarpe de fèr,un paio di scarpe di ferro,<sos> con d'ü pér de scarpe de fèr <eos>,<sos> un paio di scarpe di ferro <eos>
perchè dòpo alméno la 'à 'nnàc a hügà »,così l'asciuga —,<sos> perchè dòpo alméno la 'à 'nnàc a hügà <eos>,<sos> così l'asciuga <eos>
i à dìt essè:,si sono detti:,<sos> i à dìt essè <eos>,<sos> si sono detti <eos>
comunque fóm öna bèla ròba,comunque facciamo una bella cosa,<sos> comunque fóm öna bèla ròba <eos>,<sos> comunque facciamo una bella cosa <eos>
i gh'à töt fò ü bèl piàt de gnòch,han dato loro un bel piatto di gnocchi,<sos> i gh'à töt fò ü bèl piàt de gnòch <eos>,<sos> han dato loro un bel piatto di gnocchi <eos>
'l ghe dìh:,che gli chiede:,<sos> 'l ghe dìh <eos>,<sos> che gli chiede <eos>
è sà amò,arriva ancora il corteo,<sos> è sà amò <eos>,<sos> arriva ancora il corteo <eos>
mé l'è de fìnå de sérå ali ündes,è da ieri sera alle undici,<sos> mé l'è de fìnå de sérå ali ündes <eos>,<sos> è da ieri sera alle undici <eos>
"pò dòpo — 'l dìs — åm sè amò pu-arèc, åm pöl mìå","siamo ancora poveri, non possiamo averlo","<sos> pò dòpo 'l dìs åm sè amò pu-arèc , åm pöl mìå <eos>","<sos> siamo ancora poveri , non possiamo averlo <eos>"
hentér magare bröc...,magari per brutti sentieri,<sos> hentér magare bröc . . . <eos>,<sos> magari per brutti sentieri <eos>
— fà amò öna cantada Piéro 'à là,— Pietro canta un altro po',<sos> fà amò öna cantada piéro 'à là <eos>,<sos> pietro canta un altro po' <eos>
lü chèl là 'l lèa hö 'l sà ni-ènt,quello si alza e non sa niente,<sos> lü chèl là 'l lèa hö 'l sà ni-ènt <eos>,<sos> quello si alza e non sa niente <eos>
gnè' fanfare,né fanfara,<sos> gnè' fanfare <eos>,<sos> né fanfara <eos>
che ha spuśe,mi sposo,<sos> che ha spuśe <eos>,<sos> mi sposo <eos>
che te hé mìa mórt dóla pùrå —,perché tu non sei morto dalla paura —,<sos> che te hé mìa mórt dóla pùrå <eos>,<sos> perché tu non sei morto dalla paura <eos>
'isto Piéro,questo Pietro,<sos> 'isto piéro <eos>,<sos> questo pietro <eos>
bicér,bicchieri,<sos> bicér <eos>,<sos> bicchieri <eos>
e 'l vé l'órco,arriva l'orco,<sos> e 'l vé l'órco <eos>,<sos> arriva l'orco <eos>
— ma cóme mài?,— come mai?,<sos> ma cóme mài ? <eos>,<sos> come mai ? <eos>
te gh'é 'l tò régno,avrai il tuo regno,<sos> te gh'é 'l tò régno <eos>,<sos> avrai il tuo regno <eos>
"la hà pasà, l' gh'éra negü",cerca non c'è nessuno,"<sos> la hà pasà , l' gh'éra negü <eos>",<sos> cerca non c'è nessuno <eos>
la bócå,la bocca,<sos> la bócå <eos>,<sos> la bocca <eos>
e lü 'l gh'à dìt: — nò,lui gli ha risposto: — no,<sos> e lü 'l gh'à dìt nò <eos>,<sos> lui gli ha risposto no <eos>
töt contét,lui tutto contento,<sos> töt contét <eos>,<sos> lui tutto contento <eos>
anche chèl che gh'ó mé,anche tutto quello che ho io,<sos> anche chèl che gh'ó mé <eos>,<sos> anche tutto quello che ho io <eos>
se 'l ciàpe staserå,se lo prendo stasera,<sos> se 'l ciàpe staserå <eos>,<sos> se lo prendo stasera <eos>
mé — 'l dìs — gh'ó mìa la cà de 'ndà de déter,non ho una casa dove stare,<sos> mé 'l dìs gh'ó mìa la cà de 'ndà de déter <eos>,<sos> non ho una casa dove stare <eos>
regórdet che prèst em vegnerà,ricordati che presto verremo,<sos> regórdet che prèst em vegnerà <eos>,<sos> ricordati che presto verremo <eos>
e ó' fì finta de 'gnì śó a dervìm —,e voi fingete di venire ad aprirci —,<sos> e ó' fì finta de 'gnì śó a dervìm <eos>,<sos> e voi fingete di venire ad aprirci <eos>
"— a 'ndó, a 'ndó","— vado, vado","<sos> a 'ndó , a 'ndó <eos>","<sos> vado , vado <eos>"
Ål gh'érå ünå óltå,C'erano una volta,<sos> ål gh'érå ünå óltå <eos>,<sos> c'erano una volta <eos>
dù bruchèi 'ssè,per due bastoncini,<sos> dù bruchèi 'ssè <eos>,<sos> per due bastoncini <eos>
— té Piéro — 'l dìh —,— Pietro,<sos> té piéro 'l dìh <eos>,<sos> pietro <eos>
e là 'l ga dìh ol Signùr:,il Signore dice:,<sos> e là 'l ga dìh ol signùr <eos>,<sos> il signore dice <eos>
e se gh'è ergü,e se c'è qualcuno,<sos> e se gh'è ergü <eos>,<sos> e se c'è qualcuno <eos>
— hùnå! —,— suona! —,<sos> hùnå ! <eos>,<sos> suona ! <eos>
la gh'à dìt che l'érå stòrt e gòp,ha detto che era storto e gobbo,<sos> la gh'à dìt che l'érå stòrt e gòp <eos>,<sos> ha detto che era storto e gobbo <eos>
e glìùra 'hto òm al ga dìh:,allora l'uomo ha risposto:,<sos> e glìùra 'hto òm al ga dìh <eos>,<sos> allora l'uomo ha risposto <eos>
"dòpo gh'è ün'ótrà pórtå, gh'érå lé",poi c'era un'altra porta e là,"<sos> dòpo gh'è ün'ótrà pórtå , gh'érå lé <eos>",<sos> poi c'era un'altra porta e là <eos>
födèhei déter tüddü!,fossero dentro tutti e due!,<sos> födèhei déter tüddü ! <eos>,<sos> fossero dentro tutti e due ! <eos>
lé la s'è signàdå,lei si è segnata,<sos> lé la s'è signàdå <eos>,<sos> lei si è segnata <eos>
förå di pé! —,fuori dai piedi! —,<sos> förå di pé ! <eos>,<sos> fuori dai piedi ! <eos>
al rìa lé,arrivano,<sos> al rìa lé <eos>,<sos> arrivano <eos>
e lü 'sto di-àol ål gi à dìt essè:,e il diavolo ha detto:,<sos> e lü 'sto di-àol ål gi à dìt essè <eos>,<sos> e il diavolo ha detto <eos>
e basta,e basta,<sos> e basta <eos>,<sos> e basta <eos>
quàndo te gh'é de biśògn de mé,quando avrai bisogno di me,<sos> quàndo te gh'é de biśògn de mé <eos>,<sos> quando avrai bisogno di me <eos>
e lé la gh'à dìt isé:,la mamma le dice:,<sos> e lé la gh'à dìt isé <eos>,<sos> la mamma le dice <eos>
chèl pò l'à po' bütàt in àriå,quello ha buttato in aria,<sos> chèl pò l'à po' bütàt in àriå <eos>,<sos> quello ha buttato in aria <eos>
gliùrå,allora,<sos> gliùrå <eos>,<sos> allora <eos>
e giü che ga ufrìs de bìe,uno gli offre da bere,<sos> e giü che ga ufrìs de bìe <eos>,<sos> uno gli offre da bere <eos>
cói rehulì,coi riccioli,<sos> cói rehulì <eos>,<sos> coi riccioli <eos>
che 'nfati pòtå,infatti,<sos> che 'nfati pòtå <eos>,<sos> infatti <eos>
ål gh'à 'n tàscå ünå bèlå tri-ilìnå,ha in tasca una bella trivellina,<sos> ål gh'à 'n tàscå ünå bèlå tri-ilìnå <eos>,<sos> ha in tasca una bella trivellina <eos>
— ma öet chè? 'ndét a fà chè? —,ma tu cosa vuoi? cosa vai a fare? —,<sos> ma öet chè ? 'ndét a fà chè ? <eos>,<sos> ma tu cosa vuoi ? cosa vai a fare ? <eos>
e la gh'à dìt ossè:,e gli ha detto:,<sos> e la gh'à dìt ossè <eos>,<sos> e gli ha detto <eos>
ma lùr i gh'è ri-àc a pahà de là,ma loro sono riusciti a passare di là,<sos> ma lùr i gh'è ri-àc a pahà de là <eos>,<sos> ma loro sono riusciti a passare di là <eos>
té te uré-et cupàm! —,— volevi ammazzarmi! —,<sos> té te uré-et cupàm ! <eos>,<sos> volevi ammazzarmi ! <eos>
e gliùrå che s' fài pò chè?,allora che si fa?,<sos> e gliùrå che s' fài pò chè ? <eos>,<sos> allora che si fa ? <eos>
dèla sò caròså,dalla carrozza,<sos> dèla sò caròså <eos>,<sos> dalla carrozza <eos>
và tè fàs mangià per mé,vai tu a farti mangiare al mio posto,<sos> và tè fàs mangià per mé <eos>,<sos> vai tu a farti mangiare al mio posto <eos>
ü lèt de pàiå,un letto di paglia,<sos> ü lèt de pàiå <eos>,<sos> un letto di paglia <eos>
pòtå gh'érå piö ni-ént,non c'era più niente,<sos> pòtå gh'érå piö ni-ént <eos>,<sos> non c'era più niente <eos>
zìch... »,cinque... »,<sos> zìch . . . <eos>,<sos> cinque . . . <eos>
quando è stàt ch'i érå pròpe dré a balà 'n pièno,nel momento più bello del ballo,<sos> quando è stàt ch'i érå pròpe dré a balà 'n pièno <eos>,<sos> nel momento più bello del ballo <eos>
e i érå jó ch'i la trà-å hö,stavano tirandolo su,<sos> e i érå jó ch'i la trà-å hö <eos>,<sos> stavano tirandolo su <eos>
— n'è mìå biśògn — ål dìs —,— non ce n'è bisogno,<sos> n'è mìå biśògn ål dìs <eos>,<sos> non ce n'è bisogno <eos>
che i m'à purtàt già i hólc...,quando mi hanno rubato i soldi...,<sos> che i m'à purtàt già i hólc . . . <eos>,<sos> quando mi hanno rubato i soldi . . . <eos>
"ogliùrå 'l sàltå 'm pé chèl óter, ål fà:",allora balza in piedi l'altro che dice:,"<sos> ogliùrå 'l sàltå 'm pé chèl óter , ål fà <eos>",<sos> allora balza in piedi l'altro che dice <eos>
e gh'ó 'l mé òm malàt,e mio marito è malato,<sos> e gh'ó 'l mé òm malàt <eos>,<sos> e mio marito è malato <eos>
— mé — 'l dìs — pöde mìa 'gnì śó del tròno,— io non posso scendere dal trono,<sos> mé 'l dìs pöde mìa 'gnì śó del tròno <eos>,<sos> io non posso scendere dal trono <eos>
fà la peniténså che te se sé meritàdå,fare la penitenza che ti sei meritata,<sos> fà la peniténså che te se sé meritàdå <eos>,<sos> fare la penitenza che ti sei meritata <eos>
'm pó tànt,e per tanto tempo,<sos> 'm pó tànt <eos>,<sos> e per tanto tempo <eos>
a 'sto tuśilì,del bambino,<sos> a 'sto tuśilì <eos>,<sos> del bambino <eos>
— e 'ndói 'nduè mé a scóndes,dove vado a nascondermi?,<sos> e 'ndói 'nduè mé a scóndes <eos>,<sos> dove vado a nascondermi ? <eos>
con giöna s-cèta mìa tròp bèla,con una ragazza non troppo bella,<sos> con giöna s-cèta mìa tròp bèla <eos>,<sos> con una ragazza non troppo bella <eos>
"— éh béh — l'à dìt — l'è hégn che 'l ghe n'éå de piö, 'n na tegnirà nóter, entanto","— beh, segno che ne aveva tante, la terremo noi","<sos> éh béh l'à dìt l'è hégn che 'l ghe n'éå de piö , 'n na tegnirà nóter , entanto <eos>","<sos> beh , segno che ne aveva tante , la terremo noi <eos>"
ål s'è leàt,si è alzato,<sos> ål s'è leàt <eos>,<sos> si è alzato <eos>
per püdì 'nà de déter a hercaga 'n bicér de acqua... »,per poter chiedere un bicchier d'acqua... »,<sos> per püdì 'nà de déter a hercaga 'n bicér de acqua . . . <eos>,<sos> per poter chiedere un bicchier d'acqua . . . <eos>
'sto Juanì 'l s'è fàt vede,Giovannino si è fatto vedere,<sos> 'sto juanì 'l s'è fàt vede <eos>,<sos> giovannino si è fatto vedere <eos>
dém ün bicér de 'ì che vo 'l pagheró,datemene un bicchiere che ve lo pagherò —,<sos> dém ün bicér de 'ì che vo 'l pagheró <eos>,<sos> datemene un bicchiere che ve lo pagherò <eos>
la strégå la ghe fà pustà 'l có,la strega le fa appoggiare la testa,<sos> la strégå la ghe fà pustà 'l có <eos>,<sos> la strega le fa appoggiare la testa <eos>
con d'ü tuchilì de lèt 'n tèrå,e come letto,<sos> con d'ü tuchilì de lèt 'n tèrå <eos>,<sos> e come letto <eos>
e difati l'èra 'm pò tànt che la gh'éra śgió,passato un po' di tempo,<sos> e difati l'èra 'm pò tànt che la gh'éra śgió <eos>,<sos> passato un po' di tempo <eos>
'é jó a ardà —,e giù a guardare,<sos> 'é jó a ardà <eos>,<sos> e giù a guardare <eos>
a fórså de cüntà i hólc,si vede che a forza di contare i soldi,<sos> a fórså de cüntà i hólc <eos>,<sos> si vede che a forza di contare i soldi <eos>
"l'è 'ndacia śgió, l'à tiràt sö la pìantelina","è scesa in giardino, ha strappato la pianticella","<sos> l'è 'ndacia śgió , l'à tiràt sö la pìantelina <eos>","<sos> è scesa in giardino , ha strappato la pianticella <eos>"
l'è dré ca 'l còpå fò i pi-öc en dolà camìśå,che sta ammazzando i pidocchi nella camicia,<sos> l'è dré ca 'l còpå fò i pi-öc en dolà camìśå <eos>,<sos> che sta ammazzando i pidocchi nella camicia <eos>
ma lü l'éra brào,lui era bravo,<sos> ma lü l'éra brào <eos>,<sos> lui era bravo <eos>
l' gh'à dìc: — ciàpa,ha detto: — prendi,<sos> l' gh'à dìc ciàpa <eos>,<sos> ha detto prendi <eos>
a' ün aśnì de regulà ca gh'ó gna' 'l fé de dài!,da mantenere! non ho neanche il fieno da dargli!,<sos> a' ün aśnì de regulà ca gh'ó gna' 'l fé de dài ! <eos>,<sos> da mantenere ! non ho neanche il fieno da dargli ! <eos>
la sérå dòpo,la sera dopo,<sos> la sérå dòpo <eos>,<sos> la sera dopo <eos>
se uré 'ndàgà sö,se volete,<sos> se uré 'ndàgà sö <eos>,<sos> se volete <eos>
i darvìh es fò 'sto,aprono,<sos> i darvìh es fò 'sto <eos>,<sos> aprono <eos>
al tö hö la barca,prende la barca,<sos> al tö hö la barca <eos>,<sos> prende la barca <eos>
con d'ünå mìsera caròsa,con una misera carrozza,<sos> con d'ünå mìsera caròsa <eos>,<sos> con una misera carrozza <eos>
al prìncipe,del principe,<sos> al prìncipe <eos>,<sos> del principe <eos>
e 'l se mèt dré fa haltà,butta all'aria,<sos> e 'l se mèt dré fa haltà <eos>,<sos> butta all'aria <eos>
'l se n'è fàt sà tàc e tàc,è arrivata tanta e tanta,<sos> 'l se n'è fàt sà tàc e tàc <eos>,<sos> è arrivata tanta e tanta <eos>
càntå 'l Miśerére,cantano il Miserere,<sos> càntå 'l miśerére <eos>,<sos> cantano il miserere <eos>
ta 'ncontreré — 'l dìh —,incontrerai,<sos> ta 'ncontreré 'l dìh <eos>,<sos> incontrerai <eos>
i à fàt pastì e pastù,han fatto pastino e pastone,<sos> i à fàt pastì e pastù <eos>,<sos> han fatto pastino e pastone <eos>
— fàm vède a signàs —,— fammi vedere a fare il segno di croce -,<sos> fàm vède a signàs <eos>,<sos> fammi vedere a fare il segno di croce - <eos>
e Sàn Piéro,e San Pietro,<sos> e sàn piéro <eos>,<sos> e san pietro <eos>
al gh'ìa sö ö cortelì,aveva un coltellino,<sos> al gh'ìa sö ö cortelì <eos>,<sos> aveva un coltellino <eos>
— mé prepare 'l lèt,— io preparo il letto,<sos> mé prepare 'l lèt <eos>,<sos> io preparo il letto <eos>
e töc i gh'avrèh höla hò bóca,tutti avrebbero sulla bocca,<sos> e töc i gh'avrèh höla hò bóca <eos>,<sos> tutti avrebbero sulla bocca <eos>
lé la s-cèta la èch che la cèrva l'è curida déter isé de frèha,la ragazza vedendo che la cerva era entrata di corsa,<sos> lé la s-cèta la èch che la cèrva l'è curida déter isé de frèha <eos>,<sos> la ragazza vedendo che la cerva era entrata di corsa <eos>
che mé,che io,<sos> che mé <eos>,<sos> che io <eos>
con chèi dù s-cetì ché,con questi due figli,<sos> con chèi dù s-cetì ché <eos>,<sos> con questi due figli <eos>
'ndo gh'ét ol fìdech? — al dìh,dove hai il fegato?,<sos> 'ndo gh'ét ol fìdech ? al dìh <eos>,<sos> dove hai il fegato ? <eos>
'n d'ünå stànså reale,in una stanza reale,<sos> 'n d'ünå stànså reale <eos>,<sos> in una stanza reale <eos>
de durmì de quàch bande dré ali vià o,a dormire da qualche parte per le strade,<sos> de durmì de quàch bande dré ali vià o <eos>,<sos> a dormire da qualche parte per le strade <eos>
e la strégå la gh'à dìt:,e la strega le ha detto:,<sos> e la strégå la gh'à dìt <eos>,<sos> e la strega le ha detto <eos>
tütå brütå,tutta brutta,<sos> tütå brütå <eos>,<sos> tutta brutta <eos>
ca 'l gh'ìa amò la lètra,l'aveva conservata,<sos> ca 'l gh'ìa amò la lètra <eos>,<sos> l'aveva conservata <eos>
e i pu-ì,e i pulcini,<sos> e i pu-ì <eos>,<sos> e i pulcini <eos>
— 'ndo éla mé surèlå? —,— dov'è mia sorella?,<sos> 'ndo éla mé surèlå ? <eos>,<sos> dov'è mia sorella ? <eos>
chèla lé — 'l dìh — la gh'à de èh öna htréa!,quella deve essere una strega!,<sos> chèla lé 'l dìh la gh'à de èh öna htréa ! <eos>,<sos> quella deve essere una strega ! <eos>
a sunà l'órghen,a suonare l'organo,<sos> a sunà l'órghen <eos>,<sos> a suonare l'organo <eos>
e quàndo ta gh'é de biśògn,e quando ne avrai bisogno,<sos> e quàndo ta gh'é de biśògn <eos>,<sos> e quando ne avrai bisogno <eos>
— taulì paréjå! —,— tavolino apparecchia! —,<sos> taulì paréjå ! <eos>,<sos> tavolino apparecchia ! <eos>
töt mòrt,tutto è morto,<sos> töt mòrt <eos>,<sos> tutto è morto <eos>
ål màndå déter,lui manda dentro,<sos> ål màndå déter <eos>,<sos> lui manda dentro <eos>
la sérå,di sera,<sos> la sérå <eos>,<sos> di sera <eos>
l'ó pustada śgió lé ala pórtå,ho solo appoggiato la cassa dietro la porta,<sos> l'ó pustada śgió lé ala pórtå <eos>,<sos> ho solo appoggiato la cassa dietro la porta <eos>
gió a piànti,scoppia a piangere,<sos> gió a piànti <eos>,<sos> scoppia a piangere <eos>
'm pò fò dol paìs,un po' fuori dal paese,<sos> 'm pò fò dol paìs <eos>,<sos> un po' fuori dal paese <eos>
"e lé la scultà-a tòt, la scultà-a töt",e lei ascoltava tutto,"<sos> e lé la scultà-a tòt , la scultà-a töt <eos>",<sos> e lei ascoltava tutto <eos>
hèmper négher id fàm lü,sempre nero dalla fame,<sos> hèmper négher id fàm lü <eos>,<sos> sempre nero dalla fame <eos>
"è 'ndài śó, i à ciamàt ol pahtùr","sono andati nel bosco, hanno chiamato il pastore","<sos> è 'ndài śó , i à ciamàt ol pahtùr <eos>","<sos> sono andati nel bosco , hanno chiamato il pastore <eos>"
ma tùrnå 'ndré per carità,ma torna indietro per carità!,<sos> ma tùrnå 'ndré per carità <eos>,<sos> ma torna indietro per carità ! <eos>
ì à bi-ìt sö pò tance bicér,per i tanti bicchieri bevuti,<sos> ì à bi-ìt sö pò tance bicér <eos>,<sos> per i tanti bicchieri bevuti <eos>
adès ås fài pò chè?,adesso?,<sos> adès ås fài pò chè ? <eos>,<sos> adesso ? <eos>
ga dìh ala hò mama:,dice alla madre:,<sos> ga dìh ala hò mama <eos>,<sos> dice alla madre <eos>
"« principino, principino","« principino, principino","<sos> principino , principino <eos>","<sos> principino , principino <eos>"
l'éra hùdàda 'm pó a' la scàtola,era un po' bagnata anche la scatola,<sos> l'éra hùdàda 'm pó a' la scàtola <eos>,<sos> era un po' bagnata anche la scatola <eos>
e chi mi paleśerà,e chi mi paleserà,<sos> e chi mi paleśerà <eos>,<sos> e chi mi paleserà <eos>
ì camìnå per la vià,camminano per la via,<sos> ì camìnå per la vià <eos>,<sos> camminano per la via <eos>
de bastimènc al ne comprerà quàter,potrà comprare quattro bastimenti,<sos> de bastimènc al ne comprerà quàter <eos>,<sos> potrà comprare quattro bastimenti <eos>
tüte inà inà,una alla volta,<sos> tüte inà inà <eos>,<sos> una alla volta <eos>
e là,in quel posto,<sos> e là <eos>,<sos> in quel posto <eos>
— ah se la öl miga alogiàm,— se non ci vuole alloggiare,<sos> ah se la öl miga alogiàm <eos>,<sos> se non ci vuole alloggiare <eos>
— cèrto,— certo,<sos> cèrto <eos>,<sos> certo <eos>
i gh'éra la gandélå 'mpiàdå,avevano la candela accesa,<sos> i gh'éra la gandélå 'mpiàdå <eos>,<sos> avevano la candela accesa <eos>
tütå confùśå... »,tutta confusa... »,<sos> tütå confùśå . . . <eos>,<sos> tutta confusa . . . <eos>
l'è pahàt ön ótr'àn,passato un altr'anno,<sos> l'è pahàt ön ótr'àn <eos>,<sos> passato un altr'anno <eos>
« cume mài?,« come mai? »,<sos> cume mài ? <eos>,<sos> come mai ? <eos>
ol cagnì l'è ri-àt,il cagnolino è arrivato,<sos> ol cagnì l'è ri-àt <eos>,<sos> il cagnolino è arrivato <eos>
öna marchéśa coh'éla pò?,« cos'è poi una marchesa?,<sos> öna marchéśa coh'éla pò ? <eos>,<sos> cos'è poi una marchesa ? <eos>
al gh'à dìt: — àrdå — 'l dìs — ch'i te 'nvidarà tàc de chi canarì,gli ha detto: — ti offriranno tanti di quei canarini,<sos> al gh'à dìt àrdå 'l dìs ch'i te 'nvidarà tàc de chi canarì <eos>,<sos> gli ha detto ti offriranno tanti di quei canarini <eos>
śó 'n fónt —,laggiù in fondo —,<sos> śó 'n fónt <eos>,<sos> laggiù in fondo <eos>
— éh pòtå — 'l dìh — i voléå cupàm,— volevano ammazzarmi,<sos> éh pòtå 'l dìh i voléå cupàm <eos>,<sos> volevano ammazzarmi <eos>
ö bèl dé i s'è spuśàc,un bel giorno si sono sposati,<sos> ö bèl dé i s'è spuśàc <eos>,<sos> un bel giorno si sono sposati <eos>
dé fò tüc,mettetevi tutti,<sos> dé fò tüc <eos>,<sos> mettetevi tutti <eos>
lé la hìa che i püdìa 'gnì de déter apéne,e sapeva che avrebbero potuto entrare solo,<sos> lé la hìa che i püdìa 'gnì de déter apéne <eos>,<sos> e sapeva che avrebbero potuto entrare solo <eos>
la 'l metìa déter on dol sò bigaröl,metteva nel suo grembiule,<sos> la 'l metìa déter on dol sò bigaröl <eos>,<sos> metteva nel suo grembiule <eos>
— Móro,— Moro,<sos> móro <eos>,<sos> moro <eos>
col sànch dol tò tùs,metti il suo sangue,<sos> col sànch dol tò tùs <eos>,<sos> metti il suo sangue <eos>
— nò ma chi lé i è bèi,"— no, quelle sono più belle",<sos> nò ma chi lé i è bèi <eos>,"<sos> no , quelle sono più belle <eos>"
"ma gh'éra tüt seràt, aś vèt — al dìs — che te séret a dórme","ma c'era tutto chiuso, si vede che stavi dormendo","<sos> ma gh'éra tüt seràt , aś vèt al dìs che te séret a dórme <eos>","<sos> ma c'era tutto chiuso , si vede che stavi dormendo <eos>"
che mé haró fò 'n prensipe el bósch,io sarò all'inizio del bosco —,<sos> che mé haró fò 'n prensipe el bósch <eos>,<sos> io sarò all'inizio del bosco <eos>
e,e,<sos> e <eos>,<sos> e <eos>
'esto di-àol ål s'è lagàt estrüśà 'n gió per la stólå,il diavolo s'è lasciato trascinare con la stola,<sos> 'esto di-àol ål s'è lagàt estrüśà 'n gió per la stólå <eos>,<sos> il diavolo s'è lasciato trascinare con la stola <eos>
'l và là amó 'm pó,camminano ancora,<sos> 'l và là amó 'm pó <eos>,<sos> camminano ancora <eos>
— madóna mé — 'l dìh —,— madonna!,<sos> madóna mé 'l dìh <eos>,<sos> madonna ! <eos>
e lü 'l ghe respónt:,e lui risponde:,<sos> e lü 'l ghe respónt <eos>,<sos> e lui risponde <eos>
ön òm de préda che parla,un uomo di pietra che parla,<sos> ön òm de préda che parla <eos>,<sos> un uomo di pietra che parla <eos>
la h'è mìå regurdàdå de tölå hö,ma non si è ricordata di prendere,<sos> la h'è mìå regurdàdå de tölå hö <eos>,<sos> ma non si è ricordata di prendere <eos>
'l destàcå gió 'l sò śainèt che 'l gh'à söli spale,lui toglie lo zaino dalle spalle,<sos> 'l destàcå gió 'l sò śainèt che 'l gh'à söli spale <eos>,<sos> lui toglie lo zaino dalle spalle <eos>
tu vài in cérca dèlla Bèlla-Pastóra,tu vai in cerca della Bella-Pastora,<sos> tu vài in cérca dèlla bèlla-pastóra <eos>,<sos> tu vai in cerca della bella-pastora <eos>
e 'l fà:,le diceva:,<sos> e 'l fà <eos>,<sos> le diceva <eos>
sö 'n d'ünà muntàgnå — la gh' dìs —,su una montagna,<sos> sö 'n d'ünà muntàgnå la gh' dìs <eos>,<sos> su una montagna <eos>
e 'gnì d'fò dèla pansa del lüf?,a uscire dalla pancia del lupo?,<sos> e 'gnì d'fò dèla pansa del lüf ? <eos>,<sos> a uscire dalla pancia del lupo ? <eos>
e che gh'ó 'l mé laorà,che ho un lavoro,<sos> e che gh'ó 'l mé laorà <eos>,<sos> che ho un lavoro <eos>
tu vài in cérca dèlla Bèlla-Pastóra,tu vai in cerca della Bella-Pastora,<sos> tu vài in cérca dèlla bèlla-pastóra <eos>,<sos> tu vai in cerca della bella-pastora <eos>
e gliùrå 'sto tuśèl tüt cuntét l'à dìt essè: — àrdå gliò,allora quel ragazzo tutto contento ha detto:,<sos> e gliùrå 'sto tuśèl tüt cuntét l'à dìt essè àrdå gliò <eos>,<sos> allora quel ragazzo tutto contento ha detto <eos>
— Pómo,— Pomo,<sos> pómo <eos>,<sos> pomo <eos>
ål vé a gala,si scopre,<sos> ål vé a gala <eos>,<sos> si scopre <eos>
e pò vìa 'nnàc amò ö tòch!,e via ancora un po'!,<sos> e pò vìa 'nnàc amò ö tòch ! <eos>,<sos> e via ancora un po' ! <eos>
perchè te me l'é 'mprumetìt —,perché me l'hai promesso —,<sos> perchè te me l'é 'mprumetìt <eos>,<sos> perché me l'hai promesso <eos>
menemà 'nvéce l'è hà l'órco,invece d'un tratto compare,<sos> menemà 'nvéce l'è hà l'órco <eos>,<sos> invece d'un tratto compare <eos>
issé e 'ssé la gh'à cüntàt sö la htòria de 'h-ce òmegn,così le ha raccontato la storia di quegli uomini,<sos> issé e 'ssé la gh'à cüntàt sö la htòria de 'h-ce òmegn <eos>,<sos> così le ha raccontato la storia di quegli uomini <eos>
— nóter m'à durmìt tütå nòt pacìfich,— noi abbiamo dormito tutta notte pacifici,<sos> nóter m'à durmìt tütå nòt pacìfich <eos>,<sos> noi abbiamo dormito tutta notte pacifici <eos>
adagio adagio,adagio adagio,<sos> adagio adagio <eos>,<sos> adagio adagio <eos>
e de htà ehtìda de htràh,e di essere vestita di stracci,<sos> e de htà ehtìda de htràh <eos>,<sos> e di essere vestita di stracci <eos>
e 'l ghe dìs:,e gli dice:,<sos> e 'l ghe dìs <eos>,<sos> e gli dice <eos>
nénte,niente,<sos> nénte <eos>,<sos> niente <eos>
l'àlbero-che-se-àlså-e-che-se-śbàså,l'albero-che-si-alza-e-si-abbassa,<sos> l'àlbero-che-se-àlså-e-che-se-śbàså <eos>,<sos> l'albero-che-si-alza-e-si-abbassa <eos>
töc bèi róh i fóns,bei rossi,<sos> töc bèi róh i fóns <eos>,<sos> bei rossi <eos>
'm pöl piö bé-e —,non si può più bere —,<sos> 'm pöl piö bé-e <eos>,<sos> non si può più bere <eos>
só śgià metà de marmo,sono già di marmo per metà,<sos> só śgià metà de marmo <eos>,<sos> sono già di marmo per metà <eos>
la gh'éå üna fàm incredìbile,aveva una fame incredibile,<sos> la gh'éå üna fàm incredìbile <eos>,<sos> aveva una fame incredibile <eos>
al dìh: « adès ché,« adesso,<sos> al dìh adès ché <eos>,<sos> adesso <eos>
i à davrìt ol sò albèrgo,hanno aperto il loro albergo,<sos> i à davrìt ol sò albèrgo <eos>,<sos> hanno aperto il loro albergo <eos>
tanc lader insóma,tanti ladri,<sos> tanc lader insóma <eos>,<sos> tanti ladri <eos>
e la gh'à dìt:,e gli ha detto:,<sos> e la gh'à dìt <eos>,<sos> e gli ha detto <eos>
e 'l pèh al vé mìa,ma il pesce non arriva,<sos> e 'l pèh al vé mìa <eos>,<sos> ma il pesce non arriva <eos>
lé l'à preparàt i hò baü-i,e lei ha preparato i suoi bauli,<sos> lé l'à preparàt i hò baü-i <eos>,<sos> e lei ha preparato i suoi bauli <eos>
i à caminàt amò,hanno camminato ancora,<sos> i à caminàt amò <eos>,<sos> hanno camminato ancora <eos>
a gh'à töt gió la röśa del cimitero,ha colto la rosa nel cimitero,<sos> a gh'à töt gió la röśa del cimitero <eos>,<sos> ha colto la rosa nel cimitero <eos>
e gliùrå — 'l dìs —,allora io,<sos> e gliùrå 'l dìs <eos>,<sos> allora io <eos>
dré amò a 'sto mùt,su per quel monte,<sos> dré amò a 'sto mùt <eos>,<sos> su per quel monte <eos>
'l me tucà-å hémper,e dovevo sempre,<sos> 'l me tucà-å hémper <eos>,<sos> e dovevo sempre <eos>
'm gh'à piö gna' la àcå,non abbiamo né mucca,<sos> 'm gh'à piö gna' la àcå <eos>,<sos> non abbiamo né mucca <eos>
e pò i s'è alsàc sö 'n cél,e si sono levati in cielo,<sos> e pò i s'è alsàc sö 'n cél <eos>,<sos> e si sono levati in cielo <eos>
e lùr i ghe respónt:,quelli rispondono:,<sos> e lùr i ghe respónt <eos>,<sos> quelli rispondono <eos>
pò lü l'è 'ndàt a laurà perché,lui è andato a lavorare,<sos> pò lü l'è 'ndàt a laurà perché <eos>,<sos> lui è andato a lavorare <eos>
— madónå — la dìs —,— madonna,<sos> madónå la dìs <eos>,<sos> madonna <eos>
— edès — la dìs —,— adesso,<sos> edès la dìs <eos>,<sos> adesso <eos>
lé,lei,<sos> lé <eos>,<sos> lei <eos>
åm vé,veniamo,<sos> åm vé <eos>,<sos> veniamo <eos>
e l'è 'ndàt là,ed è andato,<sos> e l'è 'ndàt là <eos>,<sos> ed è andato <eos>
"l'éra disperàdå, la sìa pròpe piö che fa",non sapeva più che fare,"<sos> l'éra disperàdå , la sìa pròpe piö che fa <eos>",<sos> non sapeva più che fare <eos>
« èt che 'sta óltå 'l se h'è pròpe 'nviperìt,« vuoi vedere che questa volta si è proprio inviperito?,<sos> èt che 'sta óltå 'l se h'è pròpe 'nviperìt <eos>,<sos> vuoi vedere che questa volta si è proprio inviperito ? <eos>
i gh'à dìt: — nò,rispondono loro:,<sos> i gh'à dìt nò <eos>,<sos> rispondono loro <eos>
lé la uréå cumandài,pensava solo a comandarli,<sos> lé la uréå cumandài <eos>,<sos> pensava solo a comandarli <eos>
gliùra lùr i à durmìt,poi si sono addormentati,<sos> gliùra lùr i à durmìt <eos>,<sos> poi si sono addormentati <eos>
e gliùrå,allora,<sos> e gliùrå <eos>,<sos> allora <eos>
al và töt e föch e fiàme,era tutto fuoco e fiamme,<sos> al và töt e föch e fiàme <eos>,<sos> era tutto fuoco e fiamme <eos>
a l'è 'ndàt en gió,è andato ,<sos> a l'è 'ndàt en gió <eos>,<sos> è andato <eos>
picinìnå,piccolina,<sos> picinìnå <eos>,<sos> piccolina <eos>
— edès nóter mè che 'm fàe ü bèl laùr,— dobbiamo fare una bella cosa,<sos> edès nóter mè che 'm fàe ü bèl laùr <eos>,<sos> dobbiamo fare una bella cosa <eos>
püdi 'm punì pensà,potete un po' pensare,<sos> püdi 'm punì pensà <eos>,<sos> potete un po' pensare <eos>
i à fàt pastì e pastù,hanno fatto pastino e pastone,<sos> i à fàt pastì e pastù <eos>,<sos> hanno fatto pastino e pastone <eos>
fina che i à püdìt,finché han potuto,<sos> fina che i à püdìt <eos>,<sos> finché han potuto <eos>
a fàs mangià,per farsi mangiare,<sos> a fàs mangià <eos>,<sos> per farsi mangiare <eos>
gh'è sö,c'è,<sos> gh'è sö <eos>,<sos> c'è <eos>
con dù o tré hachilì de hólc,con due o tre sacchetti di soldi,<sos> con dù o tré hachilì de hólc <eos>,<sos> con due o tre sacchetti di soldi <eos>
l'a töt sö,ha messo,<sos> l'a töt sö <eos>,<sos> ha messo <eos>
lü 'l t'à prometìt de töt —,e lui ti ha promesso di tutto —,<sos> lü 'l t'à prometìt de töt <eos>,<sos> e lui ti ha promesso di tutto <eos>
— la mé màmå só sigürå che l'arà finìt,— sono sicura che mia madre avrà finito,<sos> la mé màmå só sigürå che l'arà finìt <eos>,<sos> sono sicura che mia madre avrà finito <eos>
al sìa piö cóme fà,non sapeva più come fare,<sos> al sìa piö cóme fà <eos>,<sos> non sapeva più come fare <eos>
perchè ghe sarà piö tanti rèsti —,perché ci saranno tanti avanzi —,<sos> perchè ghe sarà piö tanti rèsti <eos>,<sos> perché ci saranno tanti avanzi <eos>
l'érå 'ndemoniàto,era indemoniato,<sos> l'érå 'ndemoniàto <eos>,<sos> era indemoniato <eos>
chi che paha de ché i turna 'ndré piö!,chi passa non toma più indietro!,<sos> chi che paha de ché i turna 'ndré piö ! <eos>,<sos> chi passa non toma più indietro ! <eos>
le à metide 'n tàscå,se le è messe in tasca,<sos> le à metide 'n tàscå <eos>,<sos> se le è messe in tasca <eos>
l'è 'gnìt fò üna tabachérå,ne è usci: una tabacchiera,<sos> l'è 'gnìt fò üna tabachérå <eos>,<sos> ne è usci una tabacchiera <eos>
i pàså,passano,<sos> i pàså <eos>,<sos> passano <eos>
tìnch!,tìnch!,<sos> tìnch ! <eos>,<sos> tìnch ! <eos>
óter,così,<sos> óter <eos>,<sos> così <eos>
öe che dumà de matìnå,voglio che per domani,<sos> öe che dumà de matìnå <eos>,<sos> voglio che per domani <eos>
perchè l'éra nóma ün eremìtå,perché era solamente un eremita,<sos> perchè l'éra nóma ün eremìtå <eos>,<sos> perché era solamente un eremita <eos>
— l'èhet en bócå!,— l'avessi in bocca!,<sos> l'èhet en bócå ! <eos>,<sos> l'avessi in bocca ! <eos>
mangìàt a' chèi,anche loro hanno mangiato,<sos> mangìàt a' chèi <eos>,<sos> anche loro hanno mangiato <eos>
lé gliùra la gh'à tràt śó öna sciabolada,la ragazza ha dato una sciabolata,<sos> lé gliùra la gh'à tràt śó öna sciabolada <eos>,<sos> la ragazza ha dato una sciabolata <eos>
— la vita o la mòrte?,— la vita o la morte?,<sos> la vita o la mòrte ? <eos>,<sos> la vita o la morte ? <eos>
del reśgimént,del reggimento,<sos> del reśgimént <eos>,<sos> del reggimento <eos>
— àrdå dàmola!,"— va' là, dammela!",<sos> àrdå dàmola ! <eos>,"<sos> va' là , dammela ! <eos>"
i è 'gnic,sono venuti,<sos> i è 'gnic <eos>,<sos> sono venuti <eos>
'm te tàcå vià,e ti appenderemo,<sos> 'm te tàcå vià <eos>,<sos> e ti appenderemo <eos>
mé edèh ål me füc ol pihòt! —,— mi scappa da pisciare! —,<sos> mé edèh ål me füc ol pihòt ! <eos>,<sos> mi scappa da pisciare ! <eos>
"— nò nò nò, hà che té!",vieni qui tu!,"<sos> nò nò nò , hà che té ! <eos>",<sos> vieni qui tu ! <eos>
üna strìå,una strega,<sos> üna strìå <eos>,<sos> una strega <eos>
hà che 'm gi a crómpå,"dai, comperiamole! —",<sos> hà che 'm gi a crómpå <eos>,"<sos> dai , comperiamole ! <eos>"
— che i gh'és da édet mìå — l'à dìt — se nò i te còpå,"— che non ti vedano, altrimenti ti ammazzano",<sos> che i gh'és da édet mìå l'à dìt se nò i te còpå <eos>,"<sos> che non ti vedano , altrimenti ti ammazzano <eos>"
chèl che 'l ghe diśéå 'l sò papà,quello che suo padre diceva,<sos> chèl che 'l ghe diśéå 'l sò papà <eos>,<sos> quello che suo padre diceva <eos>
'n del hò pòht che 'l harà là amò —,"nella fucina, lui sarà là ancora —",<sos> 'n del hò pòht che 'l harà là amò <eos>,"<sos> nella fucina , lui sarà là ancora <eos>"
"— pehì, bèl pehì","— pesciolino, bel pesciolino","<sos> pehì , bèl pehì <eos>","<sos> pesciolino , bel pesciolino <eos>"
"a estìs sö, pò la 'é śó:","a vestirsi, poi scende:","<sos> a estìs sö , pò la 'é śó <eos>","<sos> a vestirsi , poi scende <eos>"
gliùrå la l'à fàt endà de déter,allora l'ha fatto entrare,<sos> gliùrå la l'à fàt endà de déter <eos>,<sos> allora l'ha fatto entrare <eos>
apénå spuśàc,subito dopo,<sos> apénå spuśàc <eos>,<sos> subito dopo <eos>
té t'é mìå durmìt! —,tu non hai dormito!,<sos> té t'é mìå durmìt ! <eos>,<sos> tu non hai dormito ! <eos>
de fà i fregaröi,per fare i fregaròli,<sos> de fà i fregaröi <eos>,<sos> per fare i fregaròli <eos>
e 'l và,e sono andati,<sos> e 'l và <eos>,<sos> e sono andati <eos>
e lü 'hto póer òm:,il pover'uomo:,<sos> e lü 'hto póer òm <eos>,<sos> il pover'uomo <eos>
'N d'ü bósch,In un bosco,<sos> 'n d'ü bósch <eos>,<sos> in un bosco <eos>
che 'l la dervìa mìa,che non l'avrebbe aperta,<sos> che 'l la dervìa mìa <eos>,<sos> che non l'avrebbe aperta <eos>
gh'aréhef ni-ént de dàm de mangià,non avreste qualcosa da darmi da mangiare,<sos> gh'aréhef ni-ént de dàm de mangià <eos>,<sos> non avreste qualcosa da darmi da mangiare <eos>
ciàpå ü bèl cestèllo di vimini,prendi un bel cestello di vimini,<sos> ciàpå ü bèl cestèllo di vimini <eos>,<sos> prendi un bel cestello di vimini <eos>
del tép che 'm cór,dal tempo che corriamo,<sos> del tép che 'm cór <eos>,<sos> dal tempo che corriamo <eos>
perchè mé adès l'è tànt che mange piö,perché è da molto tempo che non mangio,<sos> perchè mé adès l'è tànt che mange piö <eos>,<sos> perché è da molto tempo che non mangio <eos>
e la uléå ìs riceìdå,che voleva essere ricevuta,<sos> e la uléå ìs riceìdå <eos>,<sos> che voleva essere ricevuta <eos>
a mèt in bóca,mette in bocca,<sos> a mèt in bóca <eos>,<sos> mette in bocca <eos>
ogliùrå nóter åm làgå 'gnì śó la muntàgnå —,allora lasciamo cadere la montagna —,<sos> ogliùrå nóter åm làgå 'gnì śó la muntàgnå <eos>,<sos> allora lasciamo cadere la montagna <eos>
i camìnå,camminano,<sos> i camìnå <eos>,<sos> camminano <eos>
töi contèc i à dìt:,e tutti contenti hanno detto:,<sos> töi contèc i à dìt <eos>,<sos> e tutti contenti hanno detto <eos>
'nvéce de mangià gió 'n cüśìna cóli sòi surèle,invece di mangiare in cucina con le sorelle,<sos> 'nvéce de mangià gió 'n cüśìna cóli sòi surèle <eos>,<sos> invece di mangiare in cucina con le sorelle <eos>
te bi-iré —,berrai —,<sos> te bi-iré <eos>,<sos> berrai <eos>
gh'ó jó ü teśòro scundìt,ho un tesoro nascosto,<sos> gh'ó jó ü teśòro scundìt <eos>,<sos> ho un tesoro nascosto <eos>
ål ghe tócå, tocca,<sos> ål ghe tócå <eos>,<sos> tocca <eos>
madóna l'éra piö fenida!,non finiva mai!,<sos> madóna l'éra piö fenida ! <eos>,<sos> non finiva mai ! <eos>
col sò papà e la sò màmå,il papà e la mamma,<sos> col sò papà e la sò màmå <eos>,<sos> il papà e la mamma <eos>
mé harès contét,io sarei contento,<sos> mé harès contét <eos>,<sos> io sarei contento <eos>
"la gh'è piö ri-àda, l'à dervìt","non c'è più riuscita, ha aperto quella porta","<sos> la gh'è piö ri-àda , l'à dervìt <eos>","<sos> non c'è più riuscita , ha aperto quella porta <eos>"
'n dol medéśim mumént,nello stesso momento,<sos> 'n dol medéśim mumént <eos>,<sos> nello stesso momento <eos>
— mài — al dìh —,— mai,<sos> mài al dìh <eos>,<sos> mai <eos>
la gh'éå pò fàt ü pursèl,gli aveva cucinato un maiale,<sos> la gh'éå pò fàt ü pursèl <eos>,<sos> gli aveva cucinato un maiale <eos>
— àrdå mò jó 'n fónt el pós,— guarda in fondo al pozzo,<sos> àrdå mò jó 'n fónt el pós <eos>,<sos> guarda in fondo al pozzo <eos>
e 'l ga dìh:,che dice:,<sos> e 'l ga dìh <eos>,<sos> che dice <eos>
l'è 'ndàt sö 'n sigristìå,nella sagrestia,<sos> l'è 'ndàt sö 'n sigristìå <eos>,<sos> nella sagrestia <eos>
— brào — 'l dìh — arda — 'l dìh — he te hé bù de fà 'l mulinér,— se sei capace di fare il mugnaio,<sos> brào 'l dìh arda 'l dìh he te hé bù de fà 'l mulinér <eos>,<sos> se sei capace di fare il mugnaio <eos>
règgiå e 'l püdirà stà lìber,reggia e potrà stare libero,<sos> règgiå e 'l püdirà stà lìber <eos>,<sos> reggia e potrà stare libero <eos>
he l'à mìå ìst ü camóh e pahà,se non avesse visto passare un camoscio,<sos> he l'à mìå ìst ü camóh e pahà <eos>,<sos> se non avesse visto passare un camoscio <eos>
Rùscå 'nvéce nò,Rusca invece no,<sos> rùscå 'nvéce nò <eos>,<sos> rusca invece no <eos>
jà che t'é vulìt fà la bülå,hai voluto fare la spavalda,<sos> jà che t'é vulìt fà la bülå <eos>,<sos> hai voluto fare la spavalda <eos>
vé a rìa del màr che òi parlàt —,vieni a riva del mare che voglio parlarti —,<sos> vé a rìa del màr che òi parlàt <eos>,<sos> vieni a riva del mare che voglio parlarti <eos>
"trénta, quaranta méter",trenta o quaranta metri,"<sos> trénta , quaranta méter <eos>",<sos> trenta o quaranta metri <eos>
pòtå,pota,<sos> pòtå <eos>,<sos> pota <eos>
"l'à maiàt a' chèl óter, ma 'l prìm l'è stàc ol fìdech",ha mangiato anche il resto ma per primo il fegato,"<sos> l'à maiàt a' chèl óter , ma 'l prìm l'è stàc ol fìdech <eos>",<sos> ha mangiato anche il resto ma per primo il fegato <eos>
"'ndàt là, 'l gh'à dìt: — té àrdå 'l curtèl se 'l sanguìnå","si è avviato, le ha detto: — guarda il coltello","<sos> 'ndàt là , 'l gh'à dìt té àrdå 'l curtèl se 'l sanguìnå <eos>","<sos> si è avviato , le ha detto guarda il coltello <eos>"
chi dol mulì,quelli del mulino,<sos> chi dol mulì <eos>,<sos> quelli del mulino <eos>
i érå huriśì,erano topolini,<sos> i érå huriśì <eos>,<sos> erano topolini <eos>
— ahi ta md fé màl! —, — ahi mi fai male! —,<sos> ahi ta md fé màl ! <eos>,<sos> ahi mi fai male ! <eos>
ga harà hinquànta méter a ri-à śó! »,ci saranno cinquanta metri per arrivare laggiù! »,<sos> ga harà hinquànta méter a ri-à śó ! <eos>,<sos> ci saranno cinquanta metri per arrivare laggiù ! <eos>
e dòpo la dìh:,la vecchietta allora dice:,<sos> e dòpo la dìh <eos>,<sos> la vecchietta allora dice <eos>
e và là hènsa fàt vedì de nigü,e vai senza farti vedere da nessuno,<sos> e và là hènsa fàt vedì de nigü <eos>,<sos> e vai senza farti vedere da nessuno <eos>
quàndo l'à èst che i vegnìa piö gna' ü gna' l'óter,quando s'è accorto che non venivano più né uno né l'altro,<sos> quàndo l'à èst che i vegnìa piö gna' ü gna' l'óter <eos>,<sos> quando s'è accorto che non venivano più né uno né l'altro <eos>
Pómo 'l se śvègliå,Pomo si sveglia,<sos> pómo 'l se śvègliå <eos>,<sos> pomo si sveglia <eos>
la 'é sö,esce,<sos> la 'é sö <eos>,<sos> esce <eos>
che dòpo 'l ciameró mé,poi la chiamerò io,<sos> che dòpo 'l ciameró mé <eos>,<sos> poi la chiamerò io <eos>
åm mürirà d'la fàm e pò 'l mürirà a' i cà —,moriremo di fame e moriranno anche i cani —,<sos> åm mürirà d'la fàm e pò 'l mürirà a' i cà <eos>,<sos> moriremo di fame e moriranno anche i cani <eos>
gh'ó dàt la s-cèta al di-àol,ho promesso la figlia al diavolo,<sos> gh'ó dàt la s-cèta al di-àol <eos>,<sos> ho promesso la figlia al diavolo <eos>
a mangià la tò minèstrå! —,a mangiare la tua minestra! —,<sos> a mangià la tò minèstrå ! <eos>,<sos> a mangiare la tua minestra ! <eos>
li guàrdie le öl mìa lagàl pasà,le guardie non lo vogliono lasciar passare,<sos> li guàrdie le öl mìa lagàl pasà <eos>,<sos> le guardie non lo vogliono lasciar passare <eos>
che sembrano dùe angiolètti —,che sembrano due angioletti —,<sos> che sembrano dùe angiolètti <eos>,<sos> che sembrano due angioletti <eos>
'gnì de nóter a sénå,venite da noi a cena,<sos> 'gnì de nóter a sénå <eos>,<sos> venite da noi a cena <eos>
— töm dré a' mé,— portami con te,<sos> töm dré a' mé <eos>,<sos> portami con te <eos>
per ricompènså,per ricompensa?,<sos> per ricompènså <eos>,<sos> per ricompensa ? <eos>
"i se spùśå, no i se spùśå","si sposano, non si sposano","<sos> i se spùśå , no i se spùśå <eos>","<sos> si sposano , non si sposano <eos>"
perchè mé adès,perché,<sos> perchè mé adès <eos>,<sos> perché <eos>
fò hólc,e soldi,<sos> fò hólc <eos>,<sos> e soldi <eos>
vìa de ónda,via di corsa!,<sos> vìa de ónda <eos>,<sos> via di corsa ! <eos>
e dòpo,e quindi,<sos> e dòpo <eos>,<sos> e quindi <eos>
"i è pahài de là, i ha arda 'n giro, i vèt","passati di là, si guardano in giro, vedono","<sos> i è pahài de là , i ha arda 'n giro , i vèt <eos>","<sos> passati di là , si guardano in giro , vedono <eos>"
lü l'è di-entàt ol prìncipe,lui è diventato un principe,<sos> lü l'è di-entàt ol prìncipe <eos>,<sos> lui è diventato un principe <eos>
'l ga dìh a 'hta fómna:,dicono alla donna:,<sos> 'l ga dìh a 'hta fómna <eos>,<sos> dicono alla donna <eos>
d'ü leù mé,da un leone,<sos> d'ü leù mé <eos>,<sos> da un leone <eos>
"la l'à ciapàt, la l'à metìt amó 'n goiòfa","l'ha preso, l'ha messo ancora in tasca","<sos> la l'à ciapàt , la l'à metìt amó 'n goiòfa <eos>","<sos> l'ha preso , l'ha messo ancora in tasca <eos>"
de che banda ch'i vegnìa èh!,da che parte venissero,<sos> de che banda ch'i vegnìa èh ! <eos>,<sos> da che parte venissero <eos>
la cù-a dol serpént,la coda del serpente,<sos> la cù-a dol serpént <eos>,<sos> la coda del serpente <eos>
l'érå bù piö de ulà,non era più capace di volare,<sos> l'érå bù piö de ulà <eos>,<sos> non era più capace di volare <eos>
'ndo che l'ìa töt sö 'hte cane,dove avesse preso quelle canne,<sos> 'ndo che l'ìa töt sö 'hte cane <eos>,<sos> dove avesse preso quelle canne <eos>
Turco 'l và de déter,Turco entra,<sos> turco 'l và de déter <eos>,<sos> turco entra <eos>
chìgå śechì! —,caga zecchini! —,<sos> chìgå śechì ! <eos>,<sos> caga zecchini ! <eos>
"quàndo l'à sentìt piö negü, l'è 'nada de hura","quando non ha sentito più nessuno, è salita di sopra","<sos> quàndo l'à sentìt piö negü , l'è 'nada de hura <eos>","<sos> quando non ha sentito più nessuno , è salita di sopra <eos>"
la matìnå i èra tüt mórc e 'm 'gnìå pò che a töi de purtà,al mattino erano morti e venivamo a prenderli per portarli,<sos> la matìnå i èra tüt mórc e 'm 'gnìå pò che a töi de purtà <eos>,<sos> al mattino erano morti e venivamo a prenderli per portarli <eos>
quàndo l'è sà meśanòt,a mezzanotte,<sos> quàndo l'è sà meśanòt <eos>,<sos> a mezzanotte <eos>
e i è fiöi dol rè... —,sono i figli del re —,<sos> e i è fiöi dol rè . . . <eos>,<sos> sono i figli del re <eos>
— è 'ndóm on cantìnå con nóter —,— venite in cantina con noi —,<sos> è 'ndóm on cantìnå con nóter <eos>,<sos> venite in cantina con noi <eos>
"i dumàndå de ché, i dumànda de lé",chiedono di qua e di là,"<sos> i dumàndå de ché , i dumànda de lé <eos>",<sos> chiedono di qua e di là <eos>
che 'l sa ciamà-å ]uanì:,che si chiamava Giovannino:,<sos> che 'l sa ciamà-å uanì <eos>,<sos> che si chiamava giovannino <eos>
se té te sé cuntét,se tu sei contento,<sos> se té te sé cuntét <eos>,<sos> se tu sei contento <eos>
gnèch a portàm?,e neppure mi porta?,<sos> gnèch a portàm ? <eos>,<sos> e neppure mi porta ? <eos>
pòta i àngei!,ah gli angeli!,<sos> pòta i àngei ! <eos>,<sos> ah gli angeli ! <eos>
quando la l'avrà maśnàt fò töt,quando l'avrà consumato tutto,<sos> quando la l'avrà maśnàt fò töt <eos>,<sos> quando l'avrà consumato tutto <eos>
'sto vaśetì,quel vasettino,<sos> 'sto vaśetì <eos>,<sos> quel vasettino <eos>
e lé la dà-a le fèhte,lei dava delle feste,<sos> e lé la dà-a le fèhte <eos>,<sos> lei dava delle feste <eos>
e i óter,gli altri,<sos> e i óter <eos>,<sos> gli altri <eos>
e lü 'l gh'à dìt: — pòtå perdùnem,lui le ha risposto: — perdonami,<sos> e lü 'l gh'à dìt pòtå perdùnem <eos>,<sos> lui le ha risposto perdonami <eos>
le bòte 'm ge söi carèc,metteremo le botti sui carretti,<sos> le bòte 'm ge söi carèc <eos>,<sos> metteremo le botti sui carretti <eos>
préit che érå 'gnìt sö,del prete che era uscito,<sos> préit che érå 'gnìt sö <eos>,<sos> del prete che era uscito <eos>
l' ma dighe 'ndo i la mèt —,mi dica dove metterlo —,<sos> l' ma dighe 'ndo i la mèt <eos>,<sos> mi dica dove metterlo <eos>
l'à parejàt de tüt,ha apparecchiato di tutto,<sos> l'à parejàt de tüt <eos>,<sos> ha apparecchiato di tutto <eos>
lé la gh'à dìt: — ma mé l'ó mài dìt ü laùr cumpàgn!,lei ha risposto: — io non ho mai detto una cosa simile!,<sos> lé la gh'à dìt ma mé l'ó mài dìt ü laùr cumpàgn ! <eos>,<sos> lei ha risposto io non ho mai detto una cosa simile ! <eos>
— o 'ndét a fà chè?,— cosa vai a fare?,<sos> o 'ndét a fà chè ? <eos>,<sos> cosa vai a fare ? <eos>
'lura i s'è metìt dré,quelli si sono messi,<sos> 'lura i s'è metìt dré <eos>,<sos> quelli si sono messi <eos>
e gliùrå lü 'l ghe dìs:,allora lui risponde:,<sos> e gliùrå lü 'l ghe dìs <eos>,<sos> allora lui risponde <eos>
e tàt ór amò,e tanto altro oro,<sos> e tàt ór amò <eos>,<sos> e tanto altro oro <eos>
l'avrèh maiàt a' la pél!,avrebbe mangiato anche la pelle!,<sos> l'avrèh maiàt a' la pél ! <eos>,<sos> avrebbe mangiato anche la pelle ! <eos>
ed la campagna,della campagna,<sos> ed la campagna <eos>,<sos> della campagna <eos>
e i à menàc e cà,e li han portati a palazzo,<sos> e i à menàc e cà <eos>,<sos> e li han portati a palazzo <eos>
giü per cantù dol tàol,uno ad ogni angolo del tavolo,<sos> giü per cantù dol tàol <eos>,<sos> uno ad ogni angolo del tavolo <eos>
i è saltài fò l'istès,sono balzati in piedi ugualmente,<sos> i è saltài fò l'istès <eos>,<sos> sono balzati in piedi ugualmente <eos>
e la s'è metìdå a' lé,si è messa anche lei,<sos> e la s'è metìdå a' lé <eos>,<sos> si è messa anche lei <eos>
nel vegnì 'n sà cóla mèrce,tornando con la merce,<sos> nel vegnì 'n sà cóla mèrce <eos>,<sos> tornando con la merce <eos>
la ùh — al dìh — a l'è,è la voce,<sos> la ùh al dìh a l'è <eos>,<sos> è la voce <eos>
dòpo la restà-a śgió apéna lé,alla fine restava solo lei,<sos> dòpo la restà-a śgió apéna lé <eos>,<sos> alla fine restava solo lei <eos>
ma nisü i la tucà-å,ma nessuno la coglieva,<sos> ma nisü i la tucà-å <eos>,<sos> ma nessuno la coglieva <eos>
che 'l ma dìh che l'è ö rè,che mi dice di essere un re,<sos> che 'l ma dìh che l'è ö rè <eos>,<sos> che mi dice di essere un re <eos>
"e tè he te śgiret, ma śgìrà mìå tàt de lóns perchè he 'l gìrå i cahadùr che i te èt...","e tu se giri, non andar tanto lontano perché ci sono i cacciatori che se ti vedono...","<sos> e tè he te śgiret , ma śgìrà mìå tàt de lóns perchè he 'l gìrå i cahadùr che i te èt . . . <eos>","<sos> e tu se giri , non andar tanto lontano perché ci sono i cacciatori che se ti vedono . . . <eos>"
"— 'à là, 'à là matahì che te hé, 'dóm!",— povero mattacchione!,"<sos> 'à là , 'à là matahì che te hé , 'dóm ! <eos>",<sos> povero mattacchione ! <eos>
i è 'n dol lèt,quando loro sono a letto,<sos> i è 'n dol lèt <eos>,<sos> quando loro sono a letto <eos>
e ó fàt anche ö hunetì,e ho fatto un pisolino,<sos> e ó fàt anche ö hunetì <eos>,<sos> e ho fatto un pisolino <eos>
e lé la ga dìs:,e lei dice:,<sos> e lé la ga dìs <eos>,<sos> e lei dice <eos>
và a cà,— vai a casa,<sos> và a cà <eos>,<sos> vai a casa <eos>
i chìgå jó —,cagano... —,<sos> i chìgå jó <eos>,<sos> cagano . . . <eos>
óter m'é heràt de déter perchè haró stàt durmét...,— mi avete rinchiuso perché forse ero addormentato —,<sos> óter m'é heràt de déter perchè haró stàt durmét . . . <eos>,<sos> mi avete rinchiuso perché forse ero addormentato <eos>
"— ma mè 'ó d'biśògn, 'ó d'biśògn! —",— ma io devo parlare! —,"<sos> ma mè 'ó d'biśògn , 'ó d'biśògn ! <eos>",<sos> ma io devo parlare ! <eos>
tüte sèche,tutte secche,<sos> tüte sèche <eos>,<sos> tutte secche <eos>
ś' vèt che ergü 'sti bòte i gi à ciapàde,si vede che qualcuno queste bastonate le aveva prese,<sos> ś' vèt che ergü 'sti bòte i gi à ciapàde <eos>,<sos> si vede che qualcuno queste bastonate le aveva prese <eos>
Rusca,Rusca,<sos> rusca <eos>,<sos> rusca <eos>
mademà che i ri-à-å jó,quando arrivavano in terra,<sos> mademà che i ri-à-å jó <eos>,<sos> quando arrivavano in terra <eos>
"per entrà 'n céśå, l'érå di-entàdå amò","per entrare in chiesa, era diventata ancora","<sos> per entrà 'n céśå , l'érå di-entàdå amò <eos>","<sos> per entrare in chiesa , era diventata ancora <eos>"
"e töt, che l'à mài gna' éht tata richèha",lui non aveva mai visto tanta ricchezza,"<sos> e töt , che l'à mài gna' éht tata richèha <eos>",<sos> lui non aveva mai visto tanta ricchezza <eos>
— cèrto! — l'à dìt —,— certo!,<sos> cèrto ! l'à dìt <eos>,<sos> certo ! <eos>
— pöde mìa dàllå,— non posso —,<sos> pöde mìa dàllå <eos>,<sos> non posso <eos>
mè ch'i 'ndaghe gió 'n fónt al nòs' giardì,bisogna andare in fondo al nostro giardino ,<sos> mè ch'i 'ndaghe gió 'n fónt al nòs' giardì <eos>,<sos> bisogna andare in fondo al nostro giardino <eos>
e nel saltà 'l fòs,e nel saltare il fosso,<sos> e nel saltà 'l fòs <eos>,<sos> e nel saltare il fosso <eos>
e lé la gh'à,lei gli ha,<sos> e lé la gh'à <eos>,<sos> lei gli ha <eos>
'ta nel mètel in bóca,e poi l'ha messa in bocca,<sos> 'ta nel mètel in bóca <eos>,<sos> e poi l'ha messa in bocca <eos>
l'ó bacàt,l'ho picchiato,<sos> l'ó bacàt <eos>,<sos> l'ho picchiato <eos>
å 'ndó mé a fàs mangià al tò pòst —,vado io a farmi mangiare al tuo posto —,<sos> å 'ndó mé a fàs mangià al tò pòst <eos>,<sos> vado io a farmi mangiare al tuo posto <eos>
e lü 'l ga dìs:,quello gli dice:,<sos> e lü 'l ga dìs <eos>,<sos> quello gli dice <eos>
e ü dé,un giorno,<sos> e ü dé <eos>,<sos> un giorno <eos>
dèla banda de là,dall'altra parte,<sos> dèla banda de là <eos>,<sos> dall'altra parte <eos>
tanto brutti che sèmbrano dùe diàvoli »,tanto brutti che sembrano due diavoli »,<sos> tanto brutti che sèmbrano dùe diàvoli <eos>,<sos> tanto brutti che sembrano due diavoli <eos>
— arda Rośalba,— guarda Rosalba,<sos> arda rośalba <eos>,<sos> guarda rosalba <eos>
gliùra la 'à so,allora va là,<sos> gliùra la 'à so <eos>,<sos> allora va là <eos>
e gliùra i gh'à parlàt,allora quello gli ha parlato,<sos> e gliùra i gh'à parlàt <eos>,<sos> allora quello gli ha parlato <eos>
śguérs,con un occhio solo,<sos> śguérs <eos>,<sos> con un occhio solo <eos>
e 'l camina e 'l camina,cammina e cammina,<sos> e 'l camina e 'l camina <eos>,<sos> cammina e cammina <eos>
"i rìå 'n d'ü punto, i vèt lé ü guiulì","arrivano ad un certo punto, vedono una pozza d'acqua","<sos> i rìå 'n d'ü punto , i vèt lé ü guiulì <eos>","<sos> arrivano ad un certo punto , vedono una pozza d'acqua <eos>"
e lü 'sto tuśi 'l cumincià-å e pensà mài,e pensava che l'orco non venisse,<sos> e lü 'sto tuśi 'l cumincià-å e pensà mài <eos>,<sos> e pensava che l'orco non venisse <eos>
con giö cüśgià,con un cucchiaio,<sos> con giö cüśgià <eos>,<sos> con un cucchiaio <eos>
al sunì,allora il maiale,<sos> al sunì <eos>,<sos> allora il maiale <eos>
che l'è amò de lontà — 'l dìh — a 'ndà 'n del paìh — al dìh —,che il paese è ancora lontano,<sos> che l'è amò de lontà 'l dìh a 'ndà 'n del paìh al dìh <eos>,<sos> che il paese è ancora lontano <eos>
'm ghe ri-arà amà a töi,riusciremo ancora,<sos> 'm ghe ri-arà amà a töi <eos>,<sos> riusciremo ancora <eos>
scùltå mìå i óter,non ascoltare gli altri,<sos> scùltå mìå i óter <eos>,<sos> non ascoltare gli altri <eos>
e 'nsöma lü,così,<sos> e 'nsöma lü <eos>,<sos> così <eos>
dunque,dunque,<sos> dunque <eos>,<sos> dunque <eos>
e l'è 'l di-àol che m'à dàt e hólc,e lui mi ha dato i soldi,<sos> e l'è 'l di-àol che m'à dàt e hólc <eos>,<sos> e lui mi ha dato i soldi <eos>
"i viàgiå, i viàgiå, i viàgiå",viaggiano e viaggiano,"<sos> i viàgiå , i viàgiå , i viàgiå <eos>",<sos> viaggiano e viaggiano <eos>
'l canta hèmper issé,e canta sempre così,<sos> 'l canta hèmper issé <eos>,<sos> e canta sempre così <eos>
— 'à a cà,— vai a casa,<sos> 'à a cà <eos>,<sos> vai a casa <eos>
'l chigà-å fò tace hólc,cagava tanti soldi,<sos> 'l chigà-å fò tace hólc <eos>,<sos> cagava tanti soldi <eos>
"laghém dórme, laghém pacìfich! — turnàc a 'ndà 'n dol lèt",lasciateci dormire in pace! — così sono tornati a letto,"<sos> laghém dórme , laghém pacìfich ! turnàc a 'ndà 'n dol lèt <eos>",<sos> lasciateci dormire in pace ! così sono tornati a letto <eos>
e pò dòpo la fà 'ssè:,poi dice:,<sos> e pò dòpo la fà 'ssè <eos>,<sos> poi dice <eos>
gliùrå la h'è metìdå dré e fà érs,allora s'è messa a far versi,<sos> gliùrå la h'è metìdå dré e fà érs <eos>,<sos> allora s'è messa a far versi <eos>
té t'é durmìt,tu hai dormito,<sos> té t'é durmìt <eos>,<sos> tu hai dormito <eos>
— hé ga scape pròpe ai lader del bù,— scappo proprio ai ladri,<sos> hé ga scape pròpe ai lader del bù <eos>,<sos> scappo proprio ai ladri <eos>
al pasa fò,si mette a strisciare,<sos> al pasa fò <eos>,<sos> si mette a strisciare <eos>
la gh'éå trèi tuśe,aveva tre figlie,<sos> la gh'éå trèi tuśe <eos>,<sos> aveva tre figlie <eos>
e dòpo l'à dìt: — óter,ma poi: — cosa ci vuoi fare?,<sos> e dòpo l'à dìt óter <eos>,<sos> ma poi cosa ci vuoi fare ? <eos>
óltes ondré mìå perchè se te se óltet ondré,non voltarti altrimenti,<sos> óltes ondré mìå perchè se te se óltet ondré <eos>,<sos> non voltarti altrimenti <eos>
cumpàgn de dù balerini,come due ballerini,<sos> cumpàgn de dù balerini <eos>,<sos> come due ballerini <eos>
la madrìgnå la rèsta amà a' piö màl,la matrigna ancora peggio,<sos> la madrìgnå la rèsta amà a' piö màl <eos>,<sos> la matrigna ancora peggio <eos>
dòpo lé la gh'éå dìt la egiahìnå: — te la 'nsigneró mé la vià,poi la vecchietta le ha detto: — ti insegnerò io la strada,<sos> dòpo lé la gh'éå dìt la egiahìnå te la 'nsigneró mé la vià <eos>,<sos> poi la vecchietta le ha detto ti insegnerò io la strada <eos>
— ta ma l' dé a mé,— dammelo! —,<sos> ta ma l' dé a mé <eos>,<sos> dammelo ! <eos>
quàndo l'è stàt ol momént,quando è stato il momento,<sos> quàndo l'è stàt ol momént <eos>,<sos> quando è stato il momento <eos>
— fühei fò tüddü!,— fossero fuori tutti e due!,<sos> fühei fò tüddü ! <eos>,<sos> fossero fuori tutti e due ! <eos>
e pórtemlo e cà che 'm gi a fà cöśe perchè,portamelo a casa che lo facciamo cuocere,<sos> e pórtemlo e cà che 'm gi a fà cöśe perchè <eos>,<sos> portamelo a casa che lo facciamo cuocere <eos>
pasàt amò 'l dé,ha trascorso ancora un giorno,<sos> pasàt amò 'l dé <eos>,<sos> ha trascorso ancora un giorno <eos>
ma tüt tüt tüt tüt,proprio tutto,<sos> ma tüt tüt tüt tüt <eos>,<sos> proprio tutto <eos>
che dòpo t'ediré che te 'gniré amò nurmàlå —,vedrai che così tornerai ancora normale —,<sos> che dòpo t'ediré che te 'gniré amò nurmàlå <eos>,<sos> vedrai che così tornerai ancora normale <eos>
"'l fà per partì, la sò surèlå: — àrdå, và mìå","ha fatto per partire, la sorella gli ha detto: — non andare","<sos> 'l fà per partì , la sò surèlå àrdå , và mìå <eos>","<sos> ha fatto per partire , la sorella gli ha detto non andare <eos>"
"l'alòjo ela śét, ma i gh'éå nügü","alloggio alla gente, ma nessuno aveva","<sos> l'alòjo ela śét , ma i gh'éå nügü <eos>","<sos> alloggio alla gente , ma nessuno aveva <eos>"
— eéh — l'à dìt — gh'ó hét mé èh,"— eh, io ho sete",<sos> eéh l'à dìt gh'ó hét mé èh <eos>,"<sos> eh , io ho sete <eos>"
mi sèmbri una barba di tórdo! —,mi sembri una barba di tordo! —,<sos> mi sèmbri una barba di tórdo ! <eos>,<sos> mi sembri una barba di tordo ! <eos>
'ssè 'n di paìs —,nei paesi —,<sos> 'ssè 'n di paìs <eos>,<sos> nei paesi <eos>
stàgå hö che 'l gh'érå jó e hö a' lü,di starci che c'era anche lui,<sos> stàgå hö che 'l gh'érå jó e hö a' lü <eos>,<sos> di starci che c'era anche lui <eos>
éh pòtå lü l'è 'gnìt en sö,lui è tornato in su,<sos> éh pòtå lü l'è 'gnìt en sö <eos>,<sos> lui è tornato in su <eos>
e pò l'è 'gnìt on gió,poi è tornato indietro,<sos> e pò l'è 'gnìt on gió <eos>,<sos> poi è tornato indietro <eos>
glìùrå 'm tirå pò 'nsèm negót!,così non raccogliamo niente!,<sos> glìùrå 'm tirå pò 'nsèm negót ! <eos>,<sos> così non raccogliamo niente ! <eos>
cóli söi trèi cavre,con le sue tre capre,<sos> cóli söi trèi cavre <eos>,<sos> con le sue tre capre <eos>
lé höl lèt de fòie,sul letto di foglie,<sos> lé höl lèt de fòie <eos>,<sos> sul letto di foglie <eos>
alura lé la ciàma 'l hò òm:,allora chiama il suo uomo,<sos> alura lé la ciàma 'l hò òm <eos>,<sos> allora chiama il suo uomo <eos>
stasérå,questa sera,<sos> stasérå <eos>,<sos> questa sera <eos>
al vèt che gh'è hö ö hàch,vede che c'è un sacco,<sos> al vèt che gh'è hö ö hàch <eos>,<sos> vede che c'è un sacco <eos>
— pòta — 'l dìh — cóme fói?,— come faccio?,<sos> pòta 'l dìh cóme fói ? <eos>,<sos> come faccio ? <eos>
'l bastimènt del sciùr Piétro Bigliàrdi! — e i curìa töi śó al pórt,il bastimento del signor Pietro Bigliardi! — correvano tutti al porto,<sos> 'l bastimènt del sciùr piétro bigliàrdi ! e i curìa töi śó al pórt <eos>,<sos> il bastimento del signor pietro bigliardi ! correvano tutti al porto <eos>
ogliùrå Pómo,allora Pomo,<sos> ogliùrå pómo <eos>,<sos> allora pomo <eos>
di agnèi che éra pò a' bèi tènder de mangià,degli agnelli molto teneri,<sos> di agnèi che éra pò a' bèi tènder de mangià <eos>,<sos> degli agnelli molto teneri <eos>
la gh'à dìt: — mé stó mìå bé —,ha detto: — io non sto bene —,<sos> la gh'à dìt mé stó mìå bé <eos>,<sos> ha detto io non sto bene <eos>
te hé stài fò ö mìs,e sei rimasto un mese,<sos> te hé stài fò ö mìs <eos>,<sos> e sei rimasto un mese <eos>
— ma ói de dì che mé gliùrå?,— allora cosa devo dire?,<sos> ma ói de dì che mé gliùrå ? <eos>,<sos> allora cosa devo dire ? <eos>
e la principèså la gh'à dìt:,e la principessa esclama:,<sos> e la principèså la gh'à dìt <eos>,<sos> e la principessa esclama <eos>
l'éra hèmper négher de fàm lü,era sempre nero di fame,<sos> l'éra hèmper négher de fàm lü <eos>,<sos> era sempre nero di fame <eos>
l'érå ü tòch de marmo,era un pezzo di marmo,<sos> l'érå ü tòch de marmo <eos>,<sos> era un pezzo di marmo <eos>
— che dìs la mé màmå?,— cosa ha detto la mia mamma?,<sos> che dìs la mé màmå ? <eos>,<sos> cosa ha detto la mia mamma ? <eos>
i à dìt essè: — pòtå,quelli rispondono:,<sos> i à dìt essè pòtå <eos>,<sos> quelli rispondono <eos>
li nòse è rimandae al dé dòpo amó ün'ótrå óltå,le nozze sono state rimandate un'altra volta al giorno dopo,<sos> li nòse è rimandae al dé dòpo amó ün'ótrå óltå <eos>,<sos> le nozze sono state rimandate un'altra volta al giorno dopo <eos>
— ah — l'à dìt —,— ah — ha detto —,<sos> ah l'à dìt <eos>,<sos> ah ha detto <eos>
só pròpe 'l prìncipe,il principe,<sos> só pròpe 'l prìncipe <eos>,<sos> il principe <eos>
e gliùrå 'sto,così,<sos> e gliùrå 'sto <eos>,<sos> così <eos>
perchè öe 'ndà a ritirà i mé cà,perché voglio andare a ritirare i miei cani,<sos> perchè öe 'ndà a ritirà i mé cà <eos>,<sos> perché voglio andare a ritirare i miei cani <eos>
"« principino, principino","« principino, principino","<sos> principino , principino <eos>","<sos> principino , principino <eos>"
'sto ca-àl ol trà-å pesade,il cavallo tirava calci,<sos> 'sto ca-àl ol trà-å pesade <eos>,<sos> il cavallo tirava calci <eos>
lé l'è 'ndacia a cà,lei è tornata a casa,<sos> lé l'è 'ndacia a cà <eos>,<sos> lei è tornata a casa <eos>
lü 'l préit on dol sügàs gió col mantì,il prete nell'asciugarsi col tovagliolo,<sos> lü 'l préit on dol sügàs gió col mantì <eos>,<sos> il prete nell'asciugarsi col tovagliolo <eos>
'à a cà,vai a casa,<sos> 'à a cà <eos>,<sos> vai a casa <eos>
ål gh'à deśligàt fò 'l bigaröl,lui le ha slacciato il grembiule,<sos> ål gh'à deśligàt fò 'l bigaröl <eos>,<sos> lui le ha slacciato il grembiule <eos>
— eéh!,— ah no!,<sos> eéh ! <eos>,<sos> ah no ! <eos>
i śgi à ciapàde tüte dói,le hanno prese tutte e due,<sos> i śgi à ciapàde tüte dói <eos>,<sos> le hanno prese tutte e due <eos>
la ègne ché che,venga che,<sos> la ègne ché che <eos>,<sos> venga che <eos>
che ó ciapàt dà òm,ho trovato due uomini,<sos> che ó ciapàt dà òm <eos>,<sos> ho trovato due uomini <eos>
'n chèl fratép ogliò,nel frattempo,<sos> 'n chèl fratép ogliò <eos>,<sos> nel frattempo <eos>
ànimå vìvå — fé gliùra la gh'à cüntàt sö la sò stòriå,anima viva — allora lei gli ha raccontato la sua storia,<sos> ànimå vìvå fé gliùra la gh'à cüntàt sö la sò stòriå <eos>,<sos> anima viva allora lei gli ha raccontato la sua storia <eos>
e lü 'l ga dìh:,e lui gli dice:,<sos> e lü 'l ga dìh <eos>,<sos> e lui gli dice <eos>
chèla nòt ogliò,quella notte lì,<sos> chèla nòt ogliò <eos>,<sos> quella notte lì <eos>
'l se lèå la prèdå,si alza la pietra,<sos> 'l se lèå la prèdå <eos>,<sos> si alza la pietra <eos>
i ma davrirà pò de détér tànt lùr!,— di certo a noi non apriranno la porta!,<sos> i ma davrirà pò de détér tànt lùr ! <eos>,<sos> di certo a noi non apriranno la porta ! <eos>
dòpo 'l ghe dìs:,poi dice:,<sos> dòpo 'l ghe dìs <eos>,<sos> poi dice <eos>
e dopo,e dopo,<sos> e dopo <eos>,<sos> e dopo <eos>
e gliùra i à ciapàt i fóns,allora han preso i funghi,<sos> e gliùra i à ciapàt i fóns <eos>,<sos> allora han preso i funghi <eos>
'gnì! —,venite! —,<sos> 'gnì ! <eos>,<sos> venite ! <eos>
té hunì,tu maiale,<sos> té hunì <eos>,<sos> tu maiale <eos>
— ma pianśì miga 'lura per mé he l'è per chèl lé,— ma non piangete per questo!,<sos> ma pianśì miga 'lura per mé he l'è per chèl lé <eos>,<sos> ma non piangete per questo ! <eos>
'n n'è 'gnìt ün óter,ne è venuto un altro,<sos> 'n n'è 'gnìt ün óter <eos>,<sos> ne è venuto un altro <eos>
i l'à metìt sübit on preśù,è stato messo subito in prigione,<sos> i l'à metìt sübit on preśù <eos>,<sos> è stato messo subito in prigione <eos>
la prìmå nòt la s'è mìå ulsàdå e diglio,la prima notte non ha osato dirglielo,<sos> la prìmå nòt la s'è mìå ulsàdå e diglio <eos>,<sos> la prima notte non ha osato dirglielo <eos>
chèl falì che gh'è...,è quel poco che ho,<sos> chèl falì che gh'è . . . <eos>,<sos> è quel poco che ho <eos>
e dù u trì solfanèi,e anche due o tre fiammiferi,<sos> e dù u trì solfanèi <eos>,<sos> e anche due o tre fiammiferi <eos>
"la l'à piegàt bé, la l'à metìt en goiòfa",l'ha piegato per bene l'ha messo in tasca,"<sos> la l'à piegàt bé , la l'à metìt en goiòfa <eos>",<sos> l'ha piegato per bene l'ha messo in tasca <eos>
e ta ciàmet amò chèl pèh —,e chiama ancora quel pesce —,<sos> e ta ciàmet amò chèl pèh <eos>,<sos> e chiama ancora quel pesce <eos>
te ghe a mandet ala tò màmå che l'è 'ssè pu-arìnå,li mandi alla tua mamma che è così povera,<sos> te ghe a mandet ala tò màmå che l'è 'ssè pu-arìnå <eos>,<sos> li mandi alla tua mamma che è così povera <eos>
— hé àrdå — l'à dìt —,— guarda — ha risposto —,<sos> hé àrdå l'à dìt <eos>,<sos> guarda ha risposto <eos>
l'à dìt: « chèi ché è dù lader!,ha pensato: « questi sono due ladri!,<sos> l'à dìt chèi ché è dù lader ! <eos>,<sos> ha pensato questi sono due ladri ! <eos>
e camina e camina,cammina e cammina,<sos> e camina e camina <eos>,<sos> cammina e cammina <eos>
che 'l giüstà-å i paröi,che aggiustava i paioli,<sos> che 'l giüstà-å i paröi <eos>,<sos> che aggiustava i paioli <eos>
al gh'ìa òia a' de fà a' la hò hògn lü Hàn Piéro,aveva anche voglia di fare il suo sonnellino,<sos> al gh'ìa òia a' de fà a' la hò hògn lü hàn piéro <eos>,<sos> aveva anche voglia di fare il suo sonnellino <eos>
che fórse mi salvi,forse mi salverai,<sos> che fórse mi salvi <eos>,<sos> forse mi salverai <eos>
— edès,— adesso,<sos> edès <eos>,<sos> adesso <eos>
'l ghe dìs: — cóha ölet?,gli ha chiesto: — cosa vuoi?,<sos> 'l ghe dìs cóha ölet ? <eos>,<sos> gli ha chiesto cosa vuoi ? <eos>
i à metìt dét 'esti dù bucù d' polènta,vi han messo questo po' di polenta,<sos> i à metìt dét 'esti dù bucù d' polènta <eos>,<sos> vi han messo questo po' di polenta <eos>
aśnì,— asinello,<sos> aśnì <eos>,<sos> asinello <eos>
l'è partida e la gh'à dìt ni-ènt,senza dire niente,<sos> l'è partida e la gh'à dìt ni-ènt <eos>,<sos> senza dire niente <eos>
ma faràl de che d'ü taulì?,cosa ne farà di un tavolo?,<sos> ma faràl de che d'ü taulì ? <eos>,<sos> cosa ne farà di un tavolo ? <eos>
e biśógna che la àe a fàs mangià,e deve andare a farsi mangiare,<sos> e biśógna che la àe a fàs mangià <eos>,<sos> e deve andare a farsi mangiare <eos>
le pòste come gh'è 'ncö,le poste come oggi,<sos> le pòste come gh'è 'ncö <eos>,<sos> le poste come oggi <eos>
adès cóha ga harà capitàt a Rośalba? »,cosa sarà capitato a Rosalba?,<sos> adès cóha ga harà capitàt a rośalba ? <eos>,<sos> cosa sarà capitato a rosalba ? <eos>
ardé — la dìh — ó fàt amò mé la vagabónda 'n giro,io ho già fatto la vagabonda,<sos> ardé la dìh ó fàt amò mé la vagabónda 'n giro <eos>,<sos> io ho già fatto la vagabonda <eos>
— 'ndoè saràl chèl vìl suldàt,— dove sarà quel vil soldato?,<sos> 'ndoè saràl chèl vìl suldàt <eos>,<sos> dove sarà quel vil soldato ? <eos>
i va det en 'öna cantina cóla scüśa de 'nà a fà ergót,sono entrati in una cantina con la scusa di fare qualcosa,<sos> i va det en 'öna cantina cóla scüśa de 'nà a fà ergót <eos>,<sos> sono entrati in una cantina con la scusa di fare qualcosa <eos>
ala matìnå,al mattino,<sos> ala matìnå <eos>,<sos> al mattino <eos>
la öl di-entà öna papèssa,vuol diventare una papessa,<sos> la öl di-entà öna papèssa <eos>,<sos> vuol diventare una papessa <eos>
la öl scrìf sö höla porta,vuole scrivere sulla porta,<sos> la öl scrìf sö höla porta <eos>,<sos> vuole scrivere sulla porta <eos>
e 'sta nòt,e questa notte,<sos> e 'sta nòt <eos>,<sos> e questa notte <eos>
e lü 'sto di-àol ål fà-å pié de érs perchè,il diavolo faceva un sacco di versi perché,<sos> e lü 'sto di-àol ål fà-å pié de érs perchè <eos>,<sos> il diavolo faceva un sacco di versi perché <eos>
ma la s-cèta l'éra nahida hènsa bràs,ma questa era nata senza braccia,<sos> ma la s-cèta l'éra nahida hènsa bràs <eos>,<sos> ma questa era nata senza braccia <eos>
e lü 'l gh'à dìt:,lui ha risposto:,<sos> e lü 'l gh'à dìt <eos>,<sos> lui ha risposto <eos>
chèlå sérå gliò i à fàt i gnòch,quella sera hanno fatto gli gnocchi,<sos> chèlå sérå gliò i à fàt i gnòch <eos>,<sos> quella sera hanno fatto gli gnocchi <eos>
o che lé l'è öna strì-å piö tànt de mé,o che è strega più di me,<sos> o che lé l'è öna strì-å piö tànt de mé <eos>,<sos> o che è strega più di me <eos>
òt o dés,otto o dieci altri,<sos> òt o dés <eos>,<sos> otto o dieci altri <eos>
se te me diśet chi che te sé,se mi dici chi sei,<sos> se te me diśet chi che te sé <eos>,<sos> se mi dici chi sei <eos>
gliùrå lé l'è 'ndàdå hö,allora lei è salita,<sos> gliùrå lé l'è 'ndàdå hö <eos>,<sos> allora lei è salita <eos>
ó troàt öna śùena? — 'l dìh —,ho trovato una ragazza,<sos> ó troàt öna śùena ? 'l dìh <eos>,<sos> ho trovato una ragazza <eos>
ghe l' dé ala céśå,lo date alla chiesa,<sos> ghe l' dé ala céśå <eos>,<sos> lo date alla chiesa <eos>
ål rìå a cà la sérå,alla sera arriva a casa,<sos> ål rìå a cà la sérå <eos>,<sos> alla sera arriva a casa <eos>
la śgi à mìa tru-àde de nigüne bande,senza però trovarle,<sos> la śgi à mìa tru-àde de nigüne bande <eos>,<sos> senza però trovarle <eos>
statua di marmo diventerà » —,statua di marmo diventerà,<sos> statua di marmo diventerà <eos>,<sos> statua di marmo diventerà <eos>
ta salve e ta guarise,ti salvo e ti guarisco,<sos> ta salve e ta guarise <eos>,<sos> ti salvo e ti guarisco <eos>
'l dìh: « mè che 'ndaghe — l dìh perchè cóha digheràl? — al dìh,si dice: « devo andare chissà cosa dirà! »,<sos> 'l dìh mè che 'ndaghe l dìh perchè cóha digheràl ? al dìh <eos>,<sos> si dice devo andare chissà cosa dirà ! <eos>
còsa farài? »,cosa faranno? »,<sos> còsa farài ? <eos>,<sos> cosa faranno ? <eos>
con chèl bé ca la ga ülìa ala mé spuśa?,« col bene che voleva alla mia sposa,<sos> con chèl bé ca la ga ülìa ala mé spuśa ? <eos>,<sos> col bene che voleva alla mia sposa <eos>
e lé la mangià-a e la bi-ìa,mangiava e beveva,<sos> e lé la mangià-a e la bi-ìa <eos>,<sos> mangiava e beveva <eos>
te 'ndé hö,vai,<sos> te 'ndé hö <eos>,<sos> vai <eos>
"la scirca da ché, la scirca da lé","cerca di qua, cerca di là","<sos> la scirca da ché , la scirca da lé <eos>","<sos> cerca di qua , cerca di là <eos>"
a 'ndarèh pròpe ontéra — 'l dìh —,ci andrei proprio volentieri,<sos> a 'ndarèh pròpe ontéra 'l dìh <eos>,<sos> ci andrei proprio volentieri <eos>
e pò la fà:,poi si dice:,<sos> e pò la fà <eos>,<sos> poi si dice <eos>
sènsa màmå,e mamma,<sos> sènsa màmå <eos>,<sos> e mamma <eos>
'l ha mèt idré a fà chèle paròle ché:,lo zufolo si è messo a dire queste parole:,<sos> 'l ha mèt idré a fà chèle paròle ché <eos>,<sos> lo zufolo si è messo a dire queste parole <eos>
làghem endà che mé 'gniró mài piö! —,lasciami andare che non verrò mai più —,<sos> làghem endà che mé 'gniró mài piö ! <eos>,<sos> lasciami andare che non verrò mai più <eos>
éi 'gnìc?,sono venuti?,<sos> éi 'gnìc ? <eos>,<sos> sono venuti ? <eos>
tu m'hai ucciso nel bosco di Sien,tu mi hai ucciso nel bosco di Sien,<sos> tu m'hai ucciso nel bosco di sien <eos>,<sos> tu mi hai ucciso nel bosco di sien <eos>
déter on fónt ål ghe sarà déter dóla térå,là ci sarà della terra,<sos> déter on fónt ål ghe sarà déter dóla térå <eos>,<sos> là ci sarà della terra <eos>
la gh'à i öc seràc,ha gli occhi chiusi,<sos> la gh'à i öc seràc <eos>,<sos> ha gli occhi chiusi <eos>
e 'é a' té,e vieni anche tu,<sos> e 'é a' té <eos>,<sos> e vieni anche tu <eos>
— mé ta dó 'l cüśgianì de l'acqua,— io ti dò il cucchiaino di acqua,<sos> mé ta dó 'l cüśgianì de l'acqua <eos>,<sos> io ti dò il cucchiaino di acqua <eos>
té te sé 'n perìcol,sei in pericolo,<sos> té te sé 'n perìcol <eos>,<sos> sei in pericolo <eos>
l'infinito!,l'infinito!,<sos> l'infinito ! <eos>,<sos> l'infinito ! <eos>
chi mi sènte,chi mi sente,<sos> chi mi sènte <eos>,<sos> chi mi sente <eos>
ma üna caśa reàle,una casa reale,<sos> ma üna caśa reàle <eos>,<sos> una casa reale <eos>
tìnch!,tìnch!,<sos> tìnch ! <eos>,<sos> tìnch ! <eos>
üna córdå,una corda,<sos> üna córdå <eos>,<sos> una corda <eos>
"— ma nò, parle con nigü",— non parlo con nessuno,"<sos> ma nò , parle con nigü <eos>",<sos> non parlo con nessuno <eos>
'ndàt in del infèrno,di essere capitati all'inferno,<sos> 'ndàt in del infèrno <eos>,<sos> di essere capitati all'inferno <eos>
mé 'l só miga,io non so,<sos> mé 'l só miga <eos>,<sos> io non so <eos>
i è 'ndàt gió col padrù e mangià la hénå,sono andate col padrone a cenare,<sos> i è 'ndàt gió col padrù e mangià la hénå <eos>,<sos> sono andate col padrone a cenare <eos>
e 'l pianśìa de 'mper lü,e piangeva sempre,<sos> e 'l pianśìa de 'mper lü <eos>,<sos> e piangeva sempre <eos>
e la ga dìh al sò òm:,e ha detto a suo marito:,<sos> e la ga dìh al sò òm <eos>,<sos> e ha detto a suo marito <eos>
tütå urnàdå de fiùr,tutta ornata di fiori,<sos> tütå urnàdå de fiùr <eos>,<sos> tutta ornata di fiori <eos>
menemà e meśanót la hét,a mezzanotte sente,<sos> menemà e meśanót la hét <eos>,<sos> a mezzanotte sente <eos>
— hét pò 'ndàt 'du-è?,— dove sei andato?,<sos> hét pò 'ndàt 'du-è ? <eos>,<sos> dove sei andato ? <eos>
tré 'n có el paìh,in fondo al paese,<sos> tré 'n có el paìh <eos>,<sos> in fondo al paese <eos>
perchè la m'à copàt dù di mé s-cèc,perché ha ammazzato due dei miei figli,<sos> perchè la m'à copàt dù di mé s-cèc <eos>,<sos> perché ha ammazzato due dei miei figli <eos>
ål pöl saltà fò,può essere scoperto,<sos> ål pöl saltà fò <eos>,<sos> può essere scoperto <eos>
e 'l gh'à dìt:,e lui le ha chiesto:,<sos> e 'l gh'à dìt <eos>,<sos> e lui le ha chiesto <eos>
e 'l sapù,e il piccone,<sos> e 'l sapù <eos>,<sos> e il piccone <eos>
en di càp e fà la raccòlta di póm,nei campi a fare la raccolta di mele,<sos> en di càp e fà la raccòlta di póm <eos>,<sos> nei campi a fare la raccolta di mele <eos>
e 'ndóe saràl? —,dove sarà? —,<sos> e 'ndóe saràl ? <eos>,<sos> dove sarà ? <eos>
e nel turnà 'ndré,tornando indietro,<sos> e nel turnà 'ndré <eos>,<sos> tornando indietro <eos>
— he te ghe sté a' té preòst,— se resti anche tu,<sos> he te ghe sté a' té preòst <eos>,<sos> se resti anche tu <eos>
'l n'à mandàt a ciamà ün óter,allora ne ha fatto chiamare un altro,<sos> 'l n'à mandàt a ciamà ün óter <eos>,<sos> allora ne ha fatto chiamare un altro <eos>
'l gh'à cüntàt sö,gli ha raccontato,<sos> 'l gh'à cüntàt sö <eos>,<sos> gli ha raccontato <eos>
'l se śbasà-å,si abbassava,<sos> 'l se śbasà-å <eos>,<sos> si abbassava <eos>
l'à scultàt nigü,non ha ascoltato nessuno,<sos> l'à scultàt nigü <eos>,<sos> non ha ascoltato nessuno <eos>
e 'l hò papà l'éra dré che 'l vegnìa śó da hö hö lé amò cóla hö spada,"il re stava tornando da lassù, ancora con la sua spada",<sos> e 'l hò papà l'éra dré che 'l vegnìa śó da hö hö lé amò cóla hö spada <eos>,"<sos> il re stava tornando da lassù , ancora con la sua spada <eos>"
fà-a finta de...,faceva finta di...,<sos> fà-a finta de . . . <eos>,<sos> faceva finta di . . . <eos>
te fó ède la cà,ti faccio vedere la casa,<sos> te fó ède la cà <eos>,<sos> ti faccio vedere la casa <eos>
che 'l saltilinà-a,che saltellavano,<sos> che 'l saltilinà-a <eos>,<sos> che saltellavano <eos>
e 'l se càhå trè la tànå,e si caccia nella tana,<sos> e 'l se càhå trè la tànå <eos>,<sos> e si caccia nella tana <eos>
ma 'l serpént ål gh'à dìt:,il serpente le ha detto:,<sos> ma 'l serpént ål gh'à dìt <eos>,<sos> il serpente le ha detto <eos>
pièna de di-amanti,piena di diamanti,<sos> pièna de di-amanti <eos>,<sos> piena di diamanti <eos>
lé g'è 'gnìt gió,sono scesi,<sos> lé g'è 'gnìt gió <eos>,<sos> sono scesi <eos>
agliùra i ha mèt söla cà-a giü con l'óter,allora si attaccano l'uno alla coda dell'altro,<sos> agliùra i ha mèt söla cà-a giü con l'óter <eos>,<sos> allora si attaccano l'uno alla coda dell'altro <eos>
"e lé gliùra l'è 'ndacia hò, l'ìa famada","allora lei è entrata in casa, era affamata","<sos> e lé gliùra l'è 'ndacia hò , l'ìa famada <eos>","<sos> allora lei è entrata in casa , era affamata <eos>"
"gliùrå la 'à hö, la ghe dìh eia màmå:",allora torna su e dice alla mamma:,"<sos> gliùrå la 'à hö , la ghe dìh eia màmå <eos>",<sos> allora torna su e dice alla mamma <eos>
con giö cüśgià,con un cucchiaio,<sos> con giö cüśgià <eos>,<sos> con un cucchiaio <eos>
— la vita o la mòrte?,— la vita o la morte?,<sos> la vita o la mòrte ? <eos>,<sos> la vita o la morte ? <eos>
l'è 'ndàt a l'albèrgo,è andato all'albergo,<sos> l'è 'ndàt a l'albèrgo <eos>,<sos> è andato all'albergo <eos>
i vé,arriveranno,<sos> i vé <eos>,<sos> arriveranno <eos>
— eéh cóm'ét fàc? —,— come hai fatto? —,<sos> eéh cóm'ét fàc ? <eos>,<sos> come hai fatto ? <eos>
e mé pasę śó 'n fónt,io andrò di là,<sos> e mé pas śó 'n fónt <eos>,<sos> io andrò di là <eos>
pòta la gh'è piö ri-àda a metì śó,non è riuscita più a deporre,<sos> pòta la gh'è piö ri-àda a metì śó <eos>,<sos> non è riuscita più a deporre <eos>
alura i hpehéga a ciamala,si affrettano a chiamarla,<sos> alura i hpehéga a ciamala <eos>,<sos> si affrettano a chiamarla <eos>
pò l'à scu-àt fò,ha scopato,<sos> pò l'à scu-àt fò <eos>,<sos> ha scopato <eos>
— pòta — 'l dìh — cóma gh'avrói de fà mé — 'l dìh —,— come farò,<sos> pòta 'l dìh cóma gh'avrói de fà mé 'l dìh <eos>,<sos> come farò <eos>
'm edì he edì dói bòte,andate a cercare due botti,<sos> 'm edì he edì dói bòte <eos>,<sos> andate a cercare due botti <eos>
l'érå tàt brào,era tanto bravo,<sos> l'érå tàt brào <eos>,<sos> era tanto bravo <eos>
— büte,— buttate,<sos> büte <eos>,<sos> buttate <eos>
— è di Barba-di-tórdo rè,— è di Barba-di-tordo re,<sos> è di barba-di-tórdo rè <eos>,<sos> è di barba-di-tordo re <eos>
e lé la h'è stremìdå,lei si è spaventata,<sos> e lé la h'è stremìdå <eos>,<sos> lei si è spaventata <eos>
e déter de póls!,e dentro di buona lena!,<sos> e déter de póls ! <eos>,<sos> e dentro di buona lena ! <eos>
e pò l'à turnàt amò e divìdei pò hö,e quindi li ha divisi ancora,<sos> e pò l'à turnàt amò e divìdei pò hö <eos>,<sos> e quindi li ha divisi ancora <eos>
e pahà 'stå àl,quando hanno passato la valle,<sos> e pahà 'stå àl <eos>,<sos> quando hanno passato la valle <eos>
ala statua de màrmor,statua di marmo,<sos> ala statua de màrmor <eos>,<sos> statua di marmo <eos>
ma i s'è stüfàc de faga de mangià,ma poi s'è stancata di prepararlo,<sos> ma i s'è stüfàc de faga de mangià <eos>,<sos> ma poi s'è stancata di prepararlo <eos>
gliùrå l'à capìt:,allora ha capito,<sos> gliùrå l'à capìt <eos>,<sos> allora ha capito <eos>
e śgira,gira,<sos> e śgira <eos>,<sos> gira <eos>
ma lé l'éra cia-àda de déter,ma era rinchiusa in camera,<sos> ma lé l'éra cia-àda de déter <eos>,<sos> ma era rinchiusa in camera <eos>
gh'è 'gnìt ön tempestù,è venuta una gran tempesta,<sos> gh'è 'gnìt ön tempestù <eos>,<sos> è venuta una gran tempesta <eos>
che l'è śvégliå,che è sveglia,<sos> che l'è śvégliå <eos>,<sos> che è sveglia <eos>
la gh'à dàc ö cüśgianì de gliò chèl'ègua e l'è guarìt perfetamènte,gli ha dato un cucchiaino di quell'acqua ed è guarito perfettamente,<sos> la gh'à dàc ö cüśgianì de gliò chèl'ègua e l'è guarìt perfetamènte <eos>,<sos> gli ha dato un cucchiaino di quell'acqua ed è guarito perfettamente <eos>
la bócå a chile sètte tèste gliò,la bocca a quelle sette teste,<sos> la bócå a chile sètte tèste gliò <eos>,<sos> la bocca a quelle sette teste <eos>
e hicòme töc i ga parlà-a dré,siccome tutti parlavano male di loro,<sos> e hicòme töc i ga parlà-a dré <eos>,<sos> siccome tutti parlavano male di loro <eos>
quàce àngeil,ma quanti angeli!,<sos> quàce àngeil <eos>,<sos> ma quanti angeli ! <eos>
e 'l và e 'l và e 'l và,"va, va e va",<sos> e 'l và e 'l và e 'l và <eos>,"<sos> va , va e va <eos>"
se è bateśàc,e se sono battezzati,<sos> se è bateśàc <eos>,<sos> e se sono battezzati <eos>
— adès te gh'é amò,— adesso devi,<sos> adès te gh'é amò <eos>,<sos> adesso devi <eos>
e bàsta,e basta,<sos> e bàsta <eos>,<sos> e basta <eos>
— e pènha cóha m'à éht nóter!,— pensa cosa abbiamo visto noi!,<sos> e pènha cóha m'à éht nóter ! <eos>,<sos> pensa cosa abbiamo visto noi ! <eos>
'l gh'è s-cìopàt la pansa,gli è scoppiata la pancia,<sos> 'l gh'è s-cìopàt la pansa <eos>,<sos> gli è scoppiata la pancia <eos>
l'eśbatéå,e sbatteva,<sos> l'eśbatéå <eos>,<sos> e sbatteva <eos>
— 'm farài pò chè?,— cosa faremo?,<sos> 'm farài pò chè ? <eos>,<sos> cosa faremo ? <eos>
gna' ö scüdilì dol café,neppure una tazzina del caffè,<sos> gna' ö scüdilì dol café <eos>,<sos> neppure una tazzina del caffè <eos>
i ghe n'à dàt gió,ne han date tante,<sos> i ghe n'à dàt gió <eos>,<sos> ne han date tante <eos>
se te saré buna de fà chi tré laùr egliò,se sarai capace di farle,<sos> se te saré buna de fà chi tré laùr egliò <eos>,<sos> se sarai capace di farle <eos>
'l ghe n'è fò jü,c'è uno,<sos> 'l ghe n'è fò jü <eos>,<sos> c'è uno <eos>
— té pasa śó amò de ché,— tu avviati per di qua,<sos> té pasa śó amò de ché <eos>,<sos> tu avviati per di qua <eos>
— 'ndo 'ndét compàr gàl?,— dove vai compare gallo?,<sos> 'ndo 'ndét compàr gàl ? <eos>,<sos> dove vai compare gallo ? <eos>
'l s'è sentàt gió,si è seduto,<sos> 'l s'è sentàt gió <eos>,<sos> si è seduto <eos>
e la girà-å,e girava,<sos> e la girà-å <eos>,<sos> e girava <eos>
ün'ótrå capànnå de müscol,un'altra capanna di muschio,<sos> ün'ótrå capànnå de müscol <eos>,<sos> un'altra capanna di muschio <eos>
— nò nò — l'à dit —,— no,<sos> nò nò l'à dit <eos>,<sos> no <eos>
öna bèla matina,un bel mattino,<sos> öna bèla matina <eos>,<sos> un bel mattino <eos>
o 'n punì de minèstrå,e un po' di minestra,<sos> o 'n punì de minèstrå <eos>,<sos> e un po' di minestra <eos>
e lü 'l ga dìs,le ha d'etto:,<sos> e lü 'l ga dìs <eos>,<sos> le ha d'etto <eos>
i l'à metìt on da sò sàlå,nella sala,<sos> i l'à metìt on da sò sàlå <eos>,<sos> nella sala <eos>
'ndàt là 'm pò de dé,trascorsi un po' di giorni,<sos> 'ndàt là 'm pò de dé <eos>,<sos> trascorsi un po' di giorni <eos>
lü dòpo 'l ha tróa 'n fahtöde de dì:,era tutto preoccupato:,<sos> lü dòpo 'l ha tróa 'n fahtöde de dì <eos>,<sos> era tutto preoccupato <eos>
e ga 'gnìa quàśe piö 'n mènt la fórmula,quasi non gli veniva più in mente la formula,<sos> e ga 'gnìa quàśe piö 'n mènt la fórmula <eos>,<sos> quasi non gli veniva più in mente la formula <eos>
la scri-ìa cói pè,scriveva coi piedi,<sos> la scri-ìa cói pè <eos>,<sos> scriveva coi piedi <eos>
ol badìl,il badile,<sos> ol badìl <eos>,<sos> il badile <eos>
— ardé — 'l dìs — che a meśanòt,— guardate che a mezzanotte,<sos> ardé 'l dìs che a meśanòt <eos>,<sos> guardate che a mezzanotte <eos>
e lé dòpo la h'éra abitüàdå lé e l'èrå 'gnìdå gràndå,così lei si era abituata a restare lì e si era fatta grande,<sos> e lé dòpo la h'éra abitüàdå lé e l'èrå 'gnìdå gràndå <eos>,<sos> così lei si era abituata a restare lì e si era fatta grande <eos>
madónå quànte mài!,non l'avesse mai detto!,<sos> madónå quànte mài ! <eos>,<sos> non l'avesse mai detto ! <eos>
perchè non ò spośato,perché non ho sposato,<sos> perchè non ò spośato <eos>,<sos> perché non ho sposato <eos>
ma non la godrài,ma non la godrai,<sos> ma non la godrài <eos>,<sos> ma non la godrai <eos>
dòpo i và là àch em pó,dopo un po',<sos> dòpo i và là àch em pó <eos>,<sos> dopo un po' <eos>
e gliò 'l se mèt dré e śgirà 'sto càp e 'l vèt üna cà,"e si mette a girarlo, vede una casa",<sos> e gliò 'l se mèt dré e śgirà 'sto càp e 'l vèt üna cà <eos>,"<sos> e si mette a girarlo , vede una casa <eos>"
e 'l g'è tucàt partale 'n fò 'n brahöle,e dovevano portarle in braccio,<sos> e 'l g'è tucàt partale 'n fò 'n brahöle <eos>,<sos> e dovevano portarle in braccio <eos>
"al gira a tö hö la barca, menemà gh'è lé öna curuna 'ssé!",gira la sua barca e d'un tratto c'è una corona,"<sos> al gira a tö hö la barca , menemà gh'è lé öna curuna 'ssé ! <eos>",<sos> gira la sua barca e d'un tratto c'è una corona <eos>
e i l'à metìt on preśù 'nsèmå a chi óter dù,e l'han messo in prigione assieme agli altri due,<sos> e i l'à metìt on preśù 'nsèmå a chi óter dù <eos>,<sos> e l'han messo in prigione assieme agli altri due <eos>
la gh'à credìt,gli ha creduto,<sos> la gh'à credìt <eos>,<sos> gli ha creduto <eos>
ol hervitùr al mèt in bóca 'l hivlì,il servitore mette in bocca lo zufolo,<sos> ol hervitùr al mèt in bóca 'l hivlì <eos>,<sos> il servitore mette in bocca lo zufolo <eos>
statua de marmo,statua di marmo,<sos> statua de marmo <eos>,<sos> statua di marmo <eos>
con giöna hcù-a 'n di mà,con una scopa in mano,<sos> con giöna hcù-a 'n di mà <eos>,<sos> con una scopa in mano <eos>
'nsöma 'l sìa piö dàs pace,insomma non sapeva più darsi pace,<sos> 'nsöma 'l sìa piö dàs pace <eos>,<sos> insomma non sapeva più darsi pace <eos>
le dà hö töt inhèma,là da giù tutto insieme,<sos> le dà hö töt inhèma <eos>,<sos> là da giù tutto insieme <eos>
prima che 'l partìs,prima che partisse,<sos> prima che 'l partìs <eos>,<sos> prima che partisse <eos>
— ål ve mancarés,— vi manca,<sos> ål ve mancarés <eos>,<sos> vi manca <eos>
l'éra dét,era,<sos> l'éra dét <eos>,<sos> era <eos>
la l'à mìa dervìdå,lei non l'ha aperta,<sos> la l'à mìa dervìdå <eos>,<sos> lei non l'ha aperta <eos>
e lé la fà-å l'öf d'ór,e lei ha fatto un uovo d'oro,<sos> e lé la fà-å l'öf d'ór <eos>,<sos> e lei ha fatto un uovo d'oro <eos>
al vèch fò 'n mèh a 'sto pià,e vede in mezzo,<sos> al vèch fò 'n mèh a 'sto pià <eos>,<sos> e vede in mezzo <eos>
e ó pianśì miga,voi non piangete,<sos> e ó pianśì miga <eos>,<sos> voi non piangete <eos>
e lü 'l ga dìs:,e lui risponde:,<sos> e lü 'l ga dìs <eos>,<sos> e lui risponde <eos>
— ol canarì-che-pàrlå,— il canarino-che-parla,<sos> ol canarì-che-pàrlå <eos>,<sos> il canarino-che-parla <eos>
e i à durmìt,così loro hanno dormito,<sos> e i à durmìt <eos>,<sos> così loro hanno dormito <eos>
— a 'ndà bé chèhta ché l'è la àl dèle htré-e,— vuoi vedere che questa è la valle delle streghe?,<sos> a 'ndà bé chèhta ché l'è la àl dèle htré-e <eos>,<sos> vuoi vedere che questa è la valle delle streghe ? <eos>
l'à düśìt partì,ha dovuto partire,<sos> l'à düśìt partì <eos>,<sos> ha dovuto partire <eos>
lùr i gi à ciapàc,loro li han presi,<sos> lùr i gi à ciapàc <eos>,<sos> loro li han presi <eos>
ål gh'è pié de piànte de faśöi,tante piante di fagioli,<sos> ål gh'è pié de piànte de faśöi <eos>,<sos> tante piante di fagioli <eos>
pòtå,pota,<sos> pòtå <eos>,<sos> pota <eos>
e pò l'è 'nàt fò 'l l'à ciamàt,e l'ha chiamato,<sos> e pò l'è 'nàt fò 'l l'à ciamàt <eos>,<sos> e l'ha chiamato <eos>
e 'l réma e 'l réma,rema e rema,<sos> e 'l réma e 'l réma <eos>,<sos> rema e rema <eos>
g'è 'ndàc a ède,sono andati a vedere,<sos> g'è 'ndàc a ède <eos>,<sos> sono andati a vedere <eos>
verrà la iéna e la morderà,verrà la iena e la morderà,<sos> verrà la iéna e la morderà <eos>,<sos> verrà la iena e la morderà <eos>
de ùrå i à fàt tüte li,han fatto tutte le loro,<sos> de ùrå i à fàt tüte li <eos>,<sos> han fatto tutte le loro <eos>
'l ga piaśìa mìa,non le piaceva,<sos> 'l ga piaśìa mìa <eos>,<sos> non le piaceva <eos>
ü bèl pér de scarpe de fèr,un bel paio di scarpe di ferro,<sos> ü bèl pér de scarpe de fèr <eos>,<sos> un bel paio di scarpe di ferro <eos>
e gliò gh'éra a' sò papà,là c'era anche suo padre,<sos> e gliò gh'éra a' sò papà <eos>,<sos> là c'era anche suo padre <eos>
'narì a robài,andrete a rubarli —,<sos> 'narì a robài <eos>,<sos> andrete a rubarli <eos>
lü l'à bì-ìt:,e lui ha bevuto,<sos> lü l'à bì-ìt <eos>,<sos> e lui ha bevuto <eos>
— fi öna bèla ròba,— fate una bella cosa,<sos> fi öna bèla ròba <eos>,<sos> fate una bella cosa <eos>
l'è 'ndàdå de déter,così lei è entrata,<sos> l'è 'ndàdå de déter <eos>,<sos> così lei è entrata <eos>
àrdå,guarda:,<sos> àrdå <eos>,<sos> guarda <eos>
e 'l ga dìh:,e Pietro dice:,<sos> e 'l ga dìh <eos>,<sos> e pietro dice <eos>
'nvéce de 'ndà dré ala vià,ma invece di seguire la strada,<sos> 'nvéce de 'ndà dré ala vià <eos>,<sos> ma invece di seguire la strada <eos>
fà ché,cosa vuoi fare?,<sos> fà ché <eos>,<sos> cosa vuoi fare ? <eos>
la ho ca-àgnå,la cesta,<sos> la ho ca-àgnå <eos>,<sos> la cesta <eos>
"l'è scapàdå, pò la fà:","è scappata, poi pensa:","<sos> l'è scapàdå , pò la fà <eos>","<sos> è scappata , poi pensa <eos>"
e 'l vé e cà,torna a casa,<sos> e 'l vé e cà <eos>,<sos> torna a casa <eos>
'm sercarà de cuntracambià,cercheremo di contraccambiare,<sos> 'm sercarà de cuntracambià <eos>,<sos> cercheremo di contraccambiare <eos>
però stà-a atènt se gh'ìa quàch tranèi,stando attento se ci fossero dei tranelli,<sos> però stà-a atènt se gh'ìa quàch tranèi <eos>,<sos> stando attento se ci fossero dei tranelli <eos>
— tö hö i camèi,— prendi i cammelli,<sos> tö hö i camèi <eos>,<sos> prendi i cammelli <eos>
e lü 'l dìs: — ma mé,l'orco dice:,<sos> e lü 'l dìs ma mé <eos>,<sos> l'orco dice <eos>
só pròpe a l'inféren complèto,sono proprio nel profondo inferno,<sos> só pròpe a l'inféren complèto <eos>,<sos> sono proprio nel profondo inferno <eos>
che 'l püdìa 'nà de là,dove si poteva passare,<sos> che 'l püdìa 'nà de là <eos>,<sos> dove si poteva passare <eos>
l'arà pò mìa stiràt perchè ghe sarà stàc gna' 'l fèr de stìr,o forse non avrà stirato perché non ci sarà stato neppure il ferro da stiro,<sos> l'arà pò mìa stiràt perchè ghe sarà stàc gna' 'l fèr de stìr <eos>,<sos> o forse non avrà stirato perché non ci sarà stato neppure il ferro da stiro <eos>
la èt ca l' và d'fò la gét,vede uscire le streghe,<sos> la èt ca l' và d'fò la gét <eos>,<sos> vede uscire le streghe <eos>
"li hét i spìric, i hét i mórc",sentono gli spiriti e i morti,"<sos> li hét i spìric , i hét i mórc <eos>",<sos> sentono gli spiriti e i morti <eos>
— l'ó bötàt dét amò,— l'ho buttato ancora dentro,<sos> l'ó bötàt dét amò <eos>,<sos> l'ho buttato ancora dentro <eos>
— ma éå mé!,— ma andava me!,<sos> ma éå mé ! <eos>,<sos> ma andava me ! <eos>
'l ghe dìs ala sö surèlå:,dice alla sorella:,<sos> 'l ghe dìs ala sö surèlå <eos>,<sos> dice alla sorella <eos>
'm còpå 'l gàl »,domani ammazzerò il gallo»,<sos> 'm còpå 'l gàl <eos>,<sos> domani ammazzerò il gallo <eos>
ål gh'éå piö la sò spùśå,non aveva più la sua sposa,<sos> ål gh'éå piö la sò spùśå <eos>,<sos> non aveva più la sua sposa <eos>
conténtensa pò!,accontentiamoci,<sos> conténtensa pò ! <eos>,<sos> accontentiamoci <eos>
e 'l gàl e la galinå i ghe hofià-å hö,ma il gallo e la gallina soffiavano,<sos> e 'l gàl e la galinå i ghe hofià-å hö <eos>,<sos> ma il gallo e la gallina soffiavano <eos>
ma gliùra 'l gh'éra miga,allora non c'erano,<sos> ma gliùra 'l gh'éra miga <eos>,<sos> allora non c'erano <eos>
depröf ala montàgnå,vicino alla montagna,<sos> depröf ala montàgnå <eos>,<sos> vicino alla montagna <eos>
e ta ma ciàmet:,e chiamami:,<sos> e ta ma ciàmet <eos>,<sos> e chiamami <eos>
tüt contèc a üna fòśå,tutti erano contenti,<sos> tüt contèc a üna fòśå <eos>,<sos> tutti erano contenti <eos>
ål sarà magare ö grànt ossiòr,magari sarà un gran signore,<sos> ål sarà magare ö grànt ossiòr <eos>,<sos> magari sarà un gran signore <eos>
pò adèh ål vé l'ùrå d'la càhå,poi adesso viene il periodo della caccia,<sos> pò adèh ål vé l'ùrå d'la càhå <eos>,<sos> poi adesso viene il periodo della caccia <eos>
guài a té!,guai a te!,<sos> guài a té ! <eos>,<sos> guai a te ! <eos>
'à pò de déter sémper en dóla céśa a fà la ìśitå,entra sempre nella chiesa a far la visita,<sos> 'à pò de déter sémper en dóla céśa a fà la ìśitå <eos>,<sos> entra sempre nella chiesa a far la visita <eos>
pò i camìnå,poi camminano,<sos> pò i camìnå <eos>,<sos> poi camminano <eos>
e pò la gh'à dìt:,poi ha detto:,<sos> e pò la gh'à dìt <eos>,<sos> poi ha detto <eos>
al gh'érå cóme ünå càså gràndå,c'era una grande cassa,<sos> al gh'érå cóme ünå càså gràndå <eos>,<sos> c'era una grande cassa <eos>
ma làghem on vìtå! —,ma lasciami in vita! —,<sos> ma làghem on vìtå ! <eos>,<sos> ma lasciami in vita ! <eos>
i l'ìa mài véht lùr sènsa berèta,e loro non l'avevano mai visto senza berretta,<sos> i l'ìa mài véht lùr sènsa berèta <eos>,<sos> e loro non l'avevano mai visto senza berretta <eos>
stàt lé pó e po',dopo un po',<sos> stàt lé pó e po' <eos>,<sos> dopo un po' <eos>
e li fà amò:,e fanno:,<sos> e li fà amò <eos>,<sos> e fanno <eos>
« stàngå pìcå dài! » —,« stanga picchia dai! » —,<sos> stàngå pìcå dài ! <eos>,<sos> stanga picchia dai ! <eos>
e l'éra fò 'n tèra,in terra,<sos> e l'éra fò 'n tèra <eos>,<sos> in terra <eos>
— ah nò èh!,— ah no!,<sos> ah nò èh ! <eos>,<sos> ah no ! <eos>
te gh'é miga piö biśògn de 'nà 'n giro per 'nà a mangià —,non avrai più bisogno di andare in giro per mangiare —,<sos> te gh'é miga piö biśògn de 'nà 'n giro per 'nà a mangià <eos>,<sos> non avrai più bisogno di andare in giro per mangiare <eos>
— óter,— voi,<sos> óter <eos>,<sos> voi <eos>
e quando che l'è 'gnìt de fò dóla higristìå l'érå istìt de dì mèhå,"quando il prete è uscito dalla sagrestia, era vestito per dir messa",<sos> e quando che l'è 'gnìt de fò dóla higristìå l'érå istìt de dì mèhå <eos>,"<sos> quando il prete è uscito dalla sagrestia , era vestito per dir messa <eos>"
'nà è 'nàc a-ànte 'm pó,quando sono andati avanti un po',<sos> 'nà è 'nàc a-ànte 'm pó <eos>,<sos> quando sono andati avanti un po' <eos>
è 'ndài hóta 'sta cavrina,sono andati sotto la capretta,<sos> è 'ndài hóta 'sta cavrina <eos>,<sos> sono andati sotto la capretta <eos>
al l'à hotràt là 'n del bóhch,lo ha sotterrato nel bosco,<sos> al l'à hotràt là 'n del bóhch <eos>,<sos> lo ha sotterrato nel bosco <eos>
mangì-i mìa — 'l dìh —,non mangiateli,<sos> mangì-i mìa 'l dìh <eos>,<sos> non mangiateli <eos>
e pò l'è partìt,poi è partito,<sos> e pò l'è partìt <eos>,<sos> poi è partito <eos>
i gli à menàdå höl có,gliel'hanno picchiata sulla testa,<sos> i gli à menàdå höl có <eos>,<sos> gliel'hanno picchiata sulla testa <eos>
quàndo che l'è stàt l'ùrå,quando è stato il momento,<sos> quàndo che l'è stàt l'ùrå <eos>,<sos> quando è stato il momento <eos>
e 'é a' té,e vieni anche tu,<sos> e 'é a' té <eos>,<sos> e vieni anche tu <eos>
i ghe dìs:,e dicono:,<sos> i ghe dìs <eos>,<sos> e dicono <eos>
— và bé,— va bene,<sos> và bé <eos>,<sos> va bene <eos>
pòta ö dé l'à dìc:,un giorno s'è detta:,<sos> pòta ö dé l'à dìc <eos>,<sos> un giorno s'è detta <eos>
che 'stå fómnå l'érå chèlå,che quella donna,<sos> che 'stå fómnå l'érå chèlå <eos>,<sos> che quella donna <eos>
pròpe,proprio,<sos> pròpe <eos>,<sos> proprio <eos>
'n sércå de fürtünå,in cerca di fortuna,<sos> 'n sércå de fürtünå <eos>,<sos> in cerca di fortuna <eos>
"am mangia, am bìf","mangiamo, beviamo","<sos> am mangia , am bìf <eos>","<sos> mangiamo , beviamo <eos>"
— diśe sö anche de li preghiére mé,— recito anche delle preghiere,<sos> diśe sö anche de li preghiére mé <eos>,<sos> recito anche delle preghiere <eos>
"tanto l'érå piè de sólc adès, 'l ghe n'éå ü muntù","oramai era pieno di soldi, ne aveva un mucchio","<sos> tanto l'érå piè de sólc adès , 'l ghe n'éå ü muntù <eos>","<sos> oramai era pieno di soldi , ne aveva un mucchio <eos>"
ö mulinér,un mugnaio,<sos> ö mulinér <eos>,<sos> un mugnaio <eos>
de déter la pórtå,dietro la porta,<sos> de déter la pórtå <eos>,<sos> dietro la porta <eos>
i à maśnàt la farìnå,gli hanno macinato la farina,<sos> i à maśnàt la farìnå <eos>,<sos> gli hanno macinato la farina <eos>
e 'l ga dìh ol Signùr:,e il Signore gli dice:,<sos> e 'l ga dìh ol signùr <eos>,<sos> e il signore gli dice <eos>
— he te me diśet,— se mi dici,<sos> he te me diśet <eos>,<sos> se mi dici <eos>
harài endàc?,se la saranno svignata?,<sos> harài endàc ? <eos>,<sos> se la saranno svignata ? <eos>
l'érå amò ü tuśèl,che era ancora un ragazzetto,<sos> l'érå amò ü tuśèl <eos>,<sos> che era ancora un ragazzetto <eos>
pòta i ha arda,si guardano,<sos> pòta i ha arda <eos>,<sos> si guardano <eos>
'l và déter,entra,<sos> 'l và déter <eos>,<sos> entra <eos>
gh'è lé ö h-cetì che 'l hogöta a cridà 'n giöna gròta,in una grotta c'è un bambino che continua a gridare,<sos> gh'è lé ö h-cetì che 'l hogöta a cridà 'n giöna gròta <eos>,<sos> in una grotta c'è un bambino che continua a gridare <eos>
chi mi sènte,chi mi sente,<sos> chi mi sènte <eos>,<sos> chi mi sente <eos>
pòtå,pota,<sos> pòtå <eos>,<sos> pota <eos>
ö prìncipe,un principe,<sos> ö prìncipe <eos>,<sos> un principe <eos>
'esto bèl pehì,questo bel pesciolino,<sos> 'esto bèl pehì <eos>,<sos> questo bel pesciolino <eos>
"lé l'è 'ndacia a cà, «chi sà pò... »",lei è andata a casa: « chissà... »,"<sos> lé l'è 'ndacia a cà , chi sà pò . . . <eos>",<sos> lei è andata a casa chissà . . . <eos>
töt sö 'l sò canarì,preso il loro canarino,<sos> töt sö 'l sò canarì <eos>,<sos> preso il loro canarino <eos>
và de chèl pehì,vai da quel pesciolino,<sos> và de chèl pehì <eos>,<sos> vai da quel pesciolino <eos>
tùs e üna tùśa,un bambino e una bambina,<sos> tùs e üna tùśa <eos>,<sos> un bambino e una bambina <eos>
— àrdega cóma to hé — 'l dìh —,— guarda come sei!,<sos> àrdega cóma to hé 'l dìh <eos>,<sos> guarda come sei ! <eos>
con de chi brillanti,con certi brillanti,<sos> con de chi brillanti <eos>,<sos> con certi brillanti <eos>
e là màmå a èdel con d'ü hachilì,e la mamma vedendolo con un sacchetto,<sos> e là màmå a èdel con d'ü hachilì <eos>,<sos> e la mamma vedendolo con un sacchetto <eos>
i è là a mangia l'èrba,che mangiano l'erba,<sos> i è là a mangia l'èrba <eos>,<sos> che mangiano l'erba <eos>
ma,ma,<sos> ma <eos>,<sos> ma <eos>
'ndì a laurà a' óter,andate a lavorare anche voi,<sos> 'ndì a laurà a' óter <eos>,<sos> andate a lavorare anche voi <eos>
perchè lü l'éra mài töt śó la berèta,non l'aveva mai tolta,<sos> perchè lü l'éra mài töt śó la berèta <eos>,<sos> non l'aveva mai tolta <eos>
'l s'è 'nquaciàt amò gliò,si è accovacciato,<sos> 'l s'è 'nquaciàt amò gliò <eos>,<sos> si è accovacciato <eos>
pòta l'órco 'l s'è dehedàt fò,l'orco s'è svegliato,<sos> pòta l'órco 'l s'è dehedàt fò <eos>,<sos> l'orco s'è svegliato <eos>
tütå strüśgiå,e sporca,<sos> tütå strüśgiå <eos>,<sos> e sporca <eos>
Gh'érå ünå óltå,C'erano una volta,<sos> gh'érå ünå óltå <eos>,<sos> c'erano una volta <eos>
e difati lùr i l'à mài fàt parla,e non l'hanno mai fatto parlare,<sos> e difati lùr i l'à mài fàt parla <eos>,<sos> e non l'hanno mai fatto parlare <eos>
e la èch ö ciàr egliò,e vede un lumicino,<sos> e la èch ö ciàr egliò <eos>,<sos> e vede un lumicino <eos>
l'à mài sentìt a parlà,nessuno ne parla,<sos> l'à mài sentìt a parlà <eos>,<sos> nessuno ne parla <eos>
sö hóta 'l cuhì del lèt,sotto il cuscino del letto,<sos> sö hóta 'l cuhì del lèt <eos>,<sos> sotto il cuscino del letto <eos>
e la sérå la 'ndà-å amò a serà sö li galine,di sera andava sempre a rinchiudere le galline,<sos> e la sérå la 'ndà-å amò a serà sö li galine <eos>,<sos> di sera andava sempre a rinchiudere le galline <eos>
i ve n'à dàc gna' de óter che ì scultàt,non ne han dato neanche a voi che avete ascoltato,<sos> i ve n'à dàc gna' de óter che ì scultàt <eos>,<sos> non ne han dato neanche a voi che avete ascoltato <eos>
— tö li ciàf che mé edès,— prendi le chiavi che io adesso,<sos> tö li ciàf che mé edès <eos>,<sos> prendi le chiavi che io adesso <eos>
e lü 'nvéce,e quello invece,<sos> e lü 'nvéce <eos>,<sos> e quello invece <eos>
e gliùrå lü 'l gi à mandàt e ciamà 'stå tùśå,allora il re ha mandato a chiamare la ragazza,<sos> e gliùrå lü 'l gi à mandàt e ciamà 'stå tùśå <eos>,<sos> allora il re ha mandato a chiamare la ragazza <eos>
pòta lé la ha mèt idré a tö fò la hò tila,si mette a togliere la tela,<sos> pòta lé la ha mèt idré a tö fò la hò tila <eos>,<sos> si mette a togliere la tela <eos>
l'àiguå-che-bàlå,l'acqua-che-balla,<sos> l'àiguå-che-bàlå <eos>,<sos> l'acqua-che-balla <eos>
mé hó 'gnìt ché per halvàh del temporàl...,io son venuto qui per salvarmi dal temporale...,<sos> mé hó 'gnìt ché per halvàh del temporàl . . . <eos>,<sos> io son venuto qui per salvarmi dal temporale . . . <eos>
partìdå,è partita,<sos> partìdå <eos>,<sos> è partita <eos>
'n d'ü bósch,in un bosco,<sos> 'n d'ü bósch <eos>,<sos> in un bosco <eos>
per varda he la rebombà-a,per provare se rimbombava,<sos> per varda he la rebombà-a <eos>,<sos> per provare se rimbombava <eos>
ói vegni a' mé,voglio venire anch'io,<sos> ói vegni a' mé <eos>,<sos> voglio venire anch'io <eos>
ål gh'éå nòm Pómo,si chiamava Pomo,<sos> ål gh'éå nòm pómo <eos>,<sos> si chiamava pomo <eos>
con giöna scödèla,con una scodella,<sos> con giöna scödèla <eos>,<sos> con una scodella <eos>
e che anse rèste ché 'n cà dèla mé spuśa,e che anzi resto in casa con mia moglie,<sos> e che anse rèste ché 'n cà dèla mé spuśa <eos>,<sos> e che anzi resto in casa con mia moglie <eos>
— éh bé' — la dìs —,— eh bé' — dice —,<sos> éh bé' la dìs <eos>,<sos> eh bé' dice <eos>
menemà,nel frattempo,<sos> menemà <eos>,<sos> nel frattempo <eos>
— mè 'ó d'biśògn da parlà!,— io devo parlare! —,<sos> mè 'ó d'biśògn da parlà ! <eos>,<sos> io devo parlare ! <eos>
pàm pàm pàm!,pam! pam! pam!,<sos> pàm pàm pàm ! <eos>,<sos> pam ! pam ! pam ! <eos>
"— ah pòvera mè, pòvera mè!","— ah povera me, povera me!","<sos> ah pòvera mè , pòvera mè ! <eos>","<sos> ah povera me , povera me ! <eos>"
l'è ségn che te gh'é la perpóntå,vorrà dire che avrai la trapunta,<sos> l'è ségn che te gh'é la perpóntå <eos>,<sos> vorrà dire che avrai la trapunta <eos>
fò hòc,fuori merda!,<sos> fò hòc <eos>,<sos> fuori merda ! <eos>
sporche,sporche,<sos> sporche <eos>,<sos> sporche <eos>
fò cùntrå e 'sto pós,verso il pozzo,<sos> fò cùntrå e 'sto pós <eos>,<sos> verso il pozzo <eos>
— 'ndóm möet,— svegliati,<sos> 'ndóm möet <eos>,<sos> svegliati <eos>
a fà de mangià,a far da mangiare,<sos> a fà de mangià <eos>,<sos> a far da mangiare <eos>
al pòst de troà i cèrvi,invece di cervi,<sos> al pòst de troà i cèrvi <eos>,<sos> invece di cervi <eos>
— ciàpå i hulfanèi hölå càpå —,— prendi i fiammiferi sulla cappa —,<sos> ciàpå i hulfanèi hölå càpå <eos>,<sos> prendi i fiammiferi sulla cappa <eos>
'm pò mé 'm pò té 'l laciù! —,"un po' a me, un po' a te il latte! —",<sos> 'm pò mé 'm pò té 'l laciù ! <eos>,"<sos> un po' a me , un po' a te il latte ! <eos>"
al vedéå jó pròpe 'sto leù,e vede davvero l'altro leone,<sos> al vedéå jó pròpe 'sto leù <eos>,<sos> e vede davvero l'altro leone <eos>
i l'à convìntå de 'ndà,e l'ha convinta a seguirlo,<sos> i l'à convìntå de 'ndà <eos>,<sos> e l'ha convinta a seguirlo <eos>
se 'l s'és de durmentà almeno,se si addormentasse,<sos> se 'l s'és de durmentà almeno <eos>,<sos> se si addormentasse <eos>
i la nüminà-a mài mài mài mài! — al dìh,non la nominavano mai!,<sos> i la nüminà-a mài mài mài mài ! al dìh <eos>,<sos> non la nominavano mai ! <eos>
se de nò saró mórta mé e pò a' 'l mé Rè-Serpènte,— se morirò col mio Re-Serpente,<sos> se de nò saró mórta mé e pò a' 'l mé rè-serpènte <eos>,<sos> se morirò col mio re-serpente <eos>
l' gh'à ligàt sö 'stå ferìdå,ha fasciato la ferita,<sos> l' gh'à ligàt sö 'stå ferìdå <eos>,<sos> ha fasciato la ferita <eos>
adès — ål dìs — urmài l'è fàdå 'ssè —,ormai è fatta —,<sos> adès ål dìs urmài l'è fàdå 'ssè <eos>,<sos> ormai è fatta <eos>
— diga quando l'è stöf ca l' sa tè-e sö a tochelì! —,— digli che quando è stanco si tagli a pezzettini! —,<sos> diga quando l'è stöf ca l' sa tè-e sö a tochelì ! <eos>,<sos> digli che quando è stanco si tagli a pezzettini ! <eos>
— a ghe l'ó facia al prìncipe!,— al principe!,<sos> a ghe l'ó facia al prìncipe ! <eos>,<sos> al principe ! <eos>
la iènå l'è 'gnìdå,la iena è venuta,<sos> la iènå l'è 'gnìdå <eos>,<sos> la iena è venuta <eos>
födèhei déter tüddü!,— fossero dentro tutti e due!,<sos> födèhei déter tüddü ! <eos>,<sos> fossero dentro tutti e due ! <eos>
gh'è sö ü castèl,c'è un castello,<sos> gh'è sö ü castèl <eos>,<sos> c'è un castello <eos>
la cór,corre,<sos> la cór <eos>,<sos> corre <eos>
anche a chèl,anche a quello,<sos> anche a chèl <eos>,<sos> anche a quello <eos>
e l'è 'nada śó,ed è andata,<sos> e l'è 'nada śó <eos>,<sos> ed è andata <eos>
te spuśaré 'l Rè-Serpènte,sposerai il Re Serpente,<sos> te spuśaré 'l rè-serpènte <eos>,<sos> sposerai il re serpente <eos>
quàndo l'è stàc ciamàt suldàt,quando è stato chiamato alla leva,<sos> quàndo l'è stàc ciamàt suldàt <eos>,<sos> quando è stato chiamato alla leva <eos>
hà che 'm gi a crómpå! — la hò màmå l'à dìt essè: — öt po',la mamma ha detto:,<sos> hà che 'm gi a crómpå ! la hò màmå l'à dìt essè öt po' <eos>,<sos> la mamma ha detto <eos>
töt ol mónt i a arderèh a nóter —,tutto il mondo guarderebbe a noi! —,<sos> töt ol mónt i a arderèh a nóter <eos>,<sos> tutto il mondo guarderebbe a noi ! <eos>
lücià e lùcià,piangeva e piangeva,<sos> lücià e lùcià <eos>,<sos> piangeva e piangeva <eos>
farói po' comè mé?,come farò? »,<sos> farói po' comè mé ? <eos>,<sos> come farò ? <eos>
e i a fàt sö 'l sò fagutì,ha fatto il fagottino:,<sos> e i a fàt sö 'l sò fagutì <eos>,<sos> ha fatto il fagottino <eos>
« madóna — 'l dìh — che pura! »,« madonna che paura! »,<sos> madóna 'l dìh che pura ! <eos>,<sos> madonna che paura ! <eos>
edèh em gh'arà pò piö de patì la fàm —,ora non dovremo più patire la fame —,<sos> edèh em gh'arà pò piö de patì la fàm <eos>,<sos> ora non dovremo più patire la fame <eos>
la gh'à dàt de bì-e,e da bere,<sos> la gh'à dàt de bì-e <eos>,<sos> e da bere <eos>
àidem!,aiutami!,<sos> àidem ! <eos>,<sos> aiutami ! <eos>
e 'n l'óter,e nell'ultimo,<sos> e 'n l'óter <eos>,<sos> e nell'ultimo <eos>
béh,beh,<sos> béh <eos>,<sos> beh <eos>
lé töc alégher,erano tutti allegri,<sos> lé töc alégher <eos>,<sos> erano tutti allegri <eos>
e lùr pòtå,loro,<sos> e lùr pòtå <eos>,<sos> loro <eos>
al sò famèi:,al famiglio:,<sos> al sò famèi <eos>,<sos> al famiglio <eos>
e 'l Signùr al ga dìh:,il Signore le chiede:,<sos> e 'l signùr al ga dìh <eos>,<sos> il signore le chiede <eos>
en biciclèta! —,in bicicletta!,<sos> en biciclèta ! <eos>,<sos> in bicicletta ! <eos>
la troverài,la troverai,<sos> la troverài <eos>,<sos> la troverai <eos>
'l ghe mèt ogliò li sèt lèngue,le sette lingue,<sos> 'l ghe mèt ogliò li sèt lèngue <eos>,<sos> le sette lingue <eos>
e 'l gi à dìt:,che ha detto:,<sos> e 'l gi à dìt <eos>,<sos> che ha detto <eos>
ma nóter em sè sciòre,ma noi siamo ricchi,<sos> ma nóter em sè sciòre <eos>,<sos> ma noi siamo ricchi <eos>
— ünà tìgnelå tè,— una tienila tu,<sos> ünà tìgnelå tè <eos>,<sos> una tienila tu <eos>
'ndó a' mé a trà la tila »,vado anch'io a tirare la tela »,<sos> 'ndó a' mé a trà la tila <eos>,<sos> vado anch'io a tirare la tela <eos>
grassie!,grazie!,<sos> grassie ! <eos>,<sos> grazie ! <eos>
— trìgå de 'gnì ché e martiriśàm! —,— smetti di venire a tormentarmi! —,<sos> trìgå de 'gnì ché e martiriśàm ! <eos>,<sos> smetti di venire a tormentarmi ! <eos>
i è restàt incantàc,sono rimasti di stucco,<sos> i è restàt incantàc <eos>,<sos> sono rimasti di stucco <eos>
l'éra là amò bèl,era ancora,<sos> l'éra là amò bèl <eos>,<sos> era ancora <eos>
'l gh'à śvelàt tüc i secréti,il canarino ha svelato tutti i segreti,<sos> 'l gh'à śvelàt tüc i secréti <eos>,<sos> il canarino ha svelato tutti i segreti <eos>
de mètel söl patìbol,di metterlo sul patibolo,<sos> de mètel söl patìbol <eos>,<sos> di metterlo sul patibolo <eos>
'l paha tànt tép,tanto tempo dopo,<sos> 'l paha tànt tép <eos>,<sos> tanto tempo dopo <eos>
l'éra amìcå d'üna strégå,era amica di una strega,<sos> l'éra amìcå d'üna strégå <eos>,<sos> era amica di una strega <eos>
'l fà haltà de tüt,mette tutto sottosopra,<sos> 'l fà haltà de tüt <eos>,<sos> mette tutto sottosopra <eos>
bi-ìt ü bicér de 'ì bìànch,bevuto un bicchiere di vino bianco,<sos> bi-ìt ü bicér de 'ì bìànch <eos>,<sos> bevuto un bicchiere di vino bianco <eos>
Barba-di-tórdo rè?,Barba-di-tordo re?,<sos> barba-di-tórdo rè ? <eos>,<sos> barba-di-tordo re ? <eos>
lé la l'à ringrassiàt,lei l'ha ringraziato,<sos> lé la l'à ringrassiàt <eos>,<sos> lei l'ha ringraziato <eos>
a purtà i öf ala hò màmå,a portare le uova alla mamma,<sos> a purtà i öf ala hò màmå <eos>,<sos> a portare le uova alla mamma <eos>
dòpo de 'm pó,dopo un po',<sos> dòpo de 'm pó <eos>,<sos> dopo un po' <eos>
ma lé la rócå gna' 'l füs,"né la rocca, né il fuso",<sos> ma lé la rócå gna' 'l füs <eos>,"<sos> né la rocca , né il fuso <eos>"
— 'ndóm con nù,— vieni con noi?,<sos> 'ndóm con nù <eos>,<sos> vieni con noi ? <eos>
comunque,comunque,<sos> comunque <eos>,<sos> comunque <eos>
gh'éra 'l föch che lüśìa,c'era il fuoco che brillava,<sos> gh'éra 'l föch che lüśìa <eos>,<sos> c'era il fuoco che brillava <eos>
agitàt e 'l gh'à dìt:,agitato e gli dice:,<sos> agitàt e 'l gh'à dìt <eos>,<sos> agitato e gli dice <eos>
a meśanòt on punto,a mezzanotte in punto,<sos> a meśanòt on punto <eos>,<sos> a mezzanotte in punto <eos>
e la ga dìs: — tè,e gli dice:,<sos> e la ga dìs tè <eos>,<sos> e gli dice <eos>
la he n'è 'ncórta a' lé,se n'era accorta,<sos> la he n'è 'ncórta a' lé <eos>,<sos> se n'era accorta <eos>
l'órco 'l runcà-å,l'orco russare,<sos> l'órco 'l runcà-å <eos>,<sos> l'orco russare <eos>
pò dòpo metì śgió li palanche che mé la sérå — 'l dìs —,"e poi metterci i soldi, così io di sera",<sos> pò dòpo metì śgió li palanche che mé la sérå 'l dìs <eos>,"<sos> e poi metterci i soldi , così io di sera <eos>"
l'érå tàc de chi àgn che mé 'gnìe hö,erano tanti anni che salivo,<sos> l'érå tàc de chi àgn che mé 'gnìe hö <eos>,<sos> erano tanti anni che salivo <eos>
e pò anche 'l Rè-Serpènte,e anche il Re-Serpente,<sos> e pò anche 'l rè-serpènte <eos>,<sos> e anche il re-serpente <eos>
la dìs: — 'gnì śó ché hóta la strada ché,vieni a lato della strada,<sos> la dìs 'gnì śó ché hóta la strada ché <eos>,<sos> vieni a lato della strada <eos>
l'à dìt: — al gh'è ü bèl parco 'n dóla,— c'è un bel parco nella,<sos> l'à dìt al gh'è ü bèl parco 'n dóla <eos>,<sos> c'è un bel parco nella <eos>
dòpo de 'm pó,dopo un po',<sos> dòpo de 'm pó <eos>,<sos> dopo un po' <eos>
gna' 'l campanèl,né campanello,<sos> gna' 'l campanèl <eos>,<sos> né campanello <eos>
e i l'à ciamàt lei l'à tràt,l'hanno chiamato tirato,<sos> e i l'à ciamàt lei l'à tràt <eos>,<sos> l'hanno chiamato tirato <eos>
— madóna 'l dìh — Divìn Maèstro,— Divin Maestro,<sos> madóna 'l dìh divìn maèstro <eos>,<sos> divin maestro <eos>
ål gh'à dìt:,le ha detto:,<sos> ål gh'à dìt <eos>,<sos> le ha detto <eos>
ma l'è mé fradèl,ma è mio fratello,<sos> ma l'è mé fradèl <eos>,<sos> ma è mio fratello <eos>
lü 'l sa metìa dré cóme a pianśì,lui scoppiava a piangere,<sos> lü 'l sa metìa dré cóme a pianśì <eos>,<sos> lui scoppiava a piangere <eos>
dèlå céśå,nella chiesa,<sos> dèlå céśå <eos>,<sos> nella chiesa <eos>
gliùra 'l rè,allora il re,<sos> gliùra 'l rè <eos>,<sos> allora il re <eos>
— ada Śgìoanì — 'l dìh —,— Giovannino,<sos> ada śgìoanì 'l dìh <eos>,<sos> giovannino <eos>
e vìo!,e via!,<sos> e vìo ! <eos>,<sos> e via ! <eos>
'l ga dìs ol Signùr:,dice il Signore:,<sos> 'l ga dìs ol signùr <eos>,<sos> dice il signore <eos>
l'è füsgìt amò,è scappato ancora,<sos> l'è füsgìt amò <eos>,<sos> è scappato ancora <eos>
la faró miga mé perchè mé la lahe mìa scapà,perché non la lascerò scappare,<sos> la faró miga mé perchè mé la lahe mìa scapà <eos>,<sos> perché non la lascerò scappare <eos>
per ho cönt,a sé,<sos> per ho cönt <eos>,<sos> a sé <eos>
« ché bache hö d'la fàm! »,« qui patisco la fame! »,<sos> ché bache hö d'la fàm ! <eos>,<sos> qui patisco la fame ! <eos>
l'è de 'stå bàndå ché,da quella parte,<sos> l'è de 'stå bàndå ché <eos>,<sos> da quella parte <eos>
e i gh'éå apénå ü tuśèl,avevano un solo ragazzo,<sos> e i gh'éå apénå ü tuśèl <eos>,<sos> avevano un solo ragazzo <eos>
'l pàhå jó 'n dol paìs del Dès,passa per il paese di Dezzo,<sos> 'l pàhå jó 'n dol paìs del dès <eos>,<sos> passa per il paese di dezzo <eos>
che 'l gh'érå piö chèl che hervìå,che non c'era più quello che serviva,<sos> che 'l gh'érå piö chèl che hervìå <eos>,<sos> che non c'era più quello che serviva <eos>
'àn che l'è 'gnìdå jó d'la caròhå,quando è scesa dalla carrozza,<sos> 'àn che l'è 'gnìdå jó d'la caròhå <eos>,<sos> quando è scesa dalla carrozza <eos>
ó troàt chèla s-cèta ché,ho trovato questa ragazza,<sos> ó troàt chèla s-cèta ché <eos>,<sos> ho trovato questa ragazza <eos>
al dìs: — parte dümìnica he ghe n' fà nì-ènt,— se non le fa niente parto domenica,<sos> al dìs parte dümìnica he ghe n' fà nì-ènt <eos>,<sos> se non le fa niente parto domenica <eos>
tàt brüte,ma tanto brutte,<sos> tàt brüte <eos>,<sos> ma tanto brutte <eos>
de ciundulì e ciundulù,di ciondolini e ciondoloni,<sos> de ciundulì e ciundulù <eos>,<sos> di ciondolini e ciondoloni <eos>
— ma coś'ét fàc?,— ma cos'hai fatto?,<sos> ma coś'ét fàc ? <eos>,<sos> ma cos'hai fatto ? <eos>
'm sé custrèc a èndelå perché,adesso siamo costretti a venderla perché,<sos> 'm sé custrèc a èndelå perché <eos>,<sos> adesso siamo costretti a venderla perché <eos>
de tö hö la rócå e 'l füs,di prendere la rocca e il fuso,<sos> de tö hö la rócå e 'l füs <eos>,<sos> di prendere la rocca e il fuso <eos>
quando è ri-àc a cà,arrivati là,<sos> quando è ri-àc a cà <eos>,<sos> arrivati là <eos>
e diglio che,e digli che,<sos> e diglio che <eos>,<sos> e digli che <eos>
gh'è 'l drago-dèle-sète-tèste,il drago-delle-sette-teste,<sos> gh'è 'l drago-dèle-sète-tèste <eos>,<sos> il drago-delle-sette-teste <eos>
pòta la 'ndà-a 'n giro höla scagna d'óra höle spale,andava in giro seduta su una sedia d'oro portata a spalle,<sos> pòta la 'ndà-a 'n giro höla scagna d'óra höle spale <eos>,<sos> andava in giro seduta su una sedia d'oro portata a spalle <eos>
amò a' piö tànt de lüso,più di lusso,<sos> amò a' piö tànt de lüso <eos>,<sos> più di lusso <eos>
a quàch manére,in brutti modi,<sos> a quàch manére <eos>,<sos> in brutti modi <eos>
spetóm fìn che l'è 'gnìt nòt,aspettiamo finché s'è fatto notte,<sos> spetóm fìn che l'è 'gnìt nòt <eos>,<sos> aspettiamo finché s'è fatto notte <eos>
'ndàc a tö la sò màmå,è andato a prendere la sua mamma,<sos> 'ndàc a tö la sò màmå <eos>,<sos> è andato a prendere la sua mamma <eos>
chèl là,quello,<sos> chèl là <eos>,<sos> quello <eos>
tüte trèi li tuśe,tutte e tre le ragazze,<sos> tüte trèi li tuśe <eos>,<sos> tutte e tre le ragazze <eos>
e lé la gh'à dìt esè:,lei ha risposto:,<sos> e lé la gh'à dìt esè <eos>,<sos> lei ha risposto <eos>
l'è 'gnìt en sö cóla hò stanga,è tornato in su con la stanga,<sos> l'è 'gnìt en sö cóla hò stanga <eos>,<sos> è tornato in su con la stanga <eos>
che te fó ni-ént de màl —,che non ti faccio niente di male —,<sos> che te fó ni-ént de màl <eos>,<sos> che non ti faccio niente di male <eos>
i fà:,dicono:,<sos> i fà <eos>,<sos> dicono <eos>
dàm la pudètå!,dammi la roncola!,<sos> dàm la pudètå ! <eos>,<sos> dammi la roncola ! <eos>
i 'ncóntrå,incontrano,<sos> i 'ncóntrå <eos>,<sos> incontrano <eos>
l'è di-entàt töt de marmo,è diventato statua di marmo,<sos> l'è di-entàt töt de marmo <eos>,<sos> è diventato statua di marmo <eos>
e pace!,e pace!,<sos> e pace ! <eos>,<sos> e pace ! <eos>
— fém öna bèla ròba,— facciamo una bella cosa,<sos> fém öna bèla ròba <eos>,<sos> facciamo una bella cosa <eos>
adès te mange! —,adesso ti mangio! —,<sos> adès te mange ! <eos>,<sos> adesso ti mangio ! <eos>
a 'ndó mé —,vado io —,<sos> a 'ndó mé <eos>,<sos> vado io <eos>
"de tüc i culùr, pròpe i colóri dell'arcobaleno",era di tutti i colori proprio i colori dell'arcobaleno,"<sos> de tüc i culùr , pròpe i colóri dell'arcobaleno <eos>",<sos> era di tutti i colori proprio i colori dell'arcobaleno <eos>
— edèh — ål dìs — ål gh'è ü lüśürì,— c'è un lumicino,<sos> edèh ål dìs ål gh'è ü lüśürì <eos>,<sos> c'è un lumicino <eos>
« a 'ndà bé — 'l dìs — chèl móstro lé — 'l dìh — al gh'à reśù! »,«vuoi vedere che quel mostro ha ragione? »,<sos> a 'ndà bé 'l dìs chèl móstro lé 'l dìh al gh'à reśù ! <eos>,<sos> vuoi vedere che quel mostro ha ragione ? <eos>
e 'l gh'è lé üna fómnå che la 'ngóśgiå,c'è una donna che sferruzza,<sos> e 'l gh'è lé üna fómnå che la 'ngóśgiå <eos>,<sos> c'è una donna che sferruzza <eos>
dumà de sérå chi che só,domani sera,<sos> dumà de sérå chi che só <eos>,<sos> domani sera <eos>
dato che,dato che,<sos> dato che <eos>,<sos> dato che <eos>
de lé ön àtimo 'l Signur,un attimo dopo il Signore,<sos> de lé ön àtimo 'l signur <eos>,<sos> un attimo dopo il signore <eos>
perchè 'nsöma lü l'ìa fàt,perché insomma lui aveva fattę,<sos> perchè 'nsöma lü l'ìa fàt <eos>,<sos> perché insomma lui aveva fatt <eos>
perchè 'ntàt la risparmià-å i sólc,così risparmiava,<sos> perchè 'ntàt la risparmià-å i sólc <eos>,<sos> così risparmiava <eos>
'l mulì férem,il mulino fermo,<sos> 'l mulì férem <eos>,<sos> il mulino fermo <eos>
pò chèl màt ål dìh essè:,poi quello matto dice:,<sos> pò chèl màt ål dìh essè <eos>,<sos> poi quello matto dice <eos>
l'à caminàt,ha camminato,<sos> l'à caminàt <eos>,<sos> ha camminato <eos>
comunque adès å 'ndó a tö l'àcquå-che-bàlå,comunque adesso vado a prendere l'acqua-che-balla,<sos> comunque adès å 'ndó a tö l'àcquå-che-bàlå <eos>,<sos> comunque adesso vado a prendere l'acqua-che-balla <eos>
perchè la ghe n'à hö piö gna' ünà d'ü sòi tuśe,che non ha più nessuna delle sue figlie,<sos> perchè la ghe n'à hö piö gna' ünà d'ü sòi tuśe <eos>,<sos> che non ha più nessuna delle sue figlie <eos>
e i ghe trà-a vià li cu-érte,tiravano le coperte,<sos> e i ghe trà-a vià li cu-érte <eos>,<sos> tiravano le coperte <eos>
« proèm — al dìs — se la 'à bé »,« proviamo se va bene »,<sos> proèm al dìs se la 'à bé <eos>,<sos> proviamo se va bene <eos>
— hé — 'l dìs — chi che ga 'à d'envèrs sölé — 'l dìh — gh'è hö de chèi peöc che 'h pöl mìa!,— ma chi gli va vicino? ci sono di quei pidocchi lassù!,<sos> hé 'l dìs chi che ga 'à d'envèrs sölé 'l dìh gh'è hö de chèi peöc che 'h pöl mìa ! <eos>,<sos> ma chi gli va vicino ? ci sono di quei pidocchi lassù ! <eos>
de màl — 'l dìh — cóha gh'è dét pò?,non c'è niente di male,<sos> de màl 'l dìh cóha gh'è dét pò ? <eos>,<sos> non c'è niente di male <eos>
prìmå de cupàm —,prima di ammazzarmi —,<sos> prìmå de cupàm <eos>,<sos> prima di ammazzarmi <eos>
öna egiahina,una vecchietta,<sos> öna egiahina <eos>,<sos> una vecchietta <eos>
e l'è 'ndài töt a carbù,che è diventato tutto un carbone,<sos> e l'è 'ndài töt a carbù <eos>,<sos> che è diventato tutto un carbone <eos>
e gliùra la ciàma 'l hò òm,allora chiama il suo uomo,<sos> e gliùra la ciàma 'l hò òm <eos>,<sos> allora chiama il suo uomo <eos>
e gliùrå i à dìt essè:,allora dicono:,<sos> e gliùrå i à dìt essè <eos>,<sos> allora dicono <eos>
la Bèlla-Pastórå l'érå mìå a brasèt al prìncipe,la Bella-Pastora non era a braccetto del principe,<sos> la bèlla-pastórå l'érå mìå a brasèt al prìncipe <eos>,<sos> la bella-pastora non era a braccetto del principe <eos>
i m'à dàt de bé-e 'n d'ü sa-àt,mi hanno dato da bere in una ciabatta,<sos> i m'à dàt de bé-e 'n d'ü sa-àt <eos>,<sos> mi hanno dato da bere in una ciabatta <eos>
lé l'è urida 'ndà fò a töla śgió,ha voluto coglierla,<sos> lé l'è urida 'ndà fò a töla śgió <eos>,<sos> ha voluto coglierla <eos>
perchè ói de fà chè mé?,perché cosa faccio qui?,<sos> perchè ói de fà chè mé ? <eos>,<sos> perché cosa faccio qui ? <eos>
che lé 'l püdìa pahà fò hura 'sta röda del mulì,che poteva passare sopra la ruota del mulino,<sos> che lé 'l püdìa pahà fò hura 'sta röda del mulì <eos>,<sos> che poteva passare sopra la ruota del mulino <eos>
pìrlelå,e rivoltala,<sos> pìrlelå <eos>,<sos> e rivoltala <eos>
di módo che 'l prìncipe 'l s'è śvegliàt,così lui si è svegliato,<sos> di módo che 'l prìncipe 'l s'è śvegliàt <eos>,<sos> così lui si è svegliato <eos>
— hé!,— sì,<sos> hé ! <eos>,<sos> sì <eos>
ol mé nòm!,il mio nome!,<sos> ol mé nòm ! <eos>,<sos> il mio nome ! <eos>
turne 'ndré,torno indietro,<sos> turne 'ndré <eos>,<sos> torno indietro <eos>
ma lé la j à hèmper dìt:,quella insisteva:,<sos> ma lé la j à hèmper dìt <eos>,<sos> quella insisteva <eos>
la t'à dàt la curùnå dol ruśare,ti ha dato la corona del rosario,<sos> la t'à dàt la curùnå dol ruśare <eos>,<sos> ti ha dato la corona del rosario <eos>
però stà ché,però rimani qui,<sos> però stà ché <eos>,<sos> però rimani qui <eos>
poarì a' lü!,poveretto!,<sos> poarì a' lü ! <eos>,<sos> poveretto ! <eos>
"fìn che ve hune mé 'l campanèl e gliùrå me tiraré hö, 'chè mé — l'à dìt —","finché io suonerò il campanello, allora mi tirerete su, perché","<sos> fìn che ve hune mé 'l campanèl e gliùrå me tiraré hö , 'chè mé l'à dìt <eos>","<sos> finché io suonerò il campanello , allora mi tirerete su , perché <eos>"
— a chi?,— a chi?,<sos> a chi ? <eos>,<sos> a chi ? <eos>
chi mi paleśerà,chi mi paleserà,<sos> chi mi paleśerà <eos>,<sos> chi mi paleserà <eos>
— sé sé —,— sì —,<sos> sé sé <eos>,<sos> sì <eos>
ta lé-e fò mé,ti alleverò io,<sos> ta lé-e fò mé <eos>,<sos> ti alleverò io <eos>
per 'nà a cà a edì la spuśa e la mé mama cóha le gh'à,per andare a vedere cos'hanno mia moglie e mia madre,<sos> per 'nà a cà a edì la spuśa e la mé mama cóha le gh'à <eos>,<sos> per andare a vedere cos'hanno mia moglie e mia madre <eos>
i cumìnciå:,cominciano:,<sos> i cumìnciå <eos>,<sos> cominciano <eos>
però,però,<sos> però <eos>,<sos> però <eos>
— Divìn Maèstro — 'l dìh — he,— Divin Maestro se,<sos> divìn maèstro 'l dìh he <eos>,<sos> divin maestro se <eos>
che la ürirà mangià ol curdù,e vorrà mangiare la corda grossa,<sos> che la ürirà mangià ol curdù <eos>,<sos> e vorrà mangiare la corda grossa <eos>
la troverài,la troverai,<sos> la troverài <eos>,<sos> la troverai <eos>
giróm em pó — 'l dìh — che 'm và a edì he veramènt l'è rotónt,"giriamo un po', andiamo a vedere se è veramente rotondo",<sos> giróm em pó 'l dìh che 'm và a edì he veramènt l'è rotónt <eos>,"<sos> giriamo un po' , andiamo a vedere se è veramente rotondo <eos>"
lé töta contéta,lei tutta contenta,<sos> lé töta contéta <eos>,<sos> lei tutta contenta <eos>
— 'm và 'n sércå de fortünå,— in cerca di fortuna,<sos> 'm và 'n sércå de fortünå <eos>,<sos> in cerca di fortuna <eos>
e dì la mèhå,a recitare la messa,<sos> e dì la mèhå <eos>,<sos> a recitare la messa <eos>
gliùra lü Piéro 'l fà hö öna cantada,allora Pietro si mette a cantare,<sos> gliùra lü piéro 'l fà hö öna cantada <eos>,<sos> allora pietro si mette a cantare <eos>
al pödéå pò capìlå che gli ó dìt,"— poteva capirla, gliel'avevo detto",<sos> al pödéå pò capìlå che gli ó dìt <eos>,"<sos> poteva capirla , gliel'avevo detto <eos>"
ch'i gh'à hòta i bèh-ce,sotto le bestie,<sos> ch'i gh'à hòta i bèh-ce <eos>,<sos> sotto le bestie <eos>
"— cóme 'm fai a 'ndà che m'ehtà de lóns, de lóns",— come faccio ad andarci che abitiamo tanto lontano?,"<sos> cóme 'm fai a 'ndà che m'ehtà de lóns , de lóns <eos>",<sos> come faccio ad andarci che abitiamo tanto lontano ? <eos>
l'érå ghìgnå ma,e furba,<sos> l'érå ghìgnå ma <eos>,<sos> e furba <eos>
e gliùrå i è 'ndàt gió de 'stå piàntå,allora sono scesi dalla pianta,<sos> e gliùrå i è 'ndàt gió de 'stå piàntå <eos>,<sos> allora sono scesi dalla pianta <eos>
ogliùrå,allora,<sos> ogliùrå <eos>,<sos> allora <eos>
ma lé,ma lei,<sos> ma lé <eos>,<sos> ma lei <eos>
tu vài in cérca dèlla Bèlla-Pastóra,tu vai in cerca della Bella-Pastora,<sos> tu vài in cérca dèlla bèlla-pastóra <eos>,<sos> tu vai in cerca della bella-pastora <eos>
fónt,profondo,<sos> fónt <eos>,<sos> profondo <eos>
che troverài fortuna! —,eh troverai fortuna! —,<sos> che troverài fortuna ! <eos>,<sos> eh troverai fortuna ! <eos>
madónå!,madonna!,<sos> madónå ! <eos>,<sos> madonna ! <eos>
óh cóme harèh contéta! »,oh come sarei contenta! »,<sos> óh cóme harèh contéta ! <eos>,<sos> oh come sarei contenta ! <eos>
li se póstå amò söla capànnå,si mettono di nuovo sulla capanna,<sos> li se póstå amò söla capànnå <eos>,<sos> si mettono di nuovo sulla capanna <eos>
gna' chi che sunà-å,né chi suonava,<sos> gna' chi che sunà-å <eos>,<sos> né chi suonava <eos>
perchè te sé mìa stada bùnå de tégn ol secréto,perché non sei stata capace di mantenere il segreto,<sos> perchè te sé mìa stada bùnå de tégn ol secréto <eos>,<sos> perché non sei stata capace di mantenere il segreto <eos>
menemà 'l rìå ün òm,ad un tratto incontra un uomo,<sos> menemà 'l rìå ün òm <eos>,<sos> ad un tratto incontra un uomo <eos>
i ciapà-å tüt fàt,c'era tutto pronto,<sos> i ciapà-å tüt fàt <eos>,<sos> c'era tutto pronto <eos>
menà mé a brasèt,portare a braccetto,<sos> menà mé a brasèt <eos>,<sos> portare a braccetto <eos>
paha ö dé,passa un giorno,<sos> paha ö dé <eos>,<sos> passa un giorno <eos>
l'è cundanàt a mórt,è condannato a morte,<sos> l'è cundanàt a mórt <eos>,<sos> è condannato a morte <eos>
— tè se te me dé amó ünå càvrå,— se mi dai un'altra capra,<sos> tè se te me dé amó ünå càvrå <eos>,<sos> se mi dai un'altra capra <eos>
adès ta ègnet a cà con mé,adesso verrai a casa con me,<sos> adès ta ègnet a cà con mé <eos>,<sos> adesso verrai a casa con me <eos>
hentàt śó sö 'n giö tròno de piètra,seduto su un trono di pietra,<sos> hentàt śó sö 'n giö tròno de piètra <eos>,<sos> seduto su un trono di pietra <eos>
li gh'éa l'abitüdine de 'ndà al cimitéro a dì sö rośare,avevano l'abitudine di andare al cimitero a recitare il rosario,<sos> li gh'éa l'abitüdine de 'ndà al cimitéro a dì sö rośare <eos>,<sos> avevano l'abitudine di andare al cimitero a recitare il rosario <eos>
chèl òm lé l'à metìt gió üna tuśìnå jó 'n fónt ela ca-àgnå,— quell'uomo ha messo una bambina in fondo alla cesta,<sos> chèl òm lé l'à metìt gió üna tuśìnå jó 'n fónt ela ca-àgnå <eos>,<sos> quell'uomo ha messo una bambina in fondo alla cesta <eos>
— e gliùrå ś' diśei che dócå?,— allora cosa devo dire?,<sos> e gliùrå ś' diśei che dócå ? <eos>,<sos> allora cosa devo dire ? <eos>
e pò dòpo i dìh: — em và,poi dicono: — andiamo,<sos> e pò dòpo i dìh em và <eos>,<sos> poi dicono andiamo <eos>
he mé gh'èh ö impèro che ha 'nchina denàc ai mé pè,se io avessi un impero che si inchina davanti ai miei piedi,<sos> he mé gh'èh ö impèro che ha 'nchina denàc ai mé pè <eos>,<sos> se io avessi un impero che si inchina davanti ai miei piedi <eos>
e 'l vèt ü bèl càp,vede un gran bel campo,<sos> e 'l vèt ü bèl càp <eos>,<sos> vede un gran bel campo <eos>
e pò dòpo la l'à spedìdå,e poi dopo l'ha spedita,<sos> e pò dòpo la l'à spedìdå <eos>,<sos> e poi dopo l'ha spedita <eos>
ma ti farò ricco! —,e ti farò ricco,<sos> ma ti farò ricco ! <eos>,<sos> e ti farò ricco <eos>
"— pàha jó, 'à jó 'n dol tò mulì!",— vattene al mulino,"<sos> pàha jó , 'à jó 'n dol tò mulì ! <eos>",<sos> vattene al mulino <eos>
avrèhef pò a' grignàt!,avresti riso!,<sos> avrèhef pò a' grignàt ! <eos>,<sos> avresti riso ! <eos>
al rìa hö 'n chèl pòht,arriva in quel posto,<sos> al rìa hö 'n chèl pòht <eos>,<sos> arriva in quel posto <eos>
àrdå che gliò hölå càpå dol camì,sulla cappa del camino,<sos> àrdå che gliò hölå càpå dol camì <eos>,<sos> sulla cappa del camino <eos>
per ü més,per un mese,<sos> per ü més <eos>,<sos> per un mese <eos>
ma 'l püdìa mìa pruseguì 'l viàs,ma non poteva proseguire il viaggio,<sos> ma 'l püdìa mìa pruseguì 'l viàs <eos>,<sos> ma non poteva proseguire il viaggio <eos>
ma te öet,ma che vuoi,<sos> ma te öet <eos>,<sos> ma che vuoi <eos>
e lü 'l gh'à dìc isé: — eéh và a cà,lui gli ha risposto: — vai a casa,<sos> e lü 'l gh'à dìc isé eéh và a cà <eos>,<sos> lui gli ha risposto vai a casa <eos>
lü l'à dìt: « adès pò ché te ma scaperé miga,lui ha detto: « adesso non mi scapperai,<sos> lü l'à dìt adès pò ché te ma scaperé miga <eos>,<sos> lui ha detto adesso non mi scapperai <eos>
e pò 'l ga dìh e:,e il Signore dice:,<sos> e pò 'l ga dìh e <eos>,<sos> e il signore dice <eos>
à trà d'fò töt chi che gh'éra dét en ne bòte,a tirar fuori tutti quelli che erano nascosti,<sos> à trà d'fò töt chi che gh'éra dét en ne bòte <eos>,<sos> a tirar fuori tutti quelli che erano nascosti <eos>
— l'è a èh bù de htà al mónt! — al dìh,— bisogna esser capaci di stare al mondo! —,<sos> l'è a èh bù de htà al mónt ! al dìh <eos>,<sos> bisogna esser capaci di stare al mondo ! <eos>
ùrå che l'érå hö,prima di arrivare,<sos> ùrå che l'érå hö <eos>,<sos> prima di arrivare <eos>
só gna' se gh'è di Rè-Serpènte perchè nóter,"non so neppure se ci sia un Re-Serpente, perché noi",<sos> só gna' se gh'è di rè-serpènte perchè nóter <eos>,"<sos> non so neppure se ci sia un re-serpente , perché noi <eos>"
'l hömèa fina che i s-ciòpe i vulcani gió de hóta,sembra perfino che esplodano i vulcani giù sotto,<sos> 'l hömèa fina che i s-ciòpe i vulcani gió de hóta <eos>,<sos> sembra perfino che esplodano i vulcani giù sotto <eos>
"e gliùrå 'l s'è hentàt gió, l'à mangiàt",così l'orco s'è seduto a mangiare,"<sos> e gliùrå 'l s'è hentàt gió , l'à mangiàt <eos>",<sos> così l'orco s'è seduto a mangiare <eos>
l'è 'ndàdå déter en de 'sto castèl,è entrata nel castello,<sos> l'è 'ndàdå déter en de 'sto castèl <eos>,<sos> è entrata nel castello <eos>
'n punì de erdürå,un po' di verdura,<sos> 'n punì de erdürå <eos>,<sos> un po' di verdura <eos>
'l fà 'ndà amò 'hto rémo,muove ancora il remo,<sos> 'l fà 'ndà amò 'hto rémo <eos>,<sos> muove ancora il remo <eos>
— hé hé — 'l dìs —,— sì,<sos> hé hé 'l dìs <eos>,<sos> sì <eos>
e purtévie,e portateli,<sos> e purtévie <eos>,<sos> e portateli <eos>
m'endarà 'n dol bósch,andremo nel bosco,<sos> m'endarà 'n dol bósch <eos>,<sos> andremo nel bosco <eos>
pò è 'ndàc on dol lèt,poi sono andati a letto,<sos> pò è 'ndàc on dol lèt <eos>,<sos> poi sono andati a letto <eos>
la ócå,l'oca,<sos> la ócå <eos>,<sos> l'oca <eos>
menemà 'l và,così parte,<sos> menemà 'l và <eos>,<sos> così parte <eos>
'ta lü 'l pahtùr al fà:,e il pastore:,<sos> 'ta lü 'l pahtùr al fà <eos>,<sos> e il pastore <eos>
e lü gliùrå 'sto Juanì 'l l'à deśligàt fò,allora l'ha slegato,<sos> e lü gliùrå 'sto juanì 'l l'à deśligàt fò <eos>,<sos> allora l'ha slegato <eos>
a edì che i gh'ìa tacàt sö ì bràs,nel vedersi le due braccia riattaccate,<sos> a edì che i gh'ìa tacàt sö ì bràs <eos>,<sos> nel vedersi le due braccia riattaccate <eos>
la tò spùśå,la tua sposa,<sos> la tò spùśå <eos>,<sos> la tua sposa <eos>
e là 'm và de dét,entriamo,<sos> e là 'm và de dét <eos>,<sos> entriamo <eos>
ma tàt grànc,tanto grandi,<sos> ma tàt grànc <eos>,<sos> tanto grandi <eos>
sénså ìgå amò de finì de livrale,senza aver ancora finito di consumarle,<sos> sénså ìgå amò de finì de livrale <eos>,<sos> senza aver ancora finito di consumarle <eos>
öe dumandàt amò ü piasér,voglio chiederti ancora un piacere,<sos> öe dumandàt amò ü piasér <eos>,<sos> voglio chiederti ancora un piacere <eos>
e gliùra 'sto poér òm,allora il pover'uomo,<sos> e gliùra 'sto poér òm <eos>,<sos> allora il pover'uomo <eos>
sùpplica,supplicala,<sos> sùpplica <eos>,<sos> supplicala <eos>
l'àrès pensàt lü,ci avrebbe pensato lui,<sos> l'àrès pensàt lü <eos>,<sos> ci avrebbe pensato lui <eos>
perchè he ma ha möe de ché,altrimenti,<sos> perchè he ma ha möe de ché <eos>,<sos> altrimenti <eos>
la 'à a domandaga ala mama,chiede alla mamma,<sos> la 'à a domandaga ala mama <eos>,<sos> chiede alla mamma <eos>
mé dumà de matìnå,per domani mattina,<sos> mé dumà de matìnå <eos>,<sos> per domani mattina <eos>
al tira i hò réc,tira le reti,<sos> al tira i hò réc <eos>,<sos> tira le reti <eos>
gna' chi che ciamà-å,né quelli che lo chiamavano,<sos> gna' chi che ciamà-å <eos>,<sos> né quelli che lo chiamavano <eos>
e ói vedì,voglio vedere,<sos> e ói vedì <eos>,<sos> voglio vedere <eos>
alògio e mangià a töi chi che paha,cibo e alloggio a tutti quelli che passeranno,<sos> alògio e mangià a töi chi che paha <eos>,<sos> cibo e alloggio a tutti quelli che passeranno <eos>
"jü 'l sàltå fò, 'l dìs: — éh i harà pò i uśèi che",uno dice: — saranno gli uccelli che,"<sos> jü 'l sàltå fò , 'l dìs éh i harà pò i uśèi che <eos>",<sos> uno dice saranno gli uccelli che <eos>
e lü 'l n'à metìt sö,lui ne ha messo,<sos> e lü 'l n'à metìt sö <eos>,<sos> lui ne ha messo <eos>
lùr i è partìc,loro sono partiti,<sos> lùr i è partìc <eos>,<sos> loro sono partiti <eos>
apénå finìt,appena celebrate,<sos> apénå finìt <eos>,<sos> appena celebrate <eos>
"'m hè htöf a' nóter, am dórma —","anche noi siamo stanchi, dormiremo —","<sos> 'm hè htöf a' nóter , am dórma <eos>","<sos> anche noi siamo stanchi , dormiremo <eos>"
e gliùrå,allora,<sos> e gliùrå <eos>,<sos> allora <eos>
con chile trèi cavre ché,con queste tre capre,<sos> con chile trèi cavre ché <eos>,<sos> con queste tre capre <eos>
arda — 'l dìh —,guarda,<sos> arda 'l dìh <eos>,<sos> guarda <eos>
e gliùra lé l'à scultàt bé,allora lei ha ascoltato per bene,<sos> e gliùra lé l'à scultàt bé <eos>,<sos> allora lei ha ascoltato per bene <eos>
té uśelì te 'ndé höl cestì dol pà,l'uccellino nel cestino del pane,<sos> té uśelì te 'ndé höl cestì dol pà <eos>,<sos> l'uccellino nel cestino del pane <eos>
la j à dìt essè,ha detto,<sos> la j à dìt essè <eos>,<sos> ha detto <eos>
che l'éå lagàt de déter dólå lànå l'à sunàt la campànå dol meśdé,intanto che è entrata a prendere la lana è suonata la campana del mezzogiorno,<sos> che l'éå lagàt de déter dólå lànå l'à sunàt la campànå dol meśdé <eos>,<sos> intanto che è entrata a prendere la lana è suonata la campana del mezzogiorno <eos>
e lü l'éra 'ndàt e scóndes fò,Giacomino era andato a nascondersi,<sos> e lü l'éra 'ndàt e scóndes fò <eos>,<sos> giacomino era andato a nascondersi <eos>
stüfå,stanca,<sos> stüfå <eos>,<sos> stanca <eos>
ol serpént ål gh'è piö,il serpente non c'è più,<sos> ol serpént ål gh'è piö <eos>,<sos> il serpente non c'è più <eos>
i hìa piö cóha i gh'ìa de fa,non sapevano più cosa fare,<sos> i hìa piö cóha i gh'ìa de fa <eos>,<sos> non sapevano più cosa fare <eos>
e i và,vanno,<sos> e i và <eos>,<sos> vanno <eos>
però me ca to ma spuśet —,però tu dovrai sposarmi —,<sos> però me ca to ma spuśet <eos>,<sos> però tu dovrai sposarmi <eos>
ål ghe 'é 'n mént amò,viene in mente,<sos> ål ghe 'é 'n mént amò <eos>,<sos> viene in mente <eos>
e dòpo la gh'à dìt:,poi le ha detto:,<sos> e dòpo la gh'à dìt <eos>,<sos> poi le ha detto <eos>
arda che la ta ciamarà,ti chiamerà,<sos> arda che la ta ciamarà <eos>,<sos> ti chiamerà <eos>
i maià-a,mangiavano,<sos> i maià-a <eos>,<sos> mangiavano <eos>
éh béh però óter àrdå s-ciào,"— ma sì, guarda",<sos> éh béh però óter àrdå s-ciào <eos>,"<sos> ma sì , guarda <eos>"
pròpe ciùch perchè i à dìt:,proprio brilli perché si erano detti:,<sos> pròpe ciùch perchè i à dìt <eos>,<sos> proprio brilli perché si erano detti <eos>
i à fàt ünå gran' lauràdå èh!,han fatto una gran faticaccia,<sos> i à fàt ünå gran' lauràdå èh ! <eos>,<sos> han fatto una gran faticaccia <eos>
'l mé marito 'l ma öl piö,— mio marito non mi vuole più,<sos> 'l mé marito 'l ma öl piö <eos>,<sos> mio marito non mi vuole più <eos>
'l ga dèrf ol purtù,apre il portone,<sos> 'l ga dèrf ol purtù <eos>,<sos> apre il portone <eos>
'ta 'lura lü,allora Pietro,<sos> 'ta 'lura lü <eos>,<sos> allora pietro <eos>
tön sö,ma prendine,<sos> tön sö <eos>,<sos> ma prendine <eos>
ü fiöl,un giovane,<sos> ü fiöl <eos>,<sos> un giovane <eos>
Śbranafèrro,Sbranaferro,<sos> śbranafèrro <eos>,<sos> sbranaferro <eos>
e dòpo i stà-å pò lé e pensàgå dré chi che püdéå pò é-e fàt chèl laùr lé,poi stavano a pensare chi potesse aver fatto quell'incantesimo,<sos> e dòpo i stà-å pò lé e pensàgå dré chi che püdéå pò é-e fàt chèl laùr lé <eos>,<sos> poi stavano a pensare chi potesse aver fatto quell'incantesimo <eos>
e pòtå i à dìt:,e hanno esclamato:,<sos> e pòtå i à dìt <eos>,<sos> e hanno esclamato <eos>
lü 'l töi hö 'stå àcå,il figlio prende la mucca,<sos> lü 'l töi hö 'stå àcå <eos>,<sos> il figlio prende la mucca <eos>
forse,forse,<sos> forse <eos>,<sos> forse <eos>
ogliùrå,e allora,<sos> ogliùrå <eos>,<sos> e allora <eos>
ü bèl dé 'l gh'è capitàt amò che lü l'è amò pasàt,un giorno è successo che lui è passato ancora,<sos> ü bèl dé 'l gh'è capitàt amò che lü l'è amò pasàt <eos>,<sos> un giorno è successo che lui è passato ancora <eos>
— li ciàf tìgnele perchè la cà te l' regale,"— tieni pure le chiavi, ti regalo la casa",<sos> li ciàf tìgnele perchè la cà te l' regale <eos>,"<sos> tieni pure le chiavi , ti regalo la casa <eos>"
— ah — l'à dìt — i gh'à dìt el rè che mé hére bùnå de 'ndà e tö la clòhå cói pu-ì d'ór,— hanno detto al re che io sono capace di andare a prendere la chioccia coi pulcini d'oro,<sos> ah l'à dìt i gh'à dìt el rè che mé hére bùnå de 'ndà e tö la clòhå cói pu-ì d'ór <eos>,<sos> hanno detto al re che io sono capace di andare a prendere la chioccia coi pulcini d'oro <eos>
öna fàm che 'l gh'ìa,aveva una gran fame,<sos> öna fàm che 'l gh'ìa <eos>,<sos> aveva una gran fame <eos>
"— àrdå, 'l me rencrès nèh","— guarda, mi rincresce","<sos> àrdå , 'l me rencrès nèh <eos>","<sos> guarda , mi rincresce <eos>"
— em fà ü patto,— facciamo un patto,<sos> em fà ü patto <eos>,<sos> facciamo un patto <eos>
'l paha lé,passa,<sos> 'l paha lé <eos>,<sos> passa <eos>
"— próa mò té, 'é mó hà!",— prova tu!,"<sos> próa mò té , 'é mó hà ! <eos>",<sos> prova tu ! <eos>
lé 'l ghe n'è! »,ce n'è tanto! »,<sos> lé 'l ghe n'è ! <eos>,<sos> ce n'è tanto ! <eos>
— éh ma,— eh ma,<sos> éh ma <eos>,<sos> eh ma <eos>
i ma fà quàch eschèrs o isé,e ci fanno qualche scherzo,<sos> i ma fà quàch eschèrs o isé <eos>,<sos> e ci fanno qualche scherzo <eos>
e quàn' che lé la màngiå,quando mangia,<sos> e quàn' che lé la màngiå <eos>,<sos> quando mangia <eos>
— aśnì,— asinello,<sos> aśnì <eos>,<sos> asinello <eos>
— mama mè ché a cà ga stó piö," — mamma, io non resto più",<sos> mama mè ché a cà ga stó piö <eos>,"<sos> mamma , io non resto più <eos>"
— arda,— guarda,<sos> arda <eos>,<sos> guarda <eos>
l'à śgiràt,ha girato,<sos> l'à śgiràt <eos>,<sos> ha girato <eos>
"chela èśgia, scundida",la vecchia nascosta,"<sos> chela èśgia , scundida <eos>",<sos> la vecchia nascosta <eos>
e l'à dìt: — adès té te 'ndaré piö 'n giro,— adesso non andrai più in giro,<sos> e l'à dìt adès té te 'ndaré piö 'n giro <eos>,<sos> adesso non andrai più in giro <eos>
e lü,lui,<sos> e lü <eos>,<sos> lui <eos>
l'è éra che la gh'à miga i bràs,è vero non ha le braccia,<sos> l'è éra che la gh'à miga i bràs <eos>,<sos> è vero non ha le braccia <eos>
'l rìa a cà,giunto a casa,<sos> 'l rìa a cà <eos>,<sos> giunto a casa <eos>
— ada la mé fómna — 'l dìh — la m'à stöfàt tàt,— guarda la mia donna mi ha tanto stancato,<sos> ada la mé fómna 'l dìh la m'à stöfàt tàt <eos>,<sos> guarda la mia donna mi ha tanto stancato <eos>
"nò nò, mé heràe la bórsa ché",chiudevo la borsa qui,"<sos> nò nò , mé heràe la bórsa ché <eos>",<sos> chiudevo la borsa qui <eos>
e la tróå nigü,non trova nessuno,<sos> e la tróå nigü <eos>,<sos> non trova nessuno <eos>
la l'à ardàt,l'ha guardato,<sos> la l'à ardàt <eos>,<sos> l'ha guardato <eos>
e fina ca l'è ri-àda lé apröf a öna fontana,finché è arrivata vicino a una fontana,<sos> e fina ca l'è ri-àda lé apröf a öna fontana <eos>,<sos> finché è arrivata vicino a una fontana <eos>
lé l'ìa hintìt ol còrno,lei ha sentito il corno,<sos> lé l'ìa hintìt ol còrno <eos>,<sos> lei ha sentito il corno <eos>
dài dórma adèh! —,adesso dormi —,<sos> dài dórma adèh ! <eos>,<sos> adesso dormi <eos>
e ü dé,e un giorno,<sos> e ü dé <eos>,<sos> e un giorno <eos>
làghem endà e fà üna śgiràdå — l'à dìt — che,lasciami andare a fare un giro,<sos> làghem endà e fà üna śgiràdå l'à dìt che <eos>,<sos> lasciami andare a fare un giro <eos>
a preparà ergótå,a preparar qualcosa,<sos> a preparà ergótå <eos>,<sos> a preparar qualcosa <eos>
fà cume t'é fàt la prima óltå,fai come la prima volta,<sos> fà cume t'é fàt la prima óltå <eos>,<sos> fai come la prima volta <eos>
e alura,allora /  /  /  /  /  /  /  /  /  /  /  /  /  /  / ,<sos> e alura <eos>,<sos> allora <eos>
che chèl ànimå cunfinàdå la me màngiå?,quell'anima confinata mi mangia,<sos> che chèl ànimå cunfinàdå la me màngiå ? <eos>,<sos> quell'anima confinata mi mangia <eos>
e mé — 'l dìs —,e io,<sos> e mé 'l dìs <eos>,<sos> e io <eos>
'é hà che te fó ède 'ndùe l'è!,vieni che ti faccio vedere dov'è,<sos> 'é hà che te fó ède 'ndùe l'è ! <eos>,<sos> vieni che ti faccio vedere dov'è <eos>
al gh'è ri-àt,ci è riuscito,<sos> al gh'è ri-àt <eos>,<sos> ci è riuscito <eos>
gh'è là öna fómna e i ga dìh:,c'è una donna e le dicono:,<sos> gh'è là öna fómna e i ga dìh <eos>,<sos> c'è una donna e le dicono <eos>
'n d'ü cantunsì el fósch e pò,in un angolino al buio e poi,<sos> 'n d'ü cantunsì el fósch e pò <eos>,<sos> in un angolino al buio e poi <eos>
he l'è contéta lé,è contenta lei,<sos> he l'è contéta lé <eos>,<sos> è contenta lei <eos>
"e gliùra 'l sunì 'l ga dìt esé: hpèta, hpèta —",il maiale ha detto: — aspetta —,"<sos> e gliùra 'l sunì 'l ga dìt esé hpèta , hpèta <eos>",<sos> il maiale ha detto aspetta <eos>
ciàpå 'l sò cestèllo di vimini,prende su il cestello di vimini,<sos> ciàpå 'l sò cestèllo di vimini <eos>,<sos> prende su il cestello di vimini <eos>
però — la dìs — se te fé prèst e mangià,però se fai presto,<sos> però la dìs se te fé prèst e mangià <eos>,<sos> però se fai presto <eos>
la 'à ala finestra,va alla finestra,<sos> la 'à ala finestra <eos>,<sos> va alla finestra <eos>
öt chè?,cosa vuoi?,<sos> öt chè ? <eos>,<sos> cosa vuoi ? <eos>
e i dìh issé: — ma...,e dicono:,<sos> e i dìh issé ma . . . <eos>,<sos> e dicono <eos>
e mé gliùrå ó tentàt de scapà,e io ho tentato di scappare,<sos> e mé gliùrå ó tentàt de scapà <eos>,<sos> e io ho tentato di scappare <eos>
chèl che te ö,quello che vuoi,<sos> chèl che te ö <eos>,<sos> quello che vuoi <eos>
te cuncéde de stà 'n da mé stànså 'nsèmå —,ti concedo di stare nella stanza con me —,<sos> te cuncéde de stà 'n da mé stànså 'nsèmå <eos>,<sos> ti concedo di stare nella stanza con me <eos>
hó stàt streàt... —,sono stato stregato... —,<sos> hó stàt streàt . . . <eos>,<sos> sono stato stregato . . . <eos>
"— hé ma mé edès ghe rìe piö, mé 'l fó jó! —","— adesso non ci riesco più, io la faccio —","<sos> hé ma mé edès ghe rìe piö , mé 'l fó jó ! <eos>","<sos> adesso non ci riesco più , io la faccio <eos>"
gh'è töt 's-ce canhù ch'i canta,tutti suonavano questa canzone,<sos> gh'è töt 's-ce canhù ch'i canta <eos>,<sos> tutti suonavano questa canzone <eos>
e pò dòpo ghe laghe lé,e lascerò,<sos> e pò dòpo ghe laghe lé <eos>,<sos> e lascerò <eos>
la sérå,la sera,<sos> la sérå <eos>,<sos> la sera <eos>
Paulì,Paolino,<sos> paulì <eos>,<sos> paolino <eos>
l'éra di-entada,era ritornata,<sos> l'éra di-entada <eos>,<sos> era ritornata <eos>
la èch ca 'l vé di èśge,vede arrivare delle vecchie,<sos> la èch ca 'l vé di èśge <eos>,<sos> vede arrivare delle vecchie <eos>
e prìmå de ri-à al pùt,prima di arrivare al ponte,<sos> e prìmå de ri-à al pùt <eos>,<sos> prima di arrivare al ponte <eos>
'l se 'ntendéå « hérå fò la pórtå »,intendeva « chiudi la porta »,<sos> 'l se 'ntendéå hérå fò la pórtå <eos>,<sos> intendeva chiudi la porta <eos>
e 'é a' té —,e vieni anche tu —,<sos> e 'é a' té <eos>,<sos> e vieni anche tu <eos>
i camìnå,camminano,<sos> i camìnå <eos>,<sos> camminano <eos>
pica ala pórtå,bussano alla porta,<sos> pica ala pórtå <eos>,<sos> bussano alla porta <eos>
ala pórtå d'la cità,alla porta della città,<sos> ala pórtå d'la cità <eos>,<sos> alla porta della città <eos>
e 'l rìa lé ü cahadùr,e infatti arriva un cacciatore,<sos> e 'l rìa lé ü cahadùr <eos>,<sos> e infatti arriva un cacciatore <eos>
perchè lé la 'ndà-a 'm per töt,perché andava dappertutto,<sos> perchè lé la 'ndà-a 'm per töt <eos>,<sos> perché andava dappertutto <eos>
— ada Piéro,— guarda Pietro,<sos> ada piéro <eos>,<sos> guarda pietro <eos>
ol prìncipe l'èrå sémper triste,il principe era sempre triste,<sos> ol prìncipe l'èrå sémper triste <eos>,<sos> il principe era sempre triste <eos>
ol rè,il re,<sos> ol rè <eos>,<sos> il re <eos>
ma 'ntàt åm patìs a' la fàm! —,— ma intanto patiamo la fame! —,<sos> ma 'ntàt åm patìs a' la fàm ! <eos>,<sos> ma intanto patiamo la fame ! <eos>
ål gh'è üna bèlå estensiù,a una bella distesa,<sos> ål gh'è üna bèlå estensiù <eos>,<sos> a una bella distesa <eos>
anche 'm pó de holdàc,anche un po' di soldati,<sos> anche 'm pó de holdàc <eos>,<sos> anche un po' di soldati <eos>
gliò 'l l'à fàdå jó,l'ha fatta,<sos> gliò 'l l'à fàdå jó <eos>,<sos> l'ha fatta <eos>
tütå érdå,tutta verde,<sos> tütå érdå <eos>,<sos> tutta verde <eos>
"gh'ó ché i hervitùr, gh'è ché töc","ho servitori, ho di tutto","<sos> gh'ó ché i hervitùr , gh'è ché töc <eos>","<sos> ho servitori , ho di tutto <eos>"
— và mìå!,— non andare!,<sos> và mìå ! <eos>,<sos> non andare ! <eos>
e 'nvéce,e invece,<sos> e 'nvéce <eos>,<sos> e invece <eos>
"magher a' chi, ch'i uléå mangialå",anche loro magri e volevano mangiarla,"<sos> magher a' chi , ch'i uléå mangialå <eos>",<sos> anche loro magri e volevano mangiarla <eos>
e giü,e l'altro,<sos> e giü <eos>,<sos> e l'altro <eos>
che lé la harà hentàdå jó e mangià,lei sarà seduta a mangiare,<sos> che lé la harà hentàdå jó e mangià <eos>,<sos> lei sarà seduta a mangiare <eos>
con giöna hcödèla,con una scodella,<sos> con giöna hcödèla <eos>,<sos> con una scodella <eos>
prima te ì à ciapade té,prima le hai prese tu,<sos> prima te ì à ciapade té <eos>,<sos> prima le hai prese tu <eos>
e 'l và jó,cammina,<sos> e 'l và jó <eos>,<sos> cammina <eos>
e i n'à fàt tate,tiravano i letti,<sos> e i n'à fàt tate <eos>,<sos> tiravano i letti <eos>
con giöna s-cèta mìa tròp bèla,con una ragazza non troppo bella,<sos> con giöna s-cèta mìa tròp bèla <eos>,<sos> con una ragazza non troppo bella <eos>
l'à comensàt col aśnì:,ha cominciato con l'asinello,<sos> l'à comensàt col aśnì <eos>,<sos> ha cominciato con l'asinello <eos>
'l và 'n giöna strada,arrivano in una strada,<sos> 'l và 'n giöna strada <eos>,<sos> arrivano in una strada <eos>
quàndo i h'è fermàc,quando si sono fermati,<sos> quàndo i h'è fermàc <eos>,<sos> quando si sono fermati <eos>
'l gh'à lagàt piö,non ha lasciato,<sos> 'l gh'à lagàt piö <eos>,<sos> non ha lasciato <eos>
e i camina,camminano,<sos> e i camina <eos>,<sos> camminano <eos>
se lo spośavi toccava a tè,se lo sposavi toccava a te,<sos> se lo spośavi toccava a tè <eos>,<sos> se lo sposavi toccava a te <eos>
di módo che lü 'l s'è tràt indré,lui si è tirato indietro,<sos> di módo che lü 'l s'è tràt indré <eos>,<sos> lui si è tirato indietro <eos>
i pöl vés anche estranei,degli estranei,<sos> i pöl vés anche estranei <eos>,<sos> degli estranei <eos>
prima de 'ndà 'n dol lèt,prima di andare a letto,<sos> prima de 'ndà 'n dol lèt <eos>,<sos> prima di andare a letto <eos>
— ah — 'l dìs — madóna — 'l dìs —,— madonna,<sos> ah 'l dìs madóna 'l dìs <eos>,<sos> madonna <eos>
chi che te sé,chi sei,<sos> chi che te sé <eos>,<sos> chi sei <eos>
chèsto pròpe nò! —,questo proprio no!,<sos> chèsto pròpe nò ! <eos>,<sos> questo proprio no ! <eos>
sentàt gió che 'l prégå,seduto a pregare,<sos> sentàt gió che 'l prégå <eos>,<sos> seduto a pregare <eos>
'l ge 'mpi-à-å,li accendeva,<sos> 'l ge 'mpi-à-å <eos>,<sos> li accendeva <eos>
al gh'éra,c'era,<sos> al gh'éra <eos>,<sos> c'era <eos>
l'à la-àt gió,ha lavato,<sos> l'à la-àt gió <eos>,<sos> ha lavato <eos>
dunque éra felici e contènti,erano felici e contenti,<sos> dunque éra felici e contènti <eos>,<sos> erano felici e contenti <eos>
pòtå lü,quello entra,<sos> pòtå lü <eos>,<sos> quello entra <eos>
cume l'èra 'gnìt sö l'è 'ndàt gió,"com'era salito, è disceso",<sos> cume l'èra 'gnìt sö l'è 'ndàt gió <eos>,"<sos> com'era salito , è disceso <eos>"
l'éra 'm pó matahì,era un po' matto,<sos> l'éra 'm pó matahì <eos>,<sos> era un po' matto <eos>
che l'encuntrà-å,che incontrava,<sos> che l'encuntrà-å <eos>,<sos> che incontrava <eos>
perchè 'l paha,perché passerà,<sos> perchè 'l paha <eos>,<sos> perché passerà <eos>
che 'l só che 'l gh'è anche lü »,dove so che è anche lui »,<sos> che 'l só che 'l gh'è anche lü <eos>,<sos> dove so che è anche lui <eos>
— sé sé —,— sì —,<sos> sé sé <eos>,<sos> sì <eos>
pórtem la rócå e 'l füs! —,portami la rocca e il fuso,<sos> pórtem la rócå e 'l füs ! <eos>,<sos> portami la rocca e il fuso <eos>
'm pó per ü,un po' ciascuno,<sos> 'm pó per ü <eos>,<sos> un po' ciascuno <eos>
la clòhå di pu-ì d'ór e dòpo,la chioccia coi pulcini d'oro,<sos> la clòhå di pu-ì d'ór e dòpo <eos>,<sos> la chioccia coi pulcini d'oro <eos>
ma comunque i spìric i ciapà-å li bòte,comunque gli spiriti le prendevano,<sos> ma comunque i spìric i ciapà-å li bòte <eos>,<sos> comunque gli spiriti le prendevano <eos>
che i völ cupàm!,ci vogliono ammazzare!,<sos> che i völ cupàm ! <eos>,<sos> ci vogliono ammazzare ! <eos>
— éh ma mé edèh ål me füc la pórtå!,— adesso mi scappa la porta!,<sos> éh ma mé edèh ål me füc la pórtå ! <eos>,<sos> adesso mi scappa la porta ! <eos>
l'à pròpe ist che gh'érå la perpóntå,ha visto che c'era la trapunta,<sos> l'à pròpe ist che gh'érå la perpóntå <eos>,<sos> ha visto che c'era la trapunta <eos>
e a cantà,e a cantare,<sos> e a cantà <eos>,<sos> e a cantare <eos>
tüte li nòc,tutte le notti,<sos> tüte li nòc <eos>,<sos> tutte le notti <eos>
perchè te m'é dìt che te me diśé-et chi che te séret!,perché tu mi hai promesso che mi dicevi chi sei,<sos> perchè te m'é dìt che te me diśé-et chi che te séret ! <eos>,<sos> perché tu mi hai promesso che mi dicevi chi sei <eos>
pò 'l próa amò,prova ancora,<sos> pò 'l próa amò <eos>,<sos> prova ancora <eos>
pò i à dìt: — edèh em va 'n dul lèt —,poi hanno detto: — adesso andiamo a letto,<sos> pò i à dìt edèh em va 'n dul lèt <eos>,<sos> poi hanno detto adesso andiamo a letto <eos>
e l'è 'ndada sö,poi è salita,<sos> e l'è 'ndada sö <eos>,<sos> poi è salita <eos>
contét issé!,contento tanto!,<sos> contét issé ! <eos>,<sos> contento tanto ! <eos>
e pà a' ü taulì!,e anche un tavolino!,<sos> e pà a' ü taulì ! <eos>,<sos> e anche un tavolino ! <eos>
che fà-a lüs sö 'l föch,che teneva acceso il fuoco,<sos> che fà-a lüs sö 'l föch <eos>,<sos> che teneva acceso il fuoco <eos>
chìgå śechì! —,caga zecchini! —,<sos> chìgå śechì ! <eos>,<sos> caga zecchini ! <eos>
gh'è lé öna bórsa,c'è una borsa,<sos> gh'è lé öna bórsa <eos>,<sos> c'è una borsa <eos>
i copà-a ö edèl,ammazzavano un vitello,<sos> i copà-a ö edèl <eos>,<sos> ammazzavano un vitello <eos>
'sto gàt magher a' lü,anche lui magro stecchito,<sos> 'sto gàt magher a' lü <eos>,<sos> anche lui magro stecchito <eos>
d'ünå meravìgliå,una meraviglia!,<sos> d'ünå meravìgliå <eos>,<sos> una meraviglia ! <eos>
l'à spusàt ün'ótrå fónnå,ha sposato un'altra donna,<sos> l'à spusàt ün'ótrå fónnå <eos>,<sos> ha sposato un'altra donna <eos>
'ndóe la gh'éå de preparàs per fàs mangià,dove si doveva preparare per farsi mangiare,<sos> 'ndóe la gh'éå de preparàs per fàs mangià <eos>,<sos> dove si doveva preparare per farsi mangiare <eos>
tüt ol dé,per tutto il giorno,<sos> tüt ol dé <eos>,<sos> per tutto il giorno <eos>
pòtå üt l'à fàt amó 'l śöch,lui ha fatto la stessa cosa,<sos> pòtå üt l'à fàt amó 'l śöch <eos>,<sos> lui ha fatto la stessa cosa <eos>
e la tèrså nòt,e la terza notte,<sos> e la tèrså nòt <eos>,<sos> e la terza notte <eos>
biśógna traersà chèl fiöm ché,bisogna attraversare questo fiume,<sos> biśógna traersà chèl fiöm ché <eos>,<sos> bisogna attraversare questo fiume <eos>
"fósch, fósch",buio buio,"<sos> fósch , fósch <eos>",<sos> buio buio <eos>
pò la n'à,ne ha,<sos> pò la n'à <eos>,<sos> ne ha <eos>
'm canta piö!,non canteremo più!,<sos> 'm canta piö ! <eos>,<sos> non canteremo più ! <eos>
pòtå stà gliò amò 'm pó,pota sta lì ancora un po',<sos> pòtå stà gliò amò 'm pó <eos>,<sos> pota sta lì ancora un po' <eos>
e stala bé?,sta bene?,<sos> e stala bé ? <eos>,<sos> sta bene ? <eos>
e lü 'l ga dìs: — eéh bé,lui risponde: — beh,<sos> e lü 'l ga dìs eéh bé <eos>,<sos> lui risponde beh <eos>
— ma te ghe l'ìet ciapàt ogliùrå?,— l'avevi preso allora?,<sos> ma te ghe l'ìet ciapàt ogliùrå ? <eos>,<sos> l'avevi preso allora ? <eos>
— dàm la pudètå!,— dammi la roncola!,<sos> dàm la pudètå ! <eos>,<sos> dammi la roncola ! <eos>
i bànch od la céśå,i banchi della chiesa,<sos> i bànch od la céśå <eos>,<sos> i banchi della chiesa <eos>
l'è 'nada détér fò 'na hò piànta,ed è entrata nel suo albero,<sos> l'è 'nada détér fò 'na hò piànta <eos>,<sos> ed è entrata nel suo albero <eos>
'l gh'à 'mprumetìt che 'l l'arés mài davrìdå,lui le ha promesso che non l'avrebbe aperta,<sos> 'l gh'à 'mprumetìt che 'l l'arés mài davrìdå <eos>,<sos> lui le ha promesso che non l'avrebbe aperta <eos>
dòpo de 'm pó,dopo un po',<sos> dòpo de 'm pó <eos>,<sos> dopo un po' <eos>
e gliùra,allora,<sos> e gliùra <eos>,<sos> allora <eos>
'ntàt i mangià-å,almeno mangiavano,<sos> 'ntàt i mangià-å <eos>,<sos> almeno mangiavano <eos>
Rùscå,Rusca,<sos> rùscå <eos>,<sos> rusca <eos>
che ét töt sö ü taulì de fà chè?,perché ti sei preso un tavolino?,<sos> che ét töt sö ü taulì de fà chè ? <eos>,<sos> perché ti sei preso un tavolino ? <eos>
àdå — 'l dìs — che la sarà pàciå,guarda che ci sarà del fango,<sos> àdå 'l dìs che la sarà pàciå <eos>,<sos> guarda che ci sarà del fango <eos>
al gh'ìa la moér,aveva la moglie,<sos> al gh'ìa la moér <eos>,<sos> aveva la moglie <eos>
— gér å l'è pahàt,— ieri è passato,<sos> gér å l'è pahàt <eos>,<sos> ieri è passato <eos>
dol Rì,del Ri,<sos> dol rì <eos>,<sos> del ri <eos>
i òmegn la i à fàt di-entà gàc,e la strega aveva trasformato gli uomini in gatti,<sos> i òmegn la i à fàt di-entà gàc <eos>,<sos> e la strega aveva trasformato gli uomini in gatti <eos>
e lü l'érå ü cuntadì,loro erano dei contadini,<sos> e lü l'érå ü cuntadì <eos>,<sos> loro erano dei contadini <eos>
"ål l'à tiràdå fò, 'l ge l'à ligàdå hà el còl el di-àol","l'ha presa, l'ha legata attorno al collo del diavolo","<sos> ål l'à tiràdå fò , 'l ge l'à ligàdå hà el còl el di-àol <eos>","<sos> l'ha presa , l'ha legata attorno al collo del diavolo <eos>"
e la pìcå,bussa,<sos> e la pìcå <eos>,<sos> bussa <eos>
« örès miga che chèl lé,« non vorrei che,<sos> örès miga che chèl lé <eos>,<sos> non vorrei che <eos>
al tö hö la barca,prende la barca,<sos> al tö hö la barca <eos>,<sos> prende la barca <eos>
dìm cóhe te gh'é,dimmi cos'hai,<sos> dìm cóhe te gh'é <eos>,<sos> dimmi cos'hai <eos>
èco,ecco,<sos> èco <eos>,<sos> ecco <eos>
ta dehmeteré piö »,non lo smetterete più»,<sos> ta dehmeteré piö <eos>,<sos> non lo smetterete più <eos>
"e lü 'sto préit ål s'è ultàt endré, l'à ìst","il prete s'è voltato, ha visto","<sos> e lü 'sto préit ål s'è ultàt endré , l'à ìst <eos>","<sos> il prete s'è voltato , ha visto <eos>"
e gliùrå,allora,<sos> e gliùrå <eos>,<sos> allora <eos>
e gliò i gli à fàdå 'ndà de déter e i 'à e ciamà,l'han fatta entrare e chiamano,<sos> e gliò i gli à fàdå 'ndà de déter e i 'à e ciamà <eos>,<sos> l'han fatta entrare e chiamano <eos>
che 'mpiha chèla lègna lé,che accendiamo quella legna,<sos> che 'mpiha chèla lègna lé <eos>,<sos> che accendiamo quella legna <eos>
— però,però,<sos> però <eos>,<sos> però <eos>
"e adèh — al dìh — l'ìa stöf, al völìa 'nà 'm pó a cà a polsà","ma adesso era stanco, voleva andare un po' a casa a riposare","<sos> e adèh al dìh l'ìa stöf , al völìa 'nà 'm pó a cà a polsà <eos>","<sos> ma adesso era stanco , voleva andare un po' a casa a riposare <eos>"
"i è pahàt gió, i è 'ndàt gió 'n dol sìlter",sono scesi in cantina,"<sos> i è pahàt gió , i è 'ndàt gió 'n dol sìlter <eos>",<sos> sono scesi in cantina <eos>
o chè 'l perchè ca la gh'à i bràs »,e perché ha le braccia »,<sos> o chè 'l perchè ca la gh'à i bràs <eos>,<sos> e perché ha le braccia <eos>
è 'ndàt déter a dumandàgå alòśgio,è entrato a chiedere alloggio,<sos> è 'ndàt déter a dumandàgå alòśgio <eos>,<sos> è entrato a chiedere alloggio <eos>
la gh'à dàc la còrda,le ha dato la corda,<sos> la gh'à dàc la còrda <eos>,<sos> le ha dato la corda <eos>
ål rìå 'n d'ün óter paìs,arriva in un altro paese,<sos> ål rìå 'n d'ün óter paìs <eos>,<sos> arriva in un altro paese <eos>
giü grànt,uno grande,<sos> giü grànt <eos>,<sos> uno grande <eos>
la dìs: — te 'nsigne mé,— ti insegno io,<sos> la dìs te 'nsigne mé <eos>,<sos> ti insegno io <eos>
con giöna s-cèta mìa tròp bèla,con una ragazza non tanto bella,<sos> con giöna s-cèta mìa tròp bèla <eos>,<sos> con una ragazza non tanto bella <eos>
'n de 'sta strada,per quella strada,<sos> 'n de 'sta strada <eos>,<sos> per quella strada <eos>
"la pènsa, la pènsa",pensa e pensa,"<sos> la pènsa , la pènsa <eos>",<sos> pensa e pensa <eos>
l'à bi-ìt ü bèl bicér de gràpå o de 'ì,ha bevuto un bel bicchiere di grappa o di vino,<sos> l'à bi-ìt ü bèl bicér de gràpå o de 'ì <eos>,<sos> ha bevuto un bel bicchiere di grappa o di vino <eos>
lü l'à fàt paré ni-ént,lui ha fatto finta di niente,<sos> lü l'à fàt paré ni-ént <eos>,<sos> lui ha fatto finta di niente <eos>
bùnå fómnå!,buona donna!,<sos> bùnå fómnå ! <eos>,<sos> buona donna ! <eos>
operare,di quell'operaio,<sos> operare <eos>,<sos> di quell'operaio <eos>
del hò h-cèt! —,di suo figlio! —,<sos> del hò h-cèt ! <eos>,<sos> di suo figlio ! <eos>
nóter pòtå,noi pota,<sos> nóter pòtå <eos>,<sos> noi pota <eos>
püdirès purtàgå jà quàch sólc! »,potrei rubargli qualche soldo! »,<sos> püdirès purtàgå jà quàch sólc ! <eos>,<sos> potrei rubargli qualche soldo ! <eos>
éra tante strade,c'erano tante strade,<sos> éra tante strade <eos>,<sos> c'erano tante strade <eos>
e 'n fónt ål gh'érà ü bèl castèl,in fondo c'era un bel castello,<sos> e 'n fónt ål gh'érà ü bèl castèl <eos>,<sos> in fondo c'era un bel castello <eos>
al và de déter ol rè,entra il re,<sos> al và de déter ol rè <eos>,<sos> entra il re <eos>
óter,altro,<sos> óter <eos>,<sos> altro <eos>
meśanòt,mezzanotte,<sos> meśanòt <eos>,<sos> mezzanotte <eos>
mé ègne a töla —,io verrò a prenderla —,<sos> mé ègne a töla <eos>,<sos> io verrò a prenderla <eos>
e ó cóha m'ìf escri-ìt a mé,cosa mi avete scritto?,<sos> e ó cóha m'ìf escri-ìt a mé <eos>,<sos> cosa mi avete scritto ? <eos>
la m'à dàt li scù-e —,ci ha dato le scope —,<sos> la m'à dàt li scù-e <eos>,<sos> ci ha dato le scope <eos>
ogliùrå,allora,<sos> ogliùrå <eos>,<sos> allora <eos>
piàno piàno,pian piano,<sos> piàno piàno <eos>,<sos> pian piano <eos>
l'à dìt: « adès,ha detto: « adesso,<sos> l'à dìt adès <eos>,<sos> ha detto adesso <eos>
e 'nó hö almeno a petinàm,vado almeno a pettinarmi —,<sos> e 'nó hö almeno a petinàm <eos>,<sos> vado almeno a pettinarmi <eos>
ì rìå,arrivano,<sos> ì rìå <eos>,<sos> arrivano <eos>
e gliùrå 'l ghe 'é 'ncùntrå,poi le viene incontro,<sos> e gliùrå 'l ghe 'é 'ncùntrå <eos>,<sos> poi le viene incontro <eos>
gna' pena,né piuma,<sos> gna' pena <eos>,<sos> né piuma <eos>
i dumande el vèscof,domandare al vescovo,<sos> i dumande el vèscof <eos>,<sos> domandare al vescovo <eos>
te dó giü di mé cà,ti dò uno dei miei cani,<sos> te dó giü di mé cà <eos>,<sos> ti dò uno dei miei cani <eos>
— madóna adèh cóha 'm fài ché 'ssé?,— cosa facciamo adesso?,<sos> madóna adèh cóha 'm fài ché 'ssé ? <eos>,<sos> cosa facciamo adesso ? <eos>
l'éra apéne ferìt,era solo ferito,<sos> l'éra apéne ferìt <eos>,<sos> era solo ferito <eos>
"te gh'é ü laùr, te gh'é l'óter",avrai una cosa e l'altra,"<sos> te gh'é ü laùr , te gh'é l'óter <eos>",<sos> avrai una cosa e l'altra <eos>
pòtå dòpo,pota dopo,<sos> pòtå dòpo <eos>,<sos> pota dopo <eos>
tàt gentile,tanto gentile,<sos> tàt gentile <eos>,<sos> tanto gentile <eos>
ma ö hachèl,ma un sacchetto,<sos> ma ö hachèl <eos>,<sos> ma un sacchetto <eos>
e 'l mangia chi óter »,e il leone se li mangia »,<sos> e 'l mangia chi óter <eos>,<sos> e il leone se li mangia <eos>
i pü vègne pò chi che 'l ge pàr che 'l me n'empórtå de nént! »,"«venga chi vuole, a me non importa niente! »",<sos> i pü vègne pò chi che 'l ge pàr che 'l me n'empórtå de nént ! <eos>,"<sos> venga chi vuole , a me non importa niente ! <eos>"
tüc i dé 'l ne crehéå śgiü,ogni giorno ne nasceva uno,<sos> tüc i dé 'l ne crehéå śgiü <eos>,<sos> ogni giorno ne nasceva uno <eos>
"— pehì, bèl pehì","— pesciolino, bel pesciolino","<sos> pehì , bèl pehì <eos>","<sos> pesciolino , bel pesciolino <eos>"
ol dé l'éra śà pahàt,il giorno era passato,<sos> ol dé l'éra śà pahàt <eos>,<sos> il giorno era passato <eos>
tùrnå 'ndré!,torna indietro!,<sos> tùrnå 'ndré ! <eos>,<sos> torna indietro ! <eos>
dunque apénå partie tüc,appena tutti sono partiti,<sos> dunque apénå partie tüc <eos>,<sos> appena tutti sono partiti <eos>
chèl biànch ål l'à mettì denàh,ha messo davanti quello bianco,<sos> chèl biànch ål l'à mettì denàh <eos>,<sos> ha messo davanti quello bianco <eos>
'n chèla nòt lé,in quella notte,<sos> 'n chèla nòt lé <eos>,<sos> in quella notte <eos>
alura,allora,<sos> alura <eos>,<sos> allora <eos>
dòpo d'ü momént ca 'l rìa sö,dopo un momento che è arrivato su,<sos> dòpo d'ü momént ca 'l rìa sö <eos>,<sos> dopo un momento che è arrivato su <eos>
e üna matìnå i è leàt sö prèst,una mattina si sono alzati presto,<sos> e üna matìnå i è leàt sö prèst <eos>,<sos> una mattina si sono alzati presto <eos>
perchè i òmegn öna ólta,perché un tempo,<sos> perchè i òmegn öna ólta <eos>,<sos> perché un tempo <eos>
e la 'l vurìa mìa,e non lo voleva,<sos> e la 'l vurìa mìa <eos>,<sos> e non lo voleva <eos>
e lü Piéro,Pietro,<sos> e lü piéro <eos>,<sos> pietro <eos>
la rimetirà l'incantéśim,rigetterà l'incantesimo,<sos> la rimetirà l'incantéśim <eos>,<sos> rigetterà l'incantesimo <eos>
fìnå che i gh'è ri-àc amò a rüspà,finché sono riusciti a mettere insieme di nuovo,<sos> fìnå che i gh'è ri-àc amò a rüspà <eos>,<sos> finché sono riusciti a mettere insieme di nuovo <eos>
e la ghe l'à dada,e l'ha consegnata,<sos> e la ghe l'à dada <eos>,<sos> e l'ha consegnata <eos>
e difati i è 'ndàc en de 'hta gròta,infatti sono andati nella grotta,<sos> e difati i è 'ndàc en de 'hta gròta <eos>,<sos> infatti sono andati nella grotta <eos>
alura lü l'à netàt töt,allora quello ha fatto le pulizie,<sos> alura lü l'à netàt töt <eos>,<sos> allora quello ha fatto le pulizie <eos>
cóla téra dèla fontana,con la terra della fontana,<sos> cóla téra dèla fontana <eos>,<sos> con la terra della fontana <eos>
e hö e śó per 'ehta vià lónga,e su e giù per la strada lunga,<sos> e hö e śó per 'ehta vià lónga <eos>,<sos> e su e giù per la strada lunga <eos>
— hó che amò mé èh!,— sono ancora qui!,<sos> hó che amò mé èh ! <eos>,<sos> sono ancora qui ! <eos>
che cuśé hénså góśge,che cucite senza aghi,<sos> che cuśé hénså góśge <eos>,<sos> che cucite senza aghi <eos>
potà,pota,<sos> potà <eos>,<sos> pota <eos>
e mè mìa fà del frecàh perché,e non dovete fare fracasso,<sos> e mè mìa fà del frecàh perché <eos>,<sos> e non dovete fare fracasso <eos>
de 'ndà e bé-e 'n dólå furèstå,per bere nella foresta,<sos> de 'ndà e bé-e 'n dólå furèstå <eos>,<sos> per bere nella foresta <eos>
che l'éra lé,che era lei,<sos> che l'éra lé <eos>,<sos> che era lei <eos>
— sét cristiànå?,— sei cristiana?,<sos> sét cristiànå ? <eos>,<sos> sei cristiana ? <eos>
e lé,e lei,<sos> e lé <eos>,<sos> e lei <eos>
l'è 'ndàt a tögå 'm pó de reìs,è andato a prenderle un po' di radici,<sos> l'è 'ndàt a tögå 'm pó de reìs <eos>,<sos> è andato a prenderle un po' di radici <eos>
lü l'à hentìt,il gallo ha sentito,<sos> lü l'à hentìt <eos>,<sos> il gallo ha sentito <eos>
"e l'à ist 'estå tùśå, l'éra",vede questa ragazza,"<sos> e l'à ist 'estå tùśå , l'éra <eos>",<sos> vede questa ragazza <eos>
e 'l gàl,io,<sos> e 'l gàl <eos>,<sos> io <eos>
lü 'l padrù,il padrone,<sos> lü 'l padrù <eos>,<sos> il padrone <eos>
em pò,un po',<sos> em pò <eos>,<sos> un po' <eos>
l'è tüt vòs',è roba vostra,<sos> l'è tüt vòs' <eos>,<sos> è roba vostra <eos>
de 'nvérså?,all'incontrario?,<sos> de 'nvérså ? <eos>,<sos> all'incontrario ? <eos>
"« principino, principino","« principino, principino","<sos> principino , principino <eos>","<sos> principino , principino <eos>"
mo l' pröa òt dé,la teniamo in prova otto giorni,<sos> mo l' pröa òt dé <eos>,<sos> la teniamo in prova otto giorni <eos>
sènsa monéta,senza moneta,<sos> sènsa monéta <eos>,<sos> senza moneta <eos>
èdet chèle preśù che gh'è hö 'n chèla tór lé bröta,vedi quelle prigioni che ci sono in quella brutta torre,<sos> èdet chèle preśù che gh'è hö 'n chèla tór lé bröta <eos>,<sos> vedi quelle prigioni che ci sono in quella brutta torre <eos>
e la sént che ì fà:,sente che dicono:,<sos> e la sént che ì fà <eos>,<sos> sente che dicono <eos>
che chi,che chi,<sos> che chi <eos>,<sos> che chi <eos>
cóme mài?,— come mai?,<sos> cóme mài ? <eos>,<sos> come mai ? <eos>
— al ga diśìa 'l rè —,il re dice:,<sos> al ga diśìa 'l rè <eos>,<sos> il re dice <eos>
te parlet mìå,— tu non parlare,<sos> te parlet mìå <eos>,<sos> tu non parlare <eos>
endégule,cose,<sos> endégule <eos>,<sos> cose <eos>
e 'l gh'è stàt fò a' lü 'l preòst,ed è rimasto anche il parroco,<sos> e 'l gh'è stàt fò a' lü 'l preòst <eos>,<sos> ed è rimasto anche il parroco <eos>
"— 'm sè ché e fà nénte, m'endarà","— non abbiamo niente da fare, andremo","<sos> 'm sè ché e fà nénte , m'endarà <eos>","<sos> non abbiamo niente da fare , andremo <eos>"
— potà l'ó troàt mé,— l'ho trovato io,<sos> potà l'ó troàt mé <eos>,<sos> l'ho trovato io <eos>
i turna amò:,di nuovo gridano:,<sos> i turna amò <eos>,<sos> di nuovo gridano <eos>
hé,sì,<sos> hé <eos>,<sos> sì <eos>
'l vèt 'esto tùs:,ha visto il ragazzo:,<sos> 'l vèt 'esto tùs <eos>,<sos> ha visto il ragazzo <eos>
la tò fómna l'è eśaudida —,è esaudita —,<sos> la tò fómna l'è eśaudida <eos>,<sos> è esaudita <eos>
'm hè ché 'n giöna bèla compagnìa,siamo una bella compagnia,<sos> 'm hè ché 'n giöna bèla compagnìa <eos>,<sos> siamo una bella compagnia <eos>
l'éra śà dòpo la meśanòt,era ormai trascorsa la mezzanotte,<sos> l'éra śà dòpo la meśanòt <eos>,<sos> era ormai trascorsa la mezzanotte <eos>
chèl vecio e chèla ègia lé,quel vecchio e quella vecchia,<sos> chèl vecio e chèla ègia lé <eos>,<sos> quel vecchio e quella vecchia <eos>
e l'à ést negü pòst de püdì entrà,ma non ha notato nessun posto dove poter entrare,<sos> e l'à ést negü pòst de püdì entrà <eos>,<sos> ma non ha notato nessun posto dove poter entrare <eos>
"— mé gh'ó hö öna stanha, 'l mète d'dét lé","— io ho una stanza, lo metto là","<sos> mé gh'ó hö öna stanha , 'l mète d'dét lé <eos>","<sos> io ho una stanza , lo metto là <eos>"
la mé màmå — la dìs — la gi arà finìc i sólc perché,— mia mamma avrà finito i soldi perché,<sos> la mé màmå la dìs la gi arà finìc i sólc perché <eos>,<sos> mia mamma avrà finito i soldi perché <eos>
pórte la tò màmå a mé cà,porterò tua mamma a casa mia,<sos> pórte la tò màmå a mé cà <eos>,<sos> porterò tua mamma a casa mia <eos>
e invéce dòpo lü 'l püdìa piö ardaga ala s-cèta,invece poi non poteva più vederla,<sos> e invéce dòpo lü 'l püdìa piö ardaga ala s-cèta <eos>,<sos> invece poi non poteva più vederla <eos>
e ś'vèt nigü,non si vede nessuno,<sos> e ś'vèt nigü <eos>,<sos> non si vede nessuno <eos>
— mé te laghe 'ndà,— io ti lascio andare,<sos> mé te laghe 'ndà <eos>,<sos> io ti lascio andare <eos>
e alura lé l'e partida,lei è partita,<sos> e alura lé l'e partida <eos>,<sos> lei è partita <eos>
che,che,<sos> che <eos>,<sos> che <eos>
perchè l'è mài vegnida issé de córsa... »,mai è venuta tanto in fretta... »,<sos> perchè l'è mài vegnida issé de córsa . . . <eos>,<sos> mai è venuta tanto in fretta . . . <eos>
"ma però tüt chi che 'à gliò e durmì, pòtå",però tutti quelli che ci vanno a dormire,"<sos> ma però tüt chi che 'à gliò e durmì , pòtå <eos>",<sos> però tutti quelli che ci vanno a dormire <eos>
'nsöma lé l'à pianśìt dù o tré dé 'sta fómna,ha pianto per due o tre giorni,<sos> 'nsöma lé l'à pianśìt dù o tré dé 'sta fómna <eos>,<sos> ha pianto per due o tre giorni <eos>
quàndo i fà cünt de 'ndà sö a tö,quando pensavano di andare a prendere,<sos> quàndo i fà cünt de 'ndà sö a tö <eos>,<sos> quando pensavano di andare a prendere <eos>
— nò nò! — lü 'l gh'à 'mprumetìt,— no no! — le ha promesso,<sos> nò nò ! lü 'l gh'à 'mprumetìt <eos>,<sos> no no ! le ha promesso <eos>
ol sò de lü,proprio il suo,<sos> ol sò de lü <eos>,<sos> proprio il suo <eos>
decìde mé,deciderò io,<sos> decìde mé <eos>,<sos> deciderò io <eos>
ma fìn che lé l'à fàt pasà tüte li stanse,finché s'è messa a cercare per le stanze,<sos> ma fìn che lé l'à fàt pasà tüte li stanse <eos>,<sos> finché s'è messa a cercare per le stanze <eos>
i è piö turnàc endré gna' chi che 'ndà-å prìmå...,anche quelli che sono andati prima non sono più tornati...,<sos> i è piö turnàc endré gna' chi che 'ndà-å prìmå . . . <eos>,<sos> anche quelli che sono andati prima non sono più tornati . . . <eos>
pòta la téla d'la perpóntå l'éra tüta ö sul uśilì,la tela era ricoperta di tanti uccellini,<sos> pòta la téla d'la perpóntå l'éra tüta ö sul uśilì <eos>,<sos> la tela era ricoperta di tanti uccellini <eos>
ha gh'è ergót... —,— se c'è qualcosa... —,<sos> ha gh'è ergót . . . <eos>,<sos> se c'è qualcosa . . . <eos>
alura la 'à de déter,entra,<sos> alura la 'à de déter <eos>,<sos> entra <eos>
"i à bi-ìt om pó de àcquå, 'm pó de ì",hanno bevuto un po' di acqua e di vino,"<sos> i à bi-ìt om pó de àcquå , 'm pó de ì <eos>",<sos> hanno bevuto un po' di acqua e di vino <eos>
e lü l'è 'ndàt amó 'n chèlå cà,è andato in quella casa,<sos> e lü l'è 'ndàt amó 'n chèlå cà <eos>,<sos> è andato in quella casa <eos>
'l và 'n sö,cerca a tastoni,<sos> 'l và 'n sö <eos>,<sos> cerca a tastoni <eos>
che gh'ó frèhå,che ho fretta!,<sos> che gh'ó frèhå <eos>,<sos> che ho fretta ! <eos>
e l'à mia püdìt fàgå negótå,non ha potuto farle niente,<sos> e l'à mia püdìt fàgå negótå <eos>,<sos> non ha potuto farle niente <eos>
i völ cupàm,— volevano ammazzarmi,<sos> i völ cupàm <eos>,<sos> volevano ammazzarmi <eos>
e 'l gh'à dìt:,e le ha detto:,<sos> e 'l gh'à dìt <eos>,<sos> e le ha detto <eos>
ó ciapàt — al dìh —,avevo preso,<sos> ó ciapàt al dìh <eos>,<sos> avevo preso <eos>
e 'l ga dìh: — ardé ché mama,e dice: — guardate mamma,<sos> e 'l ga dìh ardé ché mama <eos>,<sos> e dice guardate mamma <eos>
— nò nò,— no no,<sos> nò nò <eos>,<sos> no no <eos>
scà-å té di-àol,scava,<sos> scà-å té di-àol <eos>,<sos> scava <eos>
chèi là fò i völ e hólc,quelli vogliono i soldi,<sos> chèi là fò i völ e hólc <eos>,<sos> quelli vogliono i soldi <eos>
al m'à dìc isé che 'l ma dà töt chèl che öle,mi ha detto che mi dà tutto quello che voglio,<sos> al m'à dìc isé che 'l ma dà töt chèl che öle <eos>,<sos> mi ha detto che mi dà tutto quello che voglio <eos>
i arda śgió dol balcù,guardano dal balcone,<sos> i arda śgió dol balcù <eos>,<sos> guardano dal balcone <eos>
lü 'l vé fò de 'dóe l'èra scundìt,Giacomino esce dal suo nascondiglio,<sos> lü 'l vé fò de 'dóe l'èra scundìt <eos>,<sos> giacomino esce dal suo nascondiglio <eos>
e giü che 'l ciàmå,uno lo chiama,<sos> e giü che 'l ciàmå <eos>,<sos> uno lo chiama <eos>
Rùscå,Rusca,<sos> rùscå <eos>,<sos> rusca <eos>
on d'ü órt,in un orto,<sos> on d'ü órt <eos>,<sos> in un orto <eos>
ö póer famèi a 'nà a tö la padruna!,che un povero famiglio sposi la padrona,<sos> ö póer famèi a 'nà a tö la padruna ! <eos>,<sos> che un povero famiglio sposi la padrona <eos>
l'à dìt:,ha detto:,<sos> l'à dìt <eos>,<sos> ha detto <eos>
con giöna hcodèla,con una scodella,<sos> con giöna hcodèla <eos>,<sos> con una scodella <eos>
l'à fàt amò cumè la hérå prìmå,è successo ancora come prima,<sos> l'à fàt amò cumè la hérå prìmå <eos>,<sos> è successo ancora come prima <eos>
"che 'l gh'àe pò dàt de mangià, che 'l gh'àe mìa dàt de mangia",che le desse o no da mangiare,"<sos> che 'l gh'àe pò dàt de mangià , che 'l gh'àe mìa dàt de mangia <eos>",<sos> che le desse o no da mangiare <eos>
lé la ha crèt de dì « chi hà adèh ol me fiöl cóma 'l sarà contét,lei pensava: « chissà come sarà contento mio figlio,<sos> lé la ha crèt de dì chi hà adèh ol me fiöl cóma 'l sarà contét <eos>,<sos> lei pensava chissà come sarà contento mio figlio <eos>
'l g'è tucàt a' de lé,ma è toccato anche a lei,<sos> 'l g'è tucàt a' de lé <eos>,<sos> ma è toccato anche a lei <eos>
è partìc sö 'n d'ü ca-àl,sono partiti su di un cavallo,<sos> è partìc sö 'n d'ü ca-àl <eos>,<sos> sono partiti su di un cavallo <eos>
chi mi paleśerà,chi mi paleserà,<sos> chi mi paleśerà <eos>,<sos> chi mi paleserà <eos>
dòpo la ciamà-å i gàc:,poi la strega chiama i gatti:,<sos> dòpo la ciamà-å i gàc <eos>,<sos> poi la strega chiama i gatti <eos>
— nò nò ferméf amò ö momènt —,"— no, fermatevi ancora un momento —",<sos> nò nò ferméf amò ö momènt <eos>,"<sos> no , fermatevi ancora un momento <eos>"
e 'l sö fradèl,e il fratello,<sos> e 'l sö fradèl <eos>,<sos> e il fratello <eos>
püdì de és,potreste essere,<sos> püdì de és <eos>,<sos> potreste essere <eos>
la hentìa le béstie feróci,sentiva le bestie feroci,<sos> la hentìa le béstie feróci <eos>,<sos> sentiva le bestie feroci <eos>
l'è rabbiùśa cóla hcù-a 'n di mà,"arrabbiata, con la scopa in mano",<sos> l'è rabbiùśa cóla hcù-a 'n di mà <eos>,"<sos> arrabbiata , con la scopa in mano <eos>"
— viéni o pelegrino,— vieni o pellegrino,<sos> viéni o pelegrino <eos>,<sos> vieni o pellegrino <eos>
ma 'l gàt ål g'è ulàt edòs,ma il gatto gli è saltato addosso,<sos> ma 'l gàt ål g'è ulàt edòs <eos>,<sos> ma il gatto gli è saltato addosso <eos>
de hper lé e bandunada,sola e abbandonata,<sos> de hper lé e bandunada <eos>,<sos> sola e abbandonata <eos>
— làghem endà che te faró nénte!,— lasciami andare che non ti farò niente! —,<sos> làghem endà che te faró nénte ! <eos>,<sos> lasciami andare che non ti farò niente ! <eos>
pò la n'à maiàt a' lé,ne ha mangiato anche lei,<sos> pò la n'à maiàt a' lé <eos>,<sos> ne ha mangiato anche lei <eos>
la ga dà-a a nüminà 'l Signùr,continuava a nominare il Signore,<sos> la ga dà-a a nüminà 'l signùr <eos>,<sos> continuava a nominare il signore <eos>
— öh! cóha fìf cönt de fà ché?,— ma cosa fate?,<sos> öh ! cóha fìf cönt de fà ché ? <eos>,<sos> ma cosa fate ? <eos>
ma negü i l'éra ista,ma nessuno l'aveva vista,<sos> ma negü i l'éra ista <eos>,<sos> ma nessuno l'aveva vista <eos>
— àrda Rośalba,— Rosalba,<sos> àrda rośalba <eos>,<sos> rosalba <eos>
'n mès ala córdå dol campanù,nella corda del campanóne,<sos> 'n mès ala córdå dol campanù <eos>,<sos> nella corda del campanóne <eos>
e ràscoi,e rastrelli,<sos> e ràscoi <eos>,<sos> e rastrelli <eos>
i la bötà-a hèmper là 'ssé,era sempre trattato,<sos> i la bötà-a hèmper là 'ssé <eos>,<sos> era sempre trattato <eos>
e ün'ótrà pórtå,in un'altra porta,<sos> e ün'ótrà pórtå <eos>,<sos> in un'altra porta <eos>
quàndo la compìa i ventü àgn,quando avrebbe compiuto i ventun'anni,<sos> quàndo la compìa i ventü àgn <eos>,<sos> quando avrebbe compiuto i ventun'anni <eos>
mé edèh ål me füc la càcå,— adesso mi scappa la cacca,<sos> mé edèh ål me füc la càcå <eos>,<sos> adesso mi scappa la cacca <eos>
i n'à lìgàt ali gambe dol lèt,li hanno legati alle gambe del letto,<sos> i n'à lìgàt ali gambe dol lèt <eos>,<sos> li hanno legati alle gambe del letto <eos>
ün àśen,un asino,<sos> ün àśen <eos>,<sos> un asino <eos>
e gh'éra sö,c'era,<sos> e gh'éra sö <eos>,<sos> c'era <eos>
e 'l ha mèt dré e 'l canta amò,e si mette di nuovo a cantare,<sos> e 'l ha mèt dré e 'l canta amò <eos>,<sos> e si mette di nuovo a cantare <eos>
và fò,vai,<sos> và fò <eos>,<sos> vai <eos>
e fina che öna héra la h'è troàda fò 'n mèh a öna hèlva,finché una sera s'è trovata in mezzo a una selva,<sos> e fina che öna héra la h'è troàda fò 'n mèh a öna hèlva <eos>,<sos> finché una sera s'è trovata in mezzo a una selva <eos>
quàndo che i se là-å li mà,al punto di lavarsi le mani,<sos> quàndo che i se là-å li mà <eos>,<sos> al punto di lavarsi le mani <eos>
— ma mé ghe rìe mìa — l'à dìt —,— non riesco,<sos> ma mé ghe rìe mìa l'à dìt <eos>,<sos> non riesco <eos>
l'ìa 'm pó che ghe l'ìe ché,era qui da un po',<sos> l'ìa 'm pó che ghe l'ìe ché <eos>,<sos> era qui da un po' <eos>
nóter em sérå 'gnìc,— noi siamo venuti,<sos> nóter em sérå 'gnìc <eos>,<sos> noi siamo venuti <eos>
i gli à 'ncurunàdå tütå de fiùr,hanno incoronato di fiori la volpe,<sos> i gli à 'ncurunàdå tütå de fiùr <eos>,<sos> hanno incoronato di fiori la volpe <eos>
a 'nà a tö Rośalba?,a prendere Rosalba?,<sos> a 'nà a tö rośalba ? <eos>,<sos> a prendere rosalba ? <eos>
pòta ma 'l cà,ma il cane,<sos> pòta ma 'l cà <eos>,<sos> ma il cane <eos>
— tira con fòrsa,— tira con forza,<sos> tira con fòrsa <eos>,<sos> tira con forza <eos>
chèl'ótra l'éra hò sóta la scala,sotto la scala,<sos> chèl'ótra l'éra hò sóta la scala <eos>,<sos> sotto la scala <eos>
pòtå lé,pota lei,<sos> pòtå lé <eos>,<sos> pota lei <eos>
de ór,d'oro,<sos> de ór <eos>,<sos> d'oro <eos>
'l tróa quàch pòst de 'nà de déter,di qualche posto per entrare,<sos> 'l tróa quàch pòst de 'nà de déter <eos>,<sos> di qualche posto per entrare <eos>
e che lé la la spuśà-å mìa,e che non l'avrebbe sposato,<sos> e che lé la la spuśà-å mìa <eos>,<sos> e che non l'avrebbe sposato <eos>
adèh próe amò öna ólta — 'l dìh — pò turne 'ndré »,"adesso provo un'altra volta, poi torno indietro »",<sos> adèh próe amò öna ólta 'l dìh pò turne 'ndré <eos>,"<sos> adesso provo un'altra volta , poi torno indietro <eos>"
'ndàt là,s'è avviato,<sos> 'ndàt là <eos>,<sos> s'è avviato <eos>
em pó — 'l dìh — i và dét en ne bòte,— un po' entrerete nelle botti,<sos> em pó 'l dìh i và dét en ne bòte <eos>,<sos> un po' entrerete nelle botti <eos>
ù màmå 'ndé e 'nvidà,andate ad invitare,<sos> ù màmå 'ndé e 'nvidà <eos>,<sos> andate ad invitare <eos>
i cavrignér è himài de déter,altri quattro carabinieri,<sos> i cavrignér è himài de déter <eos>,<sos> altri quattro carabinieri <eos>
e la hét ol pedà d'u ca-àl,sente il calpestio di un cavallo,<sos> e la hét ol pedà d'u ca-àl <eos>,<sos> sente il calpestio di un cavallo <eos>
de tüt,di tutto,<sos> de tüt <eos>,<sos> di tutto <eos>
"e 'l gh'à dìt isé: — adì va ringrassìe, che éra ö tormènto! —","e ha detto: — vi ringrazio, era un tormento! —","<sos> e 'l gh'à dìt isé adì va ringrassìe , che éra ö tormènto ! <eos>","<sos> e ha detto vi ringrazio , era un tormento ! <eos>"
fina che la tróe »,finché la troverò »,<sos> fina che la tróe <eos>,<sos> finché la troverò <eos>
e pò l'è 'ndàt on céśå,poi è andato in chiesa,<sos> e pò l'è 'ndàt on céśå <eos>,<sos> poi è andato in chiesa <eos>
i è 'ndàc a-ànti ö tòch,sono andati avanti un po',<sos> i è 'ndàc a-ànti ö tòch <eos>,<sos> sono andati avanti un po' <eos>
ogliùrå,poi,<sos> ogliùrå <eos>,<sos> poi <eos>
de hò olontà,di sua volontà,<sos> de hò olontà <eos>,<sos> di sua volontà <eos>
em pó de làrt,un po' di lardo,<sos> em pó de làrt <eos>,<sos> un po' di lardo <eos>
che mé só 'n da tò cà,che io sono in casa tua,<sos> che mé só 'n da tò cà <eos>,<sos> che io sono in casa tua <eos>
'ndà glià 'm pó pò i à 'ncuntràt ün uśelì,un po' più in là hanno incontrato un uccellino,<sos> 'ndà glià 'm pó pò i à 'ncuntràt ün uśelì <eos>,<sos> un po' più in là hanno incontrato un uccellino <eos>
chèsto 'nvéce istìt de biànch,questo invece vestito di bianco,<sos> chèsto 'nvéce istìt de biànch <eos>,<sos> questo invece vestito di bianco <eos>
— 'ndo 'ndét compàr gàl,— dove vai compare gallo,<sos> 'ndo 'ndét compàr gàl <eos>,<sos> dove vai compare gallo <eos>
« éh ma gh'ó tàt fàm...,« ho tanta fame...,<sos> éh ma gh'ó tàt fàm . . . <eos>,<sos> ho tanta fame . . . <eos>
hi bù de fàl...,siete capaci...,<sos> hi bù de fàl . . . <eos>,<sos> siete capaci . . . <eos>
la matìnå i dórmå 'm piéno,al mattino dormivano sodo,<sos> la matìnå i dórmå 'm piéno <eos>,<sos> al mattino dormivano sodo <eos>
buna piö de 'ndà là,da non riuscire a camminare,<sos> buna piö de 'ndà là <eos>,<sos> da non riuscire a camminare <eos>
piö 'n déter,più in là,<sos> piö 'n déter <eos>,<sos> più in là <eos>
ma còma harài a saìl endo ca l'è?,ma come faranno a sapere dov'è?,<sos> ma còma harài a saìl endo ca l'è ? <eos>,<sos> ma come faranno a sapere dov'è ? <eos>
ål sét igliò de fò dóla càmera ün bacà,sente fuori dalla camera un gran baccano,<sos> ål sét igliò de fò dóla càmera ün bacà <eos>,<sos> sente fuori dalla camera un gran baccano <eos>
'l dìs: — cóha ölet amò?,e chiede: — cosa vuoi ancora?,<sos> 'l dìs cóha ölet amò ? <eos>,<sos> e chiede cosa vuoi ancora ? <eos>
e pà a' la stàngå,e anche la stanga,<sos> e pà a' la stàngå <eos>,<sos> e anche la stanga <eos>
la turna a metì dét ol sò ca-alì po',rimette il cavallino nella stalla,<sos> la turna a metì dét ol sò ca-alì po' <eos>,<sos> rimette il cavallino nella stalla <eos>
perchè i diśéå che chi che arés tucàt la röśå,perché dicevano che a chi toccava la rosa,<sos> perchè i diśéå che chi che arés tucàt la röśå <eos>,<sos> perché dicevano che a chi toccava la rosa <eos>
la s-cèta la ga dìh ala hò mama:,così la figlia ha detto alla mamma:,<sos> la s-cèta la ga dìh ala hò mama <eos>,<sos> così la figlia ha detto alla mamma <eos>
"i se spùśå, no i se spùśå","si sposano, non si sposano","<sos> i se spùśå , no i se spùśå <eos>","<sos> si sposano , non si sposano <eos>"
— pòta merà domandaga àch a lü,— bisognerà domandare anche a lui,<sos> pòta merà domandaga àch a lü <eos>,<sos> bisognerà domandare anche a lui <eos>
tütå la cità,tutta la città,<sos> tütå la cità <eos>,<sos> tutta la città <eos>
— madóna — 'l dìh —,— madonna,<sos> madóna 'l dìh <eos>,<sos> madonna <eos>
e l'éra brà-a e 'nteligènta 'nsöma,era brava e intelligente,<sos> e l'éra brà-a e 'nteligènta 'nsöma <eos>,<sos> era brava e intelligente <eos>
— Paulì,— Paolino,<sos> paulì <eos>,<sos> paolino <eos>
e lü 'l ga dìh:,che gli dice:,<sos> e lü 'l ga dìh <eos>,<sos> che gli dice <eos>
gh'è hö de bandire mòglie e figli,e invece c'era scritto di bandire moglie e figli,<sos> gh'è hö de bandire mòglie e figli <eos>,<sos> e invece c'era scritto di bandire moglie e figli <eos>
töta 'nturciàda hö de lana,tutta imbacuccata nella lana,<sos> töta 'nturciàda hö de lana <eos>,<sos> tutta imbacuccata nella lana <eos>
i ghe dà-å gna' de mangià,neanche le davano da mangiare,<sos> i ghe dà-å gna' de mangià <eos>,<sos> neanche le davano da mangiare <eos>
'l béne patèrno 'l gh'è l'istès,il bene paterno c'era ugualmente,<sos> 'l béne patèrno 'l gh'è l'istès <eos>,<sos> il bene paterno c'era ugualmente <eos>
a maśnà la farina,a macinare la farina,<sos> a maśnà la farina <eos>,<sos> a macinare la farina <eos>
dòpo,dopo,<sos> dòpo <eos>,<sos> dopo <eos>
— tè,— te,<sos> tè <eos>,<sos> te <eos>
« gh'ó là a' mé la tila de tirà,« anch'io ho la tela da stendere,<sos> gh'ó là a' mé la tila de tirà <eos>,<sos> anch'io ho la tela da stendere <eos>
l'à purtàt a sò cà la sò piantilìnå,ha portato la sua pianticella,<sos> l'à purtàt a sò cà la sò piantilìnå <eos>,<sos> ha portato la sua pianticella <eos>
'ta lü 'hto òm al và hö e 'l dìh:,quell'uomo sale e grida:,<sos> 'ta lü 'hto òm al và hö e 'l dìh <eos>,<sos> quell'uomo sale e grida <eos>
al fà per tö hö l'óter rémo dré ala barca,fa per prendere l'altro remo dalla barca,<sos> al fà per tö hö l'óter rémo dré ala barca <eos>,<sos> fa per prendere l'altro remo dalla barca <eos>
lü l'à töt sö la hò sciàbola,ha raccolto la sciabola,<sos> lü l'à töt sö la hò sciàbola <eos>,<sos> ha raccolto la sciabola <eos>
— hó négher! — al dìh,— sono nero!,<sos> hó négher ! al dìh <eos>,<sos> sono nero ! <eos>
adès i spetà-a 'l segónt,poi aspettavano il secondo,<sos> adès i spetà-a 'l segónt <eos>,<sos> poi aspettavano il secondo <eos>
i m'à dàt tré cunfitì,mi hanno dato tre confettini,<sos> i m'à dàt tré cunfitì <eos>,<sos> mi hanno dato tre confettini <eos>
'n chèlå capànnå,in quella capanna,<sos> 'n chèlå capànnå <eos>,<sos> in quella capanna <eos>
e dòpo l'è leàt sö:,poi si è alzato,<sos> e dòpo l'è leàt sö <eos>,<sos> poi si è alzato <eos>
e gliùrå 'l gàl l'à fàt fò ünå cantàdå,allora il gallo s'è messo a cantare,<sos> e gliùrå 'l gàl l'à fàt fò ünå cantàdå <eos>,<sos> allora il gallo s'è messo a cantare <eos>
e lé la gh'à dàc ol temperì:,e lei le ha dato il coltellino:,<sos> e lé la gh'à dàc ol temperì <eos>,<sos> e lei le ha dato il coltellino <eos>
— égne,— vengo,<sos> égne <eos>,<sos> vengo <eos>
e gli arà pò mangiàt i còrf,forse poi l'avranno mangiato i corvi,<sos> e gli arà pò mangiàt i còrf <eos>,<sos> forse poi l'avranno mangiato i corvi <eos>
— te ringras-ce tànt,— ti ringrazio tanto,<sos> te ringras-ce tànt <eos>,<sos> ti ringrazio tanto <eos>
perchè hó egnida de hóta isé a frèha,perché sono scesa in fretta,<sos> perchè hó egnida de hóta isé a frèha <eos>,<sos> perché sono scesa in fretta <eos>
e i he trìgå pròpe jó hót e lùr,e si fermano proprio sotto di loro,<sos> e i he trìgå pròpe jó hót e lùr <eos>,<sos> e si fermano proprio sotto di loro <eos>
"'l và jà e hhahàs gió per bé-e, i hét üna ùs che i vógå:","fanno per abbassarsi a bere, sentono una voce che grida:","<sos> 'l và jà e hhahàs gió per bé-e , i hét üna ùs che i vógå <eos>","<sos> fanno per abbassarsi a bere , sentono una voce che grida <eos>"
hö 'n di càp sö ché,nei campi,<sos> hö 'n di càp sö ché <eos>,<sos> nei campi <eos>
e 'l vé hà hira,si fa sera,<sos> e 'l vé hà hira <eos>,<sos> si fa sera <eos>
'ta i và là 'm pó e pò,camminano ancora un po' ,<sos> 'ta i và là 'm pó e pò <eos>,<sos> camminano ancora un po' <eos>
fàm vèt!,fammi vedere!,<sos> fàm vèt ! <eos>,<sos> fammi vedere ! <eos>
i rìå,arrivano,<sos> i rìå <eos>,<sos> arrivano <eos>
però,però,<sos> però <eos>,<sos> però <eos>
la s-cèta te la pórtet miga vià! —,non porterai via la ragazza! —,<sos> la s-cèta te la pórtet miga vià ! <eos>,<sos> non porterai via la ragazza ! <eos>
« àrdå matahì d'ü laùr!,« va' là mattacchione!,<sos> àrdå matahì d'ü laùr ! <eos>,<sos> va' là mattacchione ! <eos>
Juanìnå!,Giovannina!,<sos> juanìnå ! <eos>,<sos> giovannina ! <eos>
pò la 'é 'n sa,poi ritorna,<sos> pò la 'é 'n sa <eos>,<sos> poi ritorna <eos>
e pò l'è 'gnìt en sà depröf,poi si è avvicinato,<sos> e pò l'è 'gnìt en sà depröf <eos>,<sos> poi si è avvicinato <eos>
adèh ta hé 'gnida fina ché,— sei venuta fino qui,<sos> adèh ta hé 'gnida fina ché <eos>,<sos> sei venuta fino qui <eos>
ói de-entà öna principèha —,voglio diventare una principessa,<sos> ói de-entà öna principèha <eos>,<sos> voglio diventare una principessa <eos>
gh'éra dét de chèle bèle monedahe gròhe,c'erano dentro delle belle monete grosse,<sos> gh'éra dét de chèle bèle monedahe gròhe <eos>,<sos> c'erano dentro delle belle monete grosse <eos>
l'à scultàt nigü lü,non ha ascoltato nessuno,<sos> l'à scultàt nigü lü <eos>,<sos> non ha ascoltato nessuno <eos>
— chi él pò lü?,— ma chi è lei?,<sos> chi él pò lü ? <eos>,<sos> ma chi è lei ? <eos>
è 'ndàt de déter,sono entrati,<sos> è 'ndàt de déter <eos>,<sos> sono entrati <eos>
è 'ndàc,sono andati,<sos> è 'ndàc <eos>,<sos> sono andati <eos>
he püdé-e...,se posso,<sos> he püdé-e . . . <eos>,<sos> se posso <eos>
e 'l gh'à bütàt in àriå,ha buttato tutto per aria,<sos> e 'l gh'à bütàt in àriå <eos>,<sos> ha buttato tutto per aria <eos>
'l gh'éå sche-èh ünå àlå,aveva un'ala rotta,<sos> 'l gh'éå sche-èh ünå àlå <eos>,<sos> aveva un'ala rotta <eos>
'cóm' éra 'nàc in caròha,perché erano andati in carrozza,<sos> 'cóm' éra 'nàc in caròha <eos>,<sos> perché erano andati in carrozza <eos>
perchè 'l fèr l'è dür!,perché il ferro è duro!,<sos> perchè 'l fèr l'è dür ! <eos>,<sos> perché il ferro è duro ! <eos>
uléf endà 'ndoè óter?,dove volete andare?,<sos> uléf endà 'ndoè óter ? <eos>,<sos> dove volete andare ? <eos>
vé a rìa del màr che òi parlàt —,vieni a riva del mare che voglio parlarti —,<sos> vé a rìa del màr che òi parlàt <eos>,<sos> vieni a riva del mare che voglio parlarti <eos>
gliùra lé la l'à fàt,così lei ha fatto,<sos> gliùra lé la l'à fàt <eos>,<sos> così lei ha fatto <eos>
madónå la èt che 'l gh'è pròpe,ha visto che c'era proprio,<sos> madónå la èt che 'l gh'è pròpe <eos>,<sos> ha visto che c'era proprio <eos>
e pò la l'à purtàt on sö,poi gliel'ha portato,<sos> e pò la l'à purtàt on sö <eos>,<sos> poi gliel'ha portato <eos>
mé tabache,fiuto il tabacco,<sos> mé tabache <eos>,<sos> fiuto il tabacco <eos>
— fé hito óter!,— zitti!,<sos> fé hito óter ! <eos>,<sos> zitti ! <eos>
— pòta la ga htà piö,— non ci sta più,<sos> pòta la ga htà piö <eos>,<sos> non ci sta più <eos>
"dòpo l'è 'ndada a digliò ala sò amìcå, la dìs: — tè — la dìs —",poi la matrigna è andata a dirlo alla sua amica:,"<sos> dòpo l'è 'ndada a digliò ala sò amìcå , la dìs tè la dìs <eos>",<sos> poi la matrigna è andata a dirlo alla sua amica <eos>
apénà mórt,subito dopo,<sos> apénà mórt <eos>,<sos> subito dopo <eos>
ål füdés lé,fosse,<sos> ål füdés lé <eos>,<sos> fosse <eos>
l'è 'gnìt a cà 'l hò òm,torna a casa il suo uomo,<sos> l'è 'gnìt a cà 'l hò òm <eos>,<sos> torna a casa il suo uomo <eos>
che l'è chèla che te hé anche 'gnida —,da lì sei anche venuta —,<sos> che l'è chèla che te hé anche 'gnida <eos>,<sos> da lì sei anche venuta <eos>
— ét durmìt? —,— hai dormito? —,<sos> ét durmìt ? <eos>,<sos> hai dormito ? <eos>
e la ga dìh:,e dice:,<sos> e la ga dìh <eos>,<sos> e dice <eos>
de düśì tò hò e 'nà là?,di andarsene?,<sos> de düśì tò hò e 'nà là ? <eos>,<sos> di andarsene ? <eos>
dumà te töet sö 'l tò bèl fagutì,domani prenderai il tuo fagottino,<sos> dumà te töet sö 'l tò bèl fagutì <eos>,<sos> domani prenderai il tuo fagottino <eos>
töt pié de bignòche,tutto pieno di bernoccoli,<sos> töt pié de bignòche <eos>,<sos> tutto pieno di bernoccoli <eos>
al varda 'sta lètra,la legge,<sos> al varda 'sta lètra <eos>,<sos> la legge <eos>
Paulì,Paolino,<sos> paulì <eos>,<sos> paolino <eos>
scùlta,ascolta,<sos> scùlta <eos>,<sos> ascolta <eos>
"tütå contétå, te pö pensà!","era tutta contenta, puoi immaginarti!","<sos> tütå contétå , te pö pensà ! <eos>","<sos> era tutta contenta , puoi immaginarti ! <eos>"
e tüte li hére i trà-å e hórt,ogni sera tiravano a sorte,<sos> e tüte li hére i trà-å e hórt <eos>,<sos> ogni sera tiravano a sorte <eos>
che 'l gh'à dét in de folhetina dedré,che aveva attaccato didietro,<sos> che 'l gh'à dét in de folhetina dedré <eos>,<sos> che aveva attaccato didietro <eos>
palpàt déter mé ünå óltå hé ah!,io ho già rovistato una volta nel camino!,<sos> palpàt déter mé ünå óltå hé ah ! <eos>,<sos> io ho già rovistato una volta nel camino ! <eos>
madóna tüc contèc!,madonna sono tutte contente!,<sos> madóna tüc contèc ! <eos>,<sos> madonna sono tutte contente ! <eos>
he i gh'à botép — al dìh —,come hanno buontempo!,<sos> he i gh'à botép al dìh <eos>,<sos> come hanno buontempo ! <eos>
e gliò i se l'à gudìdå,e lì se la sono goduta,<sos> e gliò i se l'à gudìdå <eos>,<sos> e lì se la sono goduta <eos>
dòpo,poi,<sos> dòpo <eos>,<sos> poi <eos>
chèl'ótrå,quella,<sos> chèl'ótrå <eos>,<sos> quella <eos>
pòtå dòpo 'stå tuśinå l'à dìt: — adèh em fài chè? —,la bambina ha detto: — adesso cosa facciamo? —,<sos> pòtå dòpo 'stå tuśinå l'à dìt adèh em fài chè ? <eos>,<sos> la bambina ha detto adesso cosa facciamo ? <eos>
e l'éra mìå nómå ö prìncipe,non un principino qualsiasi,<sos> e l'éra mìå nómå ö prìncipe <eos>,<sos> non un principino qualsiasi <eos>
« òrpo — 'l dìs —,« orpo — dice —,<sos> òrpo 'l dìs <eos>,<sos> orpo dice <eos>
li faìe i è 'gnide fò,ha trovato le faville,<sos> li faìe i è 'gnide fò <eos>,<sos> ha trovato le faville <eos>
a l'érå 'gnìdà üna bela tùśå,e bella,<sos> a l'érå 'gnìdà üna bela tùśå <eos>,<sos> e bella <eos>
amò,ancora,<sos> amò <eos>,<sos> ancora <eos>
ü ca-àl,un cavallo,<sos> ü ca-àl <eos>,<sos> un cavallo <eos>
pòtå la nòt quàn' che l'è 'gnìt,quando è venuto,<sos> pòtå la nòt quàn' che l'è 'gnìt <eos>,<sos> quando è venuto <eos>
'ndéf a fà chè pò óter?,cosa fate?,<sos> 'ndéf a fà chè pò óter ? <eos>,<sos> cosa fate ? <eos>
pòta ma 'ntàt che lü 'l dìh le paròle,ma intanto che lui diceva le parole,<sos> pòta ma 'ntàt che lü 'l dìh le paròle <eos>,<sos> ma intanto che lui diceva le parole <eos>
i à 'nventàt de dìgå al rè che 'stå tùśå l'éå dìt che lé la haràh estàdå bùnå de 'ndà e tö,hanno pensato di dire al re che questa ragazza aveva detto che sarebbe stata capace di andare a prendere,<sos> i à 'nventàt de dìgå al rè che 'stå tùśå l'éå dìt che lé la haràh estàdå bùnå de 'ndà e tö <eos>,<sos> hanno pensato di dire al re che questa ragazza aveva detto che sarebbe stata capace di andare a prendere <eos>
— hé — 'l dìs — oentéra,"— sì, volentieri",<sos> hé 'l dìs oentéra <eos>,"<sos> sì , volentieri <eos>"
óter,altro,<sos> óter <eos>,<sos> altro <eos>
lé la gh'ìa de cumprà,lei aspettava un bambino,<sos> lé la gh'ìa de cumprà <eos>,<sos> lei aspettava un bambino <eos>
l'à caminàt tüt ol dé,ha camminato tutto il giorno,<sos> l'à caminàt tüt ol dé <eos>,<sos> ha camminato tutto il giorno <eos>
i ghe n'à dai śó asé a 'sto Piéro,gliene hanno date un sacco,<sos> i ghe n'à dai śó asé a 'sto piéro <eos>,<sos> gliene hanno date un sacco <eos>
de dórme,da dormire,<sos> de dórme <eos>,<sos> da dormire <eos>
— 'l ga dìh ol hò òm —,— le dice il marito —,<sos> 'l ga dìh ol hò òm <eos>,<sos> le dice il marito <eos>
e pò lü,a un certo punto,<sos> e pò lü <eos>,<sos> a un certo punto <eos>
l'à dìt:,poi ha aggiunto:,<sos> l'à dìt <eos>,<sos> poi ha aggiunto <eos>
on d'ünä céśå,in chiesa,<sos> on d'ün céśå <eos>,<sos> in chiesa <eos>
e lü 'sto Giacumì,"e lui, che si chiamava Giacomino",<sos> e lü 'sto giacumì <eos>,"<sos> e lui , che si chiamava giacomino <eos>"
"perchè i èra cambiàt pòht, nò?","perché aveva cambiato posto, no?","<sos> perchè i èra cambiàt pòht , nò ? <eos>","<sos> perché aveva cambiato posto , no ? <eos>"
l'à riprendìt la vita,ha ripreso vita,<sos> l'à riprendìt la vita <eos>,<sos> ha ripreso vita <eos>
adès — ål dìs — mé só papà śgiamò de sèt,io sono già padre di sette,<sos> adès ål dìs mé só papà śgiamò de sèt <eos>,<sos> io sono già padre di sette <eos>
a portà la ròba,a portare la roba,<sos> a portà la ròba <eos>,<sos> a portare la roba <eos>
on manicòmio,era in subbuglio:,<sos> on manicòmio <eos>,<sos> era in subbuglio <eos>
i rìå,arrivano,<sos> i rìå <eos>,<sos> arrivano <eos>
però,però,<sos> però <eos>,<sos> però <eos>
à ringrassiàc e pò dòpo l'è partida,ha ringraziato e poi è partita,<sos> à ringrassiàc e pò dòpo l'è partida <eos>,<sos> ha ringraziato e poi è partita <eos>
l'è turnàt ondré,è tornato indietro,<sos> l'è turnàt ondré <eos>,<sos> è tornato indietro <eos>
defate i à fàt ol cambe,così hanno fatto lo scambio,<sos> defate i à fàt ol cambe <eos>,<sos> così hanno fatto lo scambio <eos>
tàt brütå,ma tanto brutta,<sos> tàt brütå <eos>,<sos> ma tanto brutta <eos>
chèl óm ansiàno,l'uomo anziano,<sos> chèl óm ansiàno <eos>,<sos> l'uomo anziano <eos>
« madóna l'éra chèla tuśa,« è quella ragazza! »,<sos> madóna l'éra chèla tuśa <eos>,<sos> è quella ragazza ! <eos>
tulé sö la sàpà,prendete voi la zappa,<sos> tulé sö la sàpà <eos>,<sos> prendete voi la zappa <eos>
i lücià-å tüc,tutti piangevano,<sos> i lücià-å tüc <eos>,<sos> tutti piangevano <eos>
ma de hàntå reśù!,di santa ragione,<sos> ma de hàntå reśù ! <eos>,<sos> di santa ragione <eos>
al s'è mìa lü sgiràt ondré,non si è voltato,<sos> al s'è mìa lü sgiràt ondré <eos>,<sos> non si è voltato <eos>
e 'l fà:,e Giovannino dice:,<sos> e 'l fà <eos>,<sos> e giovannino dice <eos>
öe èdei tüt de fò dol palàs —,sia fuori dal palazzo —,<sos> öe èdei tüt de fò dol palàs <eos>,<sos> sia fuori dal palazzo <eos>
— ah!,— ah!,<sos> ah ! <eos>,<sos> ah ! <eos>
e cuòchi,cuochi,<sos> e cuòchi <eos>,<sos> cuochi <eos>
te dó chèl che te ö —,ti dò quello che vuoi —,<sos> te dó chèl che te ö <eos>,<sos> ti dò quello che vuoi <eos>
« örèh che 'l la troèh chèl là!,« vorrei trovarlo io,<sos> örèh che 'l la troèh chèl là ! <eos>,<sos> vorrei trovarlo io <eos>
"tütå fastide, la dìs: « adès","e in fastidio, si dice: « adesso","<sos> tütå fastide , la dìs adès <eos>","<sos> e in fastidio , si dice adesso <eos>"
gh'érå apénå üna àcå,avevano solo una mucca,<sos> gh'érå apénå üna àcå <eos>,<sos> avevano solo una mucca <eos>
la gh'à,ha,<sos> la gh'à <eos>,<sos> ha <eos>
l'éra fò di gàngher:,la mamma non ne poteva più:,<sos> l'éra fò di gàngher <eos>,<sos> la mamma non ne poteva più <eos>
la mète jó jó 'n fónt,la metterò in fondo,<sos> la mète jó jó 'n fónt <eos>,<sos> la metterò in fondo <eos>
— turnì 'ndré,— tornate indietro,<sos> turnì 'ndré <eos>,<sos> tornate indietro <eos>
la gh'à cüntàt ol fato,gli ha raccontato il fatto,<sos> la gh'à cüntàt ol fato <eos>,<sos> gli ha raccontato il fatto <eos>
e ga cönte hö,così le dirò che,<sos> e ga cönte hö <eos>,<sos> così le dirò che <eos>
i m'à ciapàt,ci hanno trovato,<sos> i m'à ciapàt <eos>,<sos> ci hanno trovato <eos>
an sa ederà,ci vedremo,<sos> an sa ederà <eos>,<sos> ci vedremo <eos>
— chi pica?,— chi bussa?,<sos> chi pica ? <eos>,<sos> chi bussa ? <eos>
tùrnå 'ndré!,torna indietro!,<sos> tùrnå 'ndré ! <eos>,<sos> torna indietro ! <eos>
intequàter pirù,ventiquattro forchette,<sos> intequàter pirù <eos>,<sos> ventiquattro forchette <eos>
i à bi-ìt,e bevuto,<sos> i à bi-ìt <eos>,<sos> e bevuto <eos>
'l và là del Signùr,va dal Signore,<sos> 'l và là del signùr <eos>,<sos> va dal signore <eos>
'l l'à purtada sö,l'ha portata su,<sos> 'l l'à purtada sö <eos>,<sos> l'ha portata su <eos>
éra le öndes,circa le undici,<sos> éra le öndes <eos>,<sos> circa le undici <eos>
che nigü ìa mài ìst öna meravìgliå compàgnå,mai nessuno aveva visto una tal meraviglia,<sos> che nigü ìa mài ìst öna meravìgliå compàgnå <eos>,<sos> mai nessuno aveva visto una tal meraviglia <eos>
e pò 'l gh'à metìt sö,poi le ha messo,<sos> e pò 'l gh'à metìt sö <eos>,<sos> poi le ha messo <eos>
'm ga rià-a mìa a durmì —,— non riuscivamo a dormire,<sos> 'm ga rià-a mìa a durmì <eos>,<sos> non riuscivamo a dormire <eos>
è hénså 'l sò gàl,restano senza il loro gallo...,<sos> è hénså 'l sò gàl <eos>,<sos> restano senza il loro gallo . . . <eos>
"e medéśim l'à fàt a' lü, 'l gh'à dìt:","lo stesso ha fatto anche quello, le ha detto:","<sos> e medéśim l'à fàt a' lü , 'l gh'à dìt <eos>","<sos> lo stesso ha fatto anche quello , le ha detto <eos>"
ma gh'ét mìa ö töchèl de hpèc? — al dìh,— ma non hai un pezzo di specchio?,<sos> ma gh'ét mìa ö töchèl de hpèc ? al dìh <eos>,<sos> ma non hai un pezzo di specchio ? <eos>
me arà 'l śöch,ne varrebbe la pena!,<sos> me arà 'l śöch <eos>,<sos> ne varrebbe la pena ! <eos>
öe la mé scàtola dol tabàch,voglio la mia tabacchiera,<sos> öe la mé scàtola dol tabàch <eos>,<sos> voglio la mia tabacchiera <eos>
dré al camì,dal cammino,<sos> dré al camì <eos>,<sos> dal cammino <eos>
öe,voglio,<sos> öe <eos>,<sos> voglio <eos>
'n de 'sto castèl,in quel castello,<sos> 'n de 'sto castèl <eos>,<sos> in quel castello <eos>
ol sò papà 'l gh'à dàt negótå,e così suo padre non le aveva dato niente,<sos> ol sò papà 'l gh'à dàt negótå <eos>,<sos> e così suo padre non le aveva dato niente <eos>
li s'è di-ertide,si sono divertite,<sos> li s'è di-ertide <eos>,<sos> si sono divertite <eos>
e hö e śó per la vià lónga,su e giù per la strada lunga,<sos> e hö e śó per la vià lónga <eos>,<sos> su e giù per la strada lunga <eos>
cà l'è fìnå de gér séra che mange piö?,è fino da ieri sera che non mangio più?,<sos> cà l'è fìnå de gér séra che mange piö ? <eos>,<sos> è fino da ieri sera che non mangio più ? <eos>
madóna per carità!,madonna per carità!,<sos> madóna per carità ! <eos>,<sos> madonna per carità ! <eos>
"— éh, 'à là, 'à là 'ndóm!",— via via!,"<sos> éh , 'à là , 'à là 'ndóm ! <eos>",<sos> via via ! <eos>
"crómpei, crómpei! —",comperale! —,"<sos> crómpei , crómpei ! <eos>",<sos> comperale ! <eos>
con chèl aśnì gliò?,con l'asinello?,<sos> con chèl aśnì gliò ? <eos>,<sos> con l'asinello ? <eos>
che l'è lé la padruna,che lei è la padrona,<sos> che l'è lé la padruna <eos>,<sos> che lei è la padrona <eos>
ol famèi 'l dìs:,e il famiglio:,<sos> ol famèi 'l dìs <eos>,<sos> e il famiglio <eos>
i s'è di-ertìc,si sono divertiti,<sos> i s'è di-ertìc <eos>,<sos> si sono divertiti <eos>
quando è 'ndàc,quando sono andate,<sos> quando è 'ndàc <eos>,<sos> quando sono andate <eos>
perchè quando arriverài al primo pónte dèlla città,perché quando arriverai al primo ponte della città,<sos> perchè quando arriverài al primo pónte dèlla città <eos>,<sos> perché quando arriverai al primo ponte della città <eos>
che mé,che,<sos> che mé <eos>,<sos> che <eos>
alura lùr i ghe dìs: — bé,allora loro dicono: — bene,<sos> alura lùr i ghe dìs bé <eos>,<sos> allora loro dicono bene <eos>
e òr,oro,<sos> e òr <eos>,<sos> oro <eos>
quàndo l'è a-ànte ö tochèl,quando è avanti un po',<sos> quàndo l'è a-ànte ö tochèl <eos>,<sos> quando è avanti un po' <eos>
amò argótå,ancora qualcosa,<sos> amò argótå <eos>,<sos> ancora qualcosa <eos>
e camerér,e camerieri,<sos> e camerér <eos>,<sos> e camerieri <eos>
ogliùrå ardé,allora guardate,<sos> ogliùrå ardé <eos>,<sos> allora guardate <eos>
e 'l và fò amò,va alla casa,<sos> e 'l và fò amò <eos>,<sos> va alla casa <eos>
póm de chè pò — l'à dìt — che 'm sè che pié de póm,"— ma che mele vuoi, noi siamo pieni di mele!",<sos> póm de chè pò l'à dìt che 'm sè che pié de póm <eos>,"<sos> ma che mele vuoi , noi siamo pieni di mele ! <eos>"
töt sö tüt chèl ca l'à ciapàt,tutto quello che ha potuto,<sos> töt sö tüt chèl ca l'à ciapàt <eos>,<sos> tutto quello che ha potuto <eos>
— fét pò chè ché dré i bósch?,— cosa fai nei boschi?,<sos> fét pò chè ché dré i bósch ? <eos>,<sos> cosa fai nei boschi ? <eos>
l'à ìst ni-ént lé,non ha visto niente,<sos> l'à ìst ni-ént lé <eos>,<sos> non ha visto niente <eos>
e 'stå strégå la gh'à dìt essè:,questa strega le ha detto:,<sos> e 'stå strégå la gh'à dìt essè <eos>,<sos> questa strega le ha detto <eos>
— al perdunerèhet mìa — 'l dìs — se óter — al dìh —,— non lo perdonereste se,<sos> al perdunerèhet mìa 'l dìs se óter al dìh <eos>,<sos> non lo perdonereste se <eos>
turna mèteh idré a móns,ricomincia a mungere,<sos> turna mèteh idré a móns <eos>,<sos> ricomincia a mungere <eos>
pòtå 'l capìå nogót lü,lui non capiva niente,<sos> pòtå 'l capìå nogót lü <eos>,<sos> lui non capiva niente <eos>
e lü 'l gh'à dìt:,e il serpente le ha detto:,<sos> e lü 'l gh'à dìt <eos>,<sos> e il serpente le ha detto <eos>
alura lü,allora lui,<sos> alura lü <eos>,<sos> allora lui <eos>
— 'ndo ś' vài a töl?,— dove si va a prenderlo?,<sos> 'ndo ś' vài a töl ? <eos>,<sos> dove si va a prenderlo ? <eos>
i gh'è ri-àc,ci sono riusciti,<sos> i gh'è ri-àc <eos>,<sos> ci sono riusciti <eos>
'nsöma,insomma,<sos> 'nsöma <eos>,<sos> insomma <eos>
— madóna — 'l dìh — ó ciapàt negóta — 'l dìh — ada hcüśem!,"— madonna, non ho preso niente, scusami!",<sos> madóna 'l dìh ó ciapàt negóta 'l dìh ada hcüśem ! <eos>,"<sos> madonna , non ho preso niente , scusami ! <eos>"
"al l'à purtada amò el sò castèl, al l'à heràdå hö 'n d'ünà",lui l'ha portata di nuovo nel castello e l'ha rinchiusa,"<sos> al l'à purtada amò el sò castèl , al l'à heràdå hö 'n d'ünà <eos>",<sos> lui l'ha portata di nuovo nel castello e l'ha rinchiusa <eos>
'l gh'è ö h-cetì,c'è un bambino,<sos> 'l gh'è ö h-cetì <eos>,<sos> c'è un bambino <eos>
i gh'ìå pùrå a davrì la céśå,avevano perfino paura ad aprire la chiesa,<sos> i gh'ìå pùrå a davrì la céśå <eos>,<sos> avevano perfino paura ad aprire la chiesa <eos>
e lü 'sto Juanì 'l gi à dìt essè: — mé,Giovannino ha risposto:,<sos> e lü 'sto juanì 'l gi à dìt essè mé <eos>,<sos> giovannino ha risposto <eos>
con d'ünå galìnå e ü gàl,con un gallo o una gallina —,<sos> con d'ünå galìnå e ü gàl <eos>,<sos> con un gallo o una gallina <eos>
— tàches ala cù-a,— attaccati alla coda,<sos> tàches ala cù-a <eos>,<sos> attaccati alla coda <eos>
e réma e réma,rema e rema,<sos> e réma e réma <eos>,<sos> rema e rema <eos>
« he 'naró a' 'n giro,« andrò in giro,<sos> he 'naró a' 'n giro <eos>,<sos> andrò in giro <eos>
töi söle bòte,sono corsi sulle botti,<sos> töi söle bòte <eos>,<sos> sono corsi sulle botti <eos>
l'àlbero-che-se-àlså-e-che-se-śbàså,l'albero-che-si-alza-e-si-abbassa,<sos> l'àlbero-che-se-àlså-e-che-se-śbàså <eos>,<sos> l'albero-che-si-alza-e-si-abbassa <eos>
— 'm pò mé 'm pò té 'l laciù! —,"— un po' a me, un po' a te il latte!",<sos> 'm pò mé 'm pò té 'l laciù ! <eos>,"<sos> un po' a me , un po' a te il latte ! <eos>"
on dol mür,nel muro,<sos> on dol mür <eos>,<sos> nel muro <eos>
l'à töt sö,ha preso su,<sos> l'à töt sö <eos>,<sos> ha preso su <eos>
'sto serpént al l'à ciamàdå,il serpente l'ha chiamata,<sos> 'sto serpént al l'à ciamàdå <eos>,<sos> il serpente l'ha chiamata <eos>
ma lü 'l l'à ubligàdå a 'ndà,ma l'hanno obbligata ad andare,<sos> ma lü 'l l'à ubligàdå a 'ndà <eos>,<sos> ma l'hanno obbligata ad andare <eos>
la curiuśità,la curiosità,<sos> la curiuśità <eos>,<sos> la curiosità <eos>
gh'ó le rét ròte,ho le reti rotte,<sos> gh'ó le rét ròte <eos>,<sos> ho le reti rotte <eos>
e 'l và,e va,<sos> e 'l và <eos>,<sos> e va <eos>
'l baià-a hèmper de maià,parlava solo di mangiare,<sos> 'l baià-a hèmper de maià <eos>,<sos> parlava solo di mangiare <eos>
verrà un cagnolino e la morderà,verrà un cagnolino e la morderà,<sos> verrà un cagnolino e la morderà <eos>,<sos> verrà un cagnolino e la morderà <eos>
adès — ål dìs — te diśe 'l perchè uré-e dórme cóla tò spùśå,ora ti dico perché volevo dormire con la tua sposa,<sos> adès ål dìs te diśe 'l perchè uré-e dórme cóla tò spùśå <eos>,<sos> ora ti dico perché volevo dormire con la tua sposa <eos>
töt decórde,tutti d'accordo,<sos> töt decórde <eos>,<sos> tutti d'accordo <eos>
i à viaśgiàt amò tüt ol dé,hanno viaggiato ancora tutto il giorno,<sos> i à viaśgiàt amò tüt ol dé <eos>,<sos> hanno viaggiato ancora tutto il giorno <eos>
— 'ndóe saràl chèl vìl suldàt,— dove sarà quel vile soldato,<sos> 'ndóe saràl chèl vìl suldàt <eos>,<sos> dove sarà quel vile soldato <eos>
— nò nò — 'l dìh —,— no,<sos> nò nò 'l dìh <eos>,<sos> no <eos>
vé a rìa del màr che òi parlàt —,vieni a riva del mare che voglio parlarti —,<sos> vé a rìa del màr che òi parlàt <eos>,<sos> vieni a riva del mare che voglio parlarti <eos>
e gliùrå 'sto ]uanì tüt cuntét l'è 'ndàt e hò cà e tö la hò màmå,così Giovannino tutto contento è andato a casa sua a prendere la mamma,<sos> e gliùrå 'sto uanì tüt cuntét l'è 'ndàt e hò cà e tö la hò màmå <eos>,<sos> così giovannino tutto contento è andato a casa sua a prendere la mamma <eos>
— ma sé se 'l pàrlå che...,— ma se parla...,<sos> ma sé se 'l pàrlå che . . . <eos>,<sos> ma se parla . . . <eos>
la gh'éra hét,aveva sete,<sos> la gh'éra hét <eos>,<sos> aveva sete <eos>
la troverai,la troverai,<sos> la troverai <eos>,<sos> la troverai <eos>
apéna che lü l'à casàt fò,appena sporge,<sos> apéna che lü l'à casàt fò <eos>,<sos> appena sporge <eos>
ma secóme éra hüdài lùr,ma siccome loro erano sudati,<sos> ma secóme éra hüdài lùr <eos>,<sos> ma siccome loro erano sudati <eos>
"— ma hé hé — l'à dìt — l'à hö, pórtå 'ìà 'l tò 'estére!",— ma sì porta via il tuo armadio!,"<sos> ma hé hé l'à dìt l'à hö , pórtå 'ìà 'l tò 'estére ! <eos>",<sos> ma sì porta via il tuo armadio ! <eos>
'ta la 'à jó,va,<sos> 'ta la 'à jó <eos>,<sos> va <eos>
el nòs' pòst —,al nostro posto —,<sos> el nòs' pòst <eos>,<sos> al nostro posto <eos>
verrà il serpente e la morderà »,verrà il serpente e la morderà... »,<sos> verrà il serpente e la morderà <eos>,<sos> verrà il serpente e la morderà . . . <eos>
dopo,dopo,<sos> dopo <eos>,<sos> dopo <eos>
pòtå,pota,<sos> pòtå <eos>,<sos> pota <eos>
menemà 'l sét,d'un tratto sente,<sos> menemà 'l sét <eos>,<sos> d'un tratto sente <eos>
« farói pò comè mé?,« come farò?,<sos> farói pò comè mé ? <eos>,<sos> come farò ? <eos>
pò la gi à hàc bói,le ha fatte bollire,<sos> pò la gi à hàc bói <eos>,<sos> le ha fatte bollire <eos>
chèl'óltra l'è hò 'n dol boscàl,quell'altra nel cespuglio,<sos> chèl'óltra l'è hò 'n dol boscàl <eos>,<sos> quell'altra nel cespuglio <eos>
li padèle,padelle,<sos> li padèle <eos>,<sos> padelle <eos>
difati che lü 'l gh'à dìt:,e lui ha risposto:,<sos> difati che lü 'l gh'à dìt <eos>,<sos> e lui ha risposto <eos>
pòtå dòpo i stà hö gliò 'm pó e fà hito 'sti tuśèi,i due ragazzi per un po' sono stati zitti,<sos> pòtå dòpo i stà hö gliò 'm pó e fà hito 'sti tuśèi <eos>,<sos> i due ragazzi per un po' sono stati zitti <eos>
se lo spośavi toccava a tè —,se lo sposavi toccava a te —,<sos> se lo spośavi toccava a tè <eos>,<sos> se lo sposavi toccava a te <eos>
e 'l vé öna fómna a' de lü:,ed arriva una donna anche da lui:,<sos> e 'l vé öna fómna a' de lü <eos>,<sos> ed arriva una donna anche da lui <eos>
và bé,va bene,<sos> và bé <eos>,<sos> va bene <eos>
te ègnet in chèl pòht ché,vieni in questo posto,<sos> te ègnet in chèl pòht ché <eos>,<sos> vieni in questo posto <eos>
e öna s-cèta,e una figlia,<sos> e öna s-cèta <eos>,<sos> e una figlia <eos>
e l'è stada lé,così lei è rimasta,<sos> e l'è stada lé <eos>,<sos> così lei è rimasta <eos>
e pace,e pace,<sos> e pace <eos>,<sos> e pace <eos>
e la parla gna' la mama,ma anche lei tace,<sos> e la parla gna' la mama <eos>,<sos> ma anche lei tace <eos>
"è stàc ogliò 'm pó, i à mangiàt, i à bi-ìt","sono rimasti là un po', hanno mangiato e bevuto","<sos> è stàc ogliò 'm pó , i à mangiàt , i à bi-ìt <eos>","<sos> sono rimasti là un po' , hanno mangiato e bevuto <eos>"
pòtå ma urmài l'érå inütil,ma ormai era inutile,<sos> pòtå ma urmài l'érå inütil <eos>,<sos> ma ormai era inutile <eos>
se óter,se voi,<sos> se óter <eos>,<sos> se voi <eos>
pòtå 'l dé dopo,il giorno dopo,<sos> pòtå 'l dé dopo <eos>,<sos> il giorno dopo <eos>
t'é mìå cupàt ol drago,e non hai nemmeno ammazzato il drago,<sos> t'é mìå cupàt ol drago <eos>,<sos> e non hai nemmeno ammazzato il drago <eos>
a ünå capelètå d'la Madónå,a una cappelletta della Madonna,<sos> a ünå capelètå d'la madónå <eos>,<sos> a una cappelletta della madonna <eos>
— éh 'à là pórtå pahénså che 'l ne 'gnirà jà ün'ótrà de àiguå,— porta pazienza che ci sarà dell'altra acqua,<sos> éh 'à là pórtå pahénså che 'l ne 'gnirà jà ün'ótrà de àiguå <eos>,<sos> porta pazienza che ci sarà dell'altra acqua <eos>
pòta üna sérå,una sera,<sos> pòta üna sérå <eos>,<sos> una sera <eos>
però i m'à 'mprometìt che dòpo hènt'àgn,però mi han promesso che dopo cent'anni,<sos> però i m'à 'mprometìt che dòpo hènt'àgn <eos>,<sos> però mi han promesso che dopo cent'anni <eos>
pòtå 'l và déter,lui ci prova,<sos> pòtå 'l và déter <eos>,<sos> lui ci prova <eos>
difati lùr i śgi à ringrassiàc,loro l'hanno ringraziato,<sos> difati lùr i śgi à ringrassiàc <eos>,<sos> loro l'hanno ringraziato <eos>
e mé ó brancàt la bachètå,allora io ho afferrato la bacchetta,<sos> e mé ó brancàt la bachètå <eos>,<sos> allora io ho afferrato la bacchetta <eos>
e la matìnå quàndo ca l'è 'gnìt ciàr,al mattino quando si fa chiaro,<sos> e la matìnå quàndo ca l'è 'gnìt ciàr <eos>,<sos> al mattino quando si fa chiaro <eos>
i à mangiàt,hanno mangiato,<sos> i à mangiàt <eos>,<sos> hanno mangiato <eos>
"l'érå tànt che i 'ndà-å e ardà de purtàgliå jà, ma i gh'érå mài ri-àt nigü perchè lé la i fà-å fò","da tanto tentavano di portargliela via, ma non era mai riuscito nessuno perché la strega li ammazzava","<sos> l'érå tànt che i 'ndà-å e ardà de purtàgliå jà , ma i gh'érå mài ri-àt nigü perchè lé la i fà-å fò <eos>","<sos> da tanto tentavano di portargliela via , ma non era mai riuscito nessuno perché la strega li ammazzava <eos>"
a lü e i gh'à dìt:,dicendogli:,<sos> a lü e i gh'à dìt <eos>,<sos> dicendogli <eos>
— cóha fìs che omahì?,— cosa fate qui ometto?,<sos> cóha fìs che omahì ? <eos>,<sos> cosa fate qui ometto ? <eos>
üna bela röśå söl có,una bella rosa in testa,<sos> üna bela röśå söl có <eos>,<sos> una bella rosa in testa <eos>
'l gh'ìa pò tép de marüdà amò ö halì,aveva tempo per maturare ancora un po',<sos> 'l gh'ìa pò tép de marüdà amò ö halì <eos>,<sos> aveva tempo per maturare ancora un po' <eos>
al ha mèt idré a uśà:,si mette a gridare:,<sos> al ha mèt idré a uśà <eos>,<sos> si mette a gridare <eos>
de chi che go ìa metìt sö,di chi gliele aveva messe,<sos> de chi che go ìa metìt sö <eos>,<sos> di chi gliele aveva messe <eos>
— cóme 'm fài? —,— come faccio? —,<sos> cóme 'm fài ? <eos>,<sos> come faccio ? <eos>
he re nò ta còpe! —,altrimenti ti ammazzo! —,<sos> he re nò ta còpe ! <eos>,<sos> altrimenti ti ammazzo ! <eos>
e chèhta che l'è la àl dèle htré-e,questa è la valle delle streghe,<sos> e chèhta che l'è la àl dèle htré-e <eos>,<sos> questa è la valle delle streghe <eos>
ål pàså ü casadùr,passa un cacciatore,<sos> ål pàså ü casadùr <eos>,<sos> passa un cacciatore <eos>
— gh'ét di holfanèi,hai dei fiammiferi,<sos> gh'ét di holfanèi <eos>,<sos> hai dei fiammiferi <eos>
"— nò ni-ènt, ni-ènt","— niente, niente","<sos> nò ni-ènt , ni-ènt <eos>","<sos> niente , niente <eos>"
l'à dìt: « beh,s'è detta:,<sos> l'à dìt beh <eos>,<sos> s'è detta <eos>
te hé hémper dré e rabì che hó màt,— ti arrabbi sempre perché sono matto,<sos> te hé hémper dré e rabì che hó màt <eos>,<sos> ti arrabbi sempre perché sono matto <eos>
e lé la gh'à dàt 'estå scàtulå,lei ha dato loro la scatola di ditali,<sos> e lé la gh'à dàt 'estå scàtulå <eos>,<sos> lei ha dato loro la scatola di ditali <eos>
la tèrså óltå,la terza volta,<sos> la tèrså óltå <eos>,<sos> la terza volta <eos>
"l'érå tròp bèlå, mé ói chèlå de pàgå —","era tanto bella, io voglio quella come ricompensa —","<sos> l'érå tròp bèlå , mé ói chèlå de pàgå <eos>","<sos> era tanto bella , io voglio quella come ricompensa <eos>"
pòtå,pota,<sos> pòtå <eos>,<sos> pota <eos>
e 'l vedéå che a' chèl giól'àiguå,e vedeva che anche il leone nell'acqua,<sos> e 'l vedéå che a' chèl giól'àiguå <eos>,<sos> e vedeva che anche il leone nell'acqua <eos>
lü,lui,<sos> lü <eos>,<sos> lui <eos>
e lü 'l gh'à dìt esé:,quello gli ha detto:,<sos> e lü 'l gh'à dìt esé <eos>,<sos> quello gli ha detto <eos>
che mé te tigne hàlt —,che io ti tengo! —,<sos> che mé te tigne hàlt <eos>,<sos> che io ti tengo ! <eos>
tüt brüt,tutto brutto,<sos> tüt brüt <eos>,<sos> tutto brutto <eos>
— tùrnå 'ndré — 'l dìs — perchè àrdå che,— torna indietro perché guarda che,<sos> tùrnå 'ndré 'l dìs perchè àrdå che <eos>,<sos> torna indietro perché guarda che <eos>
perchè mé só 'gnìt per aidàt —,perché io sono venuto ad aiutarti —,<sos> perchè mé só 'gnìt per aidàt <eos>,<sos> perché io sono venuto ad aiutarti <eos>
gnè' holdài de guàrdia,né soldati di guardia,<sos> gnè' holdài de guàrdia <eos>,<sos> né soldati di guardia <eos>
e i cavrignér i è 'gnìc,sono venuti i carabinieri,<sos> e i cavrignér i è 'gnìc <eos>,<sos> sono venuti i carabinieri <eos>
— pòtå 'ndó per faméi,— vado a cercare di fare il famiglio,<sos> pòtå 'ndó per faméi <eos>,<sos> vado a cercare di fare il famiglio <eos>
con d'ü bastù,con un bastone,<sos> con d'ü bastù <eos>,<sos> con un bastone <eos>
la rìå lé,arriva,<sos> la rìå lé <eos>,<sos> arriva <eos>
éra hèmper négher de fàm,erano sempre neri di fame,<sos> éra hèmper négher de fàm <eos>,<sos> erano sempre neri di fame <eos>
ma 'l dìs:,— ma,<sos> ma 'l dìs <eos>,<sos> ma <eos>
lü 'l turna 'ndré: « cóm'éla 'hta htòria? »,lui torna indietro: « com'è questa storia? »,<sos> lü 'l turna 'ndré cóm'éla 'hta htòria ? <eos>,<sos> lui torna indietro com'è questa storia ? <eos>
chi mi sènte,chi mi sente,<sos> chi mi sènte <eos>,<sos> chi mi sente <eos>
quàndo ch'i à maiàt bén pulito e bi-ìt,quando hanno ben mangiato e bevuto,<sos> quàndo ch'i à maiàt bén pulito e bi-ìt <eos>,<sos> quando hanno ben mangiato e bevuto <eos>
àride,aride,<sos> àride <eos>,<sos> aride <eos>
pòta l'è dré a 'gnì śó la muntàgnå,— sta cadendo la montagna,<sos> pòta l'è dré a 'gnì śó la muntàgnå <eos>,<sos> sta cadendo la montagna <eos>
che mé parte,io partirò,<sos> che mé parte <eos>,<sos> io partirò <eos>
ada ché,guarda qui,<sos> ada ché <eos>,<sos> guarda qui <eos>
só ü prìncipe,sono un principe,<sos> só ü prìncipe <eos>,<sos> sono un principe <eos>
pò 'l 'nà-a a töla,e andava a prenderla,<sos> pò 'l 'nà-a a töla <eos>,<sos> e andava a prenderla <eos>
e i và,e vanno,<sos> e i và <eos>,<sos> e vanno <eos>
i l'ìa metìt a rìa,le avevano messe ai lati del campo,<sos> i l'ìa metìt a rìa <eos>,<sos> le avevano messe ai lati del campo <eos>
turna,di nuovo,<sos> turna <eos>,<sos> di nuovo <eos>
e pòtå lü l'è 'ndàt en dol lèt,lui è andato a letto,<sos> e pòtå lü l'è 'ndàt en dol lèt <eos>,<sos> lui è andato a letto <eos>
« e só sigüra — la diśéå —,« sono sicura,<sos> e só sigüra la diśéå <eos>,<sos> sono sicura <eos>
difati,infatti,<sos> difati <eos>,<sos> infatti <eos>
tanto urmài l'è mórt lü,tanto ormai lui è morto,<sos> tanto urmài l'è mórt lü <eos>,<sos> tanto ormai lui è morto <eos>
gliùrå i érå tüc cuntéc,erano tutti contenti,<sos> gliùrå i érå tüc cuntéc <eos>,<sos> erano tutti contenti <eos>
e gliùrå lü 'l gh'à taiàt vià tüc i sèt có,allora gli ha tagliato tutte le sette teste,<sos> e gliùrå lü 'l gh'à taiàt vià tüc i sèt có <eos>,<sos> allora gli ha tagliato tutte le sette teste <eos>
— éh ma...,— eh ma...,<sos> éh ma . . . <eos>,<sos> eh ma . . . <eos>
"lü dòpo 'l và a cà, 'l ga dìh hò pader:",poi è andato a casa e suo padre gli ha chiesto:,"<sos> lü dòpo 'l và a cà , 'l ga dìh hò pader <eos>",<sos> poi è andato a casa e suo padre gli ha chiesto <eos>
la gh'éra pórå,aveva paura,<sos> la gh'éra pórå <eos>,<sos> aveva paura <eos>
lé la gh'à dìt ni-ènt,non gli ha detto niente,<sos> lé la gh'à dìt ni-ènt <eos>,<sos> non gli ha detto niente <eos>
che edès l'è fü-jt i lader e 'l m'è restai,adesso i ladri sono fuggiti e sono rimasti,<sos> che edès l'è fü-jt i lader e 'l m'è restai <eos>,<sos> adesso i ladri sono fuggiti e sono rimasti <eos>
quàta śét — al dìh — che i à proàt,di tanta gente che ha provato,<sos> quàta śét al dìh che i à proàt <eos>,<sos> di tanta gente che ha provato <eos>
"htà lé amò ö moment a cöntàla hö, lùr i và fò ala finèstra, i fà śgrìngà 'l grilèt","sono rimasti ancora un po' a parlare, poi i carabinieri sono andati alla finestra, hanno fatto scattare il grilletto","<sos> htà lé amò ö moment a cöntàla hö , lùr i và fò ala finèstra , i fà śgrìngà 'l grilèt <eos>","<sos> sono rimasti ancora un po' a parlare , poi i carabinieri sono andati alla finestra , hanno fatto scattare il grilletto <eos>"
"la 'è sö la principèså, la fiölå dol rè","cioè la principessa, la figlia del re","<sos> la 'è sö la principèså , la fiölå dol rè <eos>","<sos> cioè la principessa , la figlia del re <eos>"
ol formét l'è 'ndài d'öna banda,e il frumento è andato da una parte,<sos> ol formét l'è 'ndài d'öna banda <eos>,<sos> e il frumento è andato da una parte <eos>
« tìres dré la pórtå » e mé é-e capìt de tölå hö! —,« tirati dietro la porta » e io ho capito di portarla via —,<sos> tìres dré la pórtå e mé é-e capìt de tölå hö ! <eos>,<sos> tirati dietro la porta e io ho capito di portarla via <eos>
lü 'l padrù 'l gi à menài lé e fài vede,il padrone ha fatto vedere loro,<sos> lü 'l padrù 'l gi à menài lé e fài vede <eos>,<sos> il padrone ha fatto vedere loro <eos>
no i màngiå,quelli non mangiavano,<sos> no i màngiå <eos>,<sos> quelli non mangiavano <eos>
e gliò l' gh'à purtàt la chitàrå,lei gli ha messo la chitarra,<sos> e gliò l' gh'à purtàt la chitàrå <eos>,<sos> lei gli ha messo la chitarra <eos>
se de nò chilò te égnet mìå —,altrimenti no —,<sos> se de nò chilò te égnet mìå <eos>,<sos> altrimenti no <eos>
e l'ótra la he n'è 'ncórta,e l'altra si è accorta,<sos> e l'ótra la he n'è 'ncórta <eos>,<sos> e l'altra si è accorta <eos>
ma che manéra hét vegnìt issé?,perché sei diventato così? / — sento di avere più forza —,<sos> ma che manéra hét vegnìt issé ? <eos>,<sos> perché sei diventato così ? sento di avere più forza <eos>
al poi fà chèl che 'l ghe n'à òia,può fare quello che vuole,<sos> al poi fà chèl che 'l ghe n'à òia <eos>,<sos> può fare quello che vuole <eos>
è 'nàc a-ànte 'm pó dré ala strada,sono andati avanti un po' per la strada,<sos> è 'nàc a-ànte 'm pó dré ala strada <eos>,<sos> sono andati avanti un po' per la strada <eos>
pröa dù,due,<sos> pröa dù <eos>,<sos> due <eos>
— àrdå — 'l dìs — che gliò — 'l dìs — gh'è ü tranèl,— guarda che là c'è un tranello,<sos> àrdå 'l dìs che gliò 'l dìs gh'è ü tranèl <eos>,<sos> guarda che là c'è un tranello <eos>
mé — 'l dìh — ó piö éht nigü —,io non ho più visto nessuno —,<sos> mé 'l dìh ó piö éht nigü <eos>,<sos> io non ho più visto nessuno <eos>
— eéh dìmol,— dimmelo,<sos> eéh dìmol <eos>,<sos> dimmelo <eos>
trèi scüdèle,tre scodelle,<sos> trèi scüdèle <eos>,<sos> tre scodelle <eos>
l'è 'gnìt sö ü ècio,arrivano un vecchio,<sos> l'è 'gnìt sö ü ècio <eos>,<sos> arrivano un vecchio <eos>
e 'l ne pàså dù,due,<sos> e 'l ne pàså dù <eos>,<sos> due <eos>
pòta lü l'à töt sö 'l brahöl,ne ha preso una bracciata,<sos> pòta lü l'à töt sö 'l brahöl <eos>,<sos> ne ha preso una bracciata <eos>
pòtå,pota,<sos> pòtå <eos>,<sos> pota <eos>
potàna!,puttana!,<sos> potàna ! <eos>,<sos> puttana ! <eos>
i di-àoi coi laùr benedèc,i diavoli con le cose benedette,<sos> i di-àoi coi laùr benedèc <eos>,<sos> i diavoli con le cose benedette <eos>
e che mange piö,senza mangiare,<sos> e che mange piö <eos>,<sos> senza mangiare <eos>
— dübita mìå — 'l dis — che faró cume te m'é dìt,— non dubitare farò come tu m'hai detto,<sos> dübita mìå 'l dis che faró cume te m'é dìt <eos>,<sos> non dubitare farò come tu m'hai detto <eos>
chèl là 'l ga ri-à-a mìa a rampà hö,l'uomo non riusciva ad arrampicarsi,<sos> chèl là 'l ga ri-à-a mìa a rampà hö <eos>,<sos> l'uomo non riusciva ad arrampicarsi <eos>
chèhto che l'è 'l taulì-paréjå,questo è il tavolino-apparecchia,<sos> chèhto che l'è 'l taulì-paréjå <eos>,<sos> questo è il tavolino-apparecchia <eos>
l'à dìt: — óter me laghé jó,dicendo: — voi calatemi,<sos> l'à dìt óter me laghé jó <eos>,<sos> dicendo voi calatemi <eos>
tüc i sò laùr,tutto il necessario,<sos> tüc i sò laùr <eos>,<sos> tutto il necessario <eos>
ünå càvrå sùlå,e una sola capra,<sos> ünå càvrå sùlå <eos>,<sos> e una sola capra <eos>
lü 'l gi à bateśài tüi dù,li ha battezzati tutti e due,<sos> lü 'l gi à bateśài tüi dù <eos>,<sos> li ha battezzati tutti e due <eos>
— tùrnå 'ndré alméno tè,— torna indietro almeno tu,<sos> tùrnå 'ndré alméno tè <eos>,<sos> torna indietro almeno tu <eos>
è 'ndàt dol rè,sono andati dal re,<sos> è 'ndàt dol rè <eos>,<sos> sono andati dal re <eos>
'l ga dìh: — ma...,che gli dice: — ma...,<sos> 'l ga dìh ma . . . <eos>,<sos> che gli dice ma . . . <eos>
lé l'à ìst gna' chi che l'érå,lei non ha neppure visto chi fosse,<sos> lé l'à ìst gna' chi che l'érå <eos>,<sos> lei non ha neppure visto chi fosse <eos>
l'è ö laùr impusìbel! »,è una cosa impossibile! »,<sos> l'è ö laùr impusìbel ! <eos>,<sos> è una cosa impossibile ! <eos>
per 'nà,per andare,<sos> per 'nà <eos>,<sos> per andare <eos>
i gh'è ri-àc,ma sono riusciti,<sos> i gh'è ri-àc <eos>,<sos> ma sono riusciti <eos>
dòpo i và là 'm pó àch,dopo aver camminato ancora un po',<sos> dòpo i và là 'm pó àch <eos>,<sos> dopo aver camminato ancora un po' <eos>
— nò 'ndó! —,"— no, vado! —",<sos> nò 'ndó ! <eos>,"<sos> no , vado ! <eos>"
àrdå déter chèl che 'l gh'à hö!,guarda cos'ha con sé!,<sos> àrdå déter chèl che 'l gh'à hö ! <eos>,<sos> guarda cos'ha con sé ! <eos>
'n l'óter,nell'altro,<sos> 'n l'óter <eos>,<sos> nell'altro <eos>
'l và a cà,per andare a casa,<sos> 'l và a cà <eos>,<sos> per andare a casa <eos>
potà l'èra famàdå,era affamata,<sos> potà l'èra famàdå <eos>,<sos> era affamata <eos>
ta hé mài contéta,non sei mai contenta,<sos> ta hé mài contéta <eos>,<sos> non sei mai contenta <eos>
— i me ròbå la clòhå cói pu-ì d'ór! —,— mi rubano la chioccia coi pulcini d'oro! —,<sos> i me ròbå la clòhå cói pu-ì d'ór ! <eos>,<sos> mi rubano la chioccia coi pulcini d'oro ! <eos>
"— sé, 'ndó a' mé, 'ndó a' mé","— sì, vado anch'io","<sos> sé , 'ndó a' mé , 'ndó a' mé <eos>","<sos> sì , vado anch'io <eos>"
"la turna a cüntài, è intetrì:","le riconta, sono ventitré","<sos> la turna a cüntài , è intetrì <eos>","<sos> le riconta , sono ventitré <eos>"
"e lé, l'à dìt:",lei ha detto:,"<sos> e lé , l'à dìt <eos>",<sos> lei ha detto <eos>
'sto fiöl,quel ragazzo,<sos> 'sto fiöl <eos>,<sos> quel ragazzo <eos>
ca l'à éht 'ehto òm de mólta,che aveva visto l'uomo di malta,<sos> ca l'à éht 'ehto òm de mólta <eos>,<sos> che aveva visto l'uomo di malta <eos>
tota de ròba perfèta,tutta di roba perfetta,<sos> tota de ròba perfèta <eos>,<sos> tutta di roba perfetta <eos>
— al ge dìh e chèl óter —,— e dice a quell'altro —,<sos> al ge dìh e chèl óter <eos>,<sos> e dice a quell'altro <eos>
e 'l gh'è burlàt gió tütå la sò minèstrå,le sono caduti la minestra,<sos> e 'l gh'è burlàt gió tütå la sò minèstrå <eos>,<sos> le sono caduti la minestra <eos>
e t'ediré ü purtù tüt enrüśginét,vedrai un portone tutto arrugginito,<sos> e t'ediré ü purtù tüt enrüśginét <eos>,<sos> vedrai un portone tutto arrugginito <eos>
lé pensà pu-arìnå!,poverina!,<sos> lé pensà pu-arìnå ! <eos>,<sos> poverina ! <eos>
lü,lui,<sos> lü <eos>,<sos> lui <eos>
l'à mìå durmìt,non ha dormito,<sos> l'à mìå durmìt <eos>,<sos> non ha dormito <eos>
preparàt là per la matìnå,e al mattino,<sos> preparàt là per la matìnå <eos>,<sos> e al mattino <eos>
ünå bèlå piàntå con sö i póm,una bella pianta con le mele,<sos> ünå bèlå piàntå con sö i póm <eos>,<sos> una bella pianta con le mele <eos>
e i tirà-å i lèc,ne han fatte tante,<sos> e i tirà-å i lèc <eos>,<sos> ne han fatte tante <eos>
« madóna chi lé,— quelli,<sos> madóna chi lé <eos>,<sos> quelli <eos>
l'à dìt essè:,lui ha pensato:,<sos> l'à dìt essè <eos>,<sos> lui ha pensato <eos>
e 'l cà 'l ga dìh:,e il cane dice:,<sos> e 'l cà 'l ga dìh <eos>,<sos> e il cane dice <eos>
on punì de teràgliå,un po' di terraglia,<sos> on punì de teràgliå <eos>,<sos> un po' di terraglia <eos>
la 'ndà-å amò a fà i mistér,andava ancora a fare i mestiari,<sos> la 'ndà-å amò a fà i mistér <eos>,<sos> andava ancora a fare i mestiari <eos>
— he la födès 'gnida de chèla strada ché,— se fosse venuta da questa strada,<sos> he la födès 'gnida de chèla strada ché <eos>,<sos> se fosse venuta da questa strada <eos>
che la spùśå l'è preparàdå per ondà 'n céśå,che la sposa era pronta per andare in chiesa,<sos> che la spùśå l'è preparàdå per ondà 'n céśå <eos>,<sos> che la sposa era pronta per andare in chiesa <eos>
pòtå la tuśìnà,ma la bambina,<sos> pòtå la tuśìnà <eos>,<sos> ma la bambina <eos>
"finalménte i gh'è ri-àc a töga śó 'ste peöc, ma l'éra pié de piàghe","poi finalmente sono riusciti a togliergli i pidocchi, ma era pieno di piaghe","<sos> finalménte i gh'è ri-àc a töga śó 'ste peöc , ma l'éra pié de piàghe <eos>","<sos> poi finalmente sono riusciti a togliergli i pidocchi , ma era pieno di piaghe <eos>"
e lö 'l gh'ìa dìc:,lui ha risposto:,<sos> e lö 'l gh'ìa dìc <eos>,<sos> lui ha risposto <eos>
lé l'à pensàt de dì: « ché,e tra sé ha pensato: « qui,<sos> lé l'à pensàt de dì ché <eos>,<sos> e tra sé ha pensato qui <eos>
— àrdå tùrnå 'ndré',"— guarda, torna indietro!",<sos> àrdå tùrnå 'ndré' <eos>,"<sos> guarda , torna indietro ! <eos>"
ve la regale àch,io ve lo regalo,<sos> ve la regale àch <eos>,<sos> io ve lo regalo <eos>
che 'l gh'éra hö 'l scarnàs de déter,che è chiuso dall'interno col catenaccio,<sos> che 'l gh'éra hö 'l scarnàs de déter <eos>,<sos> che è chiuso dall'interno col catenaccio <eos>
gh'ó ché 'l mé teśòro e,ho qui un tesoro,<sos> gh'ó ché 'l mé teśòro e <eos>,<sos> ho qui un tesoro <eos>
e fà ala hvèlta perchè gh'ó biśògn de hólc! —,fai presto perché ho bisogno di soldi! —,<sos> e fà ala hvèlta perchè gh'ó biśògn de hólc ! <eos>,<sos> fai presto perché ho bisogno di soldi ! <eos>
hö 'n sima ala montagna,in cima alla montagna,<sos> hö 'n sima ala montagna <eos>,<sos> in cima alla montagna <eos>
tàntå ìt,tanta vite,<sos> tàntå ìt <eos>,<sos> tanta vite <eos>
e śgiü l'èra pìcinì picinì,uno era piccolo piccolo,<sos> e śgiü l'èra pìcinì picinì <eos>,<sos> uno era piccolo piccolo <eos>
e pò 'à e hercà de fà 'l faméi,e vai a chiedere di fare il famiglio,<sos> e pò 'à e hercà de fà 'l faméi <eos>,<sos> e vai a chiedere di fare il famiglio <eos>
ünå sérå,una sera,<sos> ünå sérå <eos>,<sos> una sera <eos>
— posìbile!,— possibile!,<sos> posìbile ! <eos>,<sos> possibile ! <eos>
e 'l còrp,mentre il corpo,<sos> e 'l còrp <eos>,<sos> mentre il corpo <eos>
la m'à purtàt on Paradìs,mi ha portato in Paradiso,<sos> la m'à purtàt on paradìs <eos>,<sos> mi ha portato in paradiso <eos>
i uśèi è mìå 'gnìc,gli uccelli non sono venuti,<sos> i uśèi è mìå 'gnìc <eos>,<sos> gli uccelli non sono venuti <eos>
'ta lü 'l tö hö i héme,quello le prende,<sos> 'ta lü 'l tö hö i héme <eos>,<sos> quello le prende <eos>
negót de paga,niente in cambio,<sos> negót de paga <eos>,<sos> niente in cambio <eos>
céśå,in chiesa,<sos> céśå <eos>,<sos> in chiesa <eos>
e 'nvéce la ghe l'à apéne mociàt,invece gliel'ha appena ferita,<sos> e 'nvéce la ghe l'à apéne mociàt <eos>,<sos> invece gliel'ha appena ferita <eos>
te ga fé ergót de héna! —,prepara loro qualcosa da cena! —,<sos> te ga fé ergót de héna ! <eos>,<sos> prepara loro qualcosa da cena ! <eos>
alura hecóme gh'éra lé,c'era,<sos> alura hecóme gh'éra lé <eos>,<sos> c'era <eos>
e l'è mórt,ed è morto,<sos> e l'è mórt <eos>,<sos> ed è morto <eos>
e la hò mama nel vedìl la ha mèt a pianśì,la mamma nel vederlo scoppia a piangere,<sos> e la hò mama nel vedìl la ha mèt a pianśì <eos>,<sos> la mamma nel vederlo scoppia a piangere <eos>
hó dré e möre de hét!,sto morendo di sete!,<sos> hó dré e möre de hét ! <eos>,<sos> sto morendo di sete ! <eos>
em và 'n sércå de fortünå —,— in cerca di fortuna —,<sos> em và 'n sércå de fortünå <eos>,<sos> in cerca di fortuna <eos>
chèla che érå dét en da càså l' gh'à dìt:,quella dentro la cassa ha detto:,<sos> chèla che érå dét en da càså l' gh'à dìt <eos>,<sos> quella dentro la cassa ha detto <eos>
ta dó de chèle stangade!,ti dò di quelle legnate!,<sos> ta dó de chèle stangade ! <eos>,<sos> ti dò di quelle legnate ! <eos>
'm turà amà argótå,a mettere insieme qualcosa,<sos> 'm turà amà argótå <eos>,<sos> a mettere insieme qualcosa <eos>
di colane,delle collane,<sos> di colane <eos>,<sos> delle collane <eos>
— gh'ó d'biśògn da parlà col prìncipe, — devo parlare col principe,<sos> gh'ó d'biśògn da parlà col prìncipe <eos>,<sos> devo parlare col principe <eos>
che 'm và là,che andiamo in là,<sos> che 'm và là <eos>,<sos> che andiamo in là <eos>
gh'ó öna s-cèta hula,ho una figlia sola,<sos> gh'ó öna s-cèta hula <eos>,<sos> ho una figlia sola <eos>
— marà che,— dovrò,<sos> marà che <eos>,<sos> dovrò <eos>
e pò i a ciapàt sàlt,hanno presso,<sos> e pò i a ciapàt sàlt <eos>,<sos> hanno presso <eos>
che gh'ó fàt saì che gh'à dù s-cèt! »,avendogli fatto sapere che ha due gemelli! »,<sos> che gh'ó fàt saì che gh'à dù s-cèt ! <eos>,<sos> avendogli fatto sapere che ha due gemelli ! <eos>
che la ringrasia la Madónå,che ringrazia la Madonna,<sos> che la ringrasia la madónå <eos>,<sos> che ringrazia la madonna <eos>
gliùrå dòpo la ghe l'à dìt el prìncipe,allora ha detto al principe,<sos> gliùrå dòpo la ghe l'à dìt el prìncipe <eos>,<sos> allora ha detto al principe <eos>
höla füśina,sulla fucina,<sos> höla füśina <eos>,<sos> sulla fucina <eos>
sègn ca l'è miga 'gnida de ché,si vede che non è venuta da qui,<sos> sègn ca l'è miga 'gnida de ché <eos>,<sos> si vede che non è venuta da qui <eos>
he 'ndó ma ha rómpe,se vado mi rompo,<sos> he 'ndó ma ha rómpe <eos>,<sos> se vado mi rompo <eos>
fà maśnà la tò farìnå!,a far macinare la tua farina!,<sos> fà maśnà la tò farìnå ! <eos>,<sos> a far macinare la tua farina ! <eos>
ol cahtèl cóla tór de chèi là,il castello con quella torre,<sos> ol cahtèl cóla tór de chèi là <eos>,<sos> il castello con quella torre <eos>
— ah mé nò!,— no,<sos> ah mé nò ! <eos>,<sos> no <eos>
ài anche la barba,hai anche la barba,<sos> ài anche la barba <eos>,<sos> hai anche la barba <eos>
con d'üna fiüridüra,con una gran fioritura,<sos> con d'üna fiüridüra <eos>,<sos> con una gran fioritura <eos>
e 'l gh'à taiàt gió 'l có,e gli ha tagliato la testa,<sos> e 'l gh'à taiàt gió 'l có <eos>,<sos> e gli ha tagliato la testa <eos>
e alura lé l'éra amò hö la strada,lei era rimasta sulla strada,<sos> e alura lé l'éra amò hö la strada <eos>,<sos> lei era rimasta sulla strada <eos>
'l la manda a ciamà,fa chiamare la figlia,<sos> 'l la manda a ciamà <eos>,<sos> fa chiamare la figlia <eos>
perchè non ò spośato,perché non ho sposato,<sos> perchè non ò spośato <eos>,<sos> perché non ho sposato <eos>
mé gh'ó ché,io ho,<sos> mé gh'ó ché <eos>,<sos> io ho <eos>
"e gliùrå l'à cuminciàt, ål gh'à dìt: — té",allora ha cominciato a dirgli:,"<sos> e gliùrå l'à cuminciàt , ål gh'à dìt té <eos>",<sos> allora ha cominciato a dirgli <eos>
ta-àt gió tütå la lànå,con tutta la lana tagliata,<sos> ta-àt gió tütå la lànå <eos>,<sos> con tutta la lana tagliata <eos>
e lé la j à dìt essè: — hé pòtå,lei ha risposto: — sì pota,<sos> e lé la j à dìt essè hé pòtå <eos>,<sos> lei ha risposto sì pota <eos>
e la-às li mà che 'l fà-a s-ciupà i òs,"al momento di lavarsi le mani, quello ha fatto scricchiolare le ossa",<sos> e la-às li mà che 'l fà-a s-ciupà i òs <eos>,"<sos> al momento di lavarsi le mani , quello ha fatto scricchiolare le ossa <eos>"
"perchè l'à dìt: « se i và e üdà la ca-àgnå che i me ciàpå jó la tùśå, i me l' turnerà amò »","perché s'era detto: « se vanno a vuotare la cesta e trovano la bambina, me la ridanno indietro »","<sos> perchè l'à dìt se i và e üdà la ca-àgnå che i me ciàpå jó la tùśå , i me l' turnerà amò <eos>","<sos> perché s'era detto se vanno a vuotare la cesta e trovano la bambina , me la ridanno indietro <eos>"
e alura lü l'à fàt sö dù bràs,allora lui ha fatto due braccia,<sos> e alura lü l'à fàt sö dù bràs <eos>,<sos> allora lui ha fatto due braccia <eos>
e 'n gruppo,poi un gruppo,<sos> e 'n gruppo <eos>,<sos> poi un gruppo <eos>
perchè i gh'éå pura,perché aveva paura,<sos> perchè i gh'éå pura <eos>,<sos> perché aveva paura <eos>
e lé,là,<sos> e lé <eos>,<sos> là <eos>
ardé se li gh'à déter li sèt lèngue! —,guardate se hanno le sette lingue! —,<sos> ardé se li gh'à déter li sèt lèngue ! <eos>,<sos> guardate se hanno le sette lingue ! <eos>
e i éra decórde coi óter,erano rimasti d'accordo,<sos> e i éra decórde coi óter <eos>,<sos> erano rimasti d'accordo <eos>
e 'ssè i à fàt,così han fatto,<sos> e 'ssè i à fàt <eos>,<sos> così han fatto <eos>
lé l'è dré che la 'ngośgia a màgliå,lei sta lavorando a maglia,<sos> lé l'è dré che la 'ngośgia a màgliå <eos>,<sos> lei sta lavorando a maglia <eos>
la h'è htöfàda de fà chèla éta lé,si è stancata di quella vita,<sos> la h'è htöfàda de fà chèla éta lé <eos>,<sos> si è stancata di quella vita <eos>
e i ciapà-å àiguå söla cràpå,buttavano acqua sulla testa,<sos> e i ciapà-å àiguå söla cràpå <eos>,<sos> buttavano acqua sulla testa <eos>
e i l'à fle-elàt,l'hanno bastonato,<sos> e i l'à fle-elàt <eos>,<sos> l'hanno bastonato <eos>
pöderèhel mìa,non potrebbe,<sos> pöderèhel mìa <eos>,<sos> non potrebbe <eos>
ca ederì — 'l dìh — che,poi vedrete,<sos> ca ederì 'l dìh che <eos>,<sos> poi vedrete <eos>
che mé hó stüf! —,che io sono stanco! —,<sos> che mé hó stüf ! <eos>,<sos> che io sono stanco ! <eos>
e l'éra éduvå,era vedova,<sos> e l'éra éduvå <eos>,<sos> era vedova <eos>
"— pehì, bèl pehì","— pesciolino, bel pesciolino","<sos> pehì , bèl pehì <eos>","<sos> pesciolino , bel pesciolino <eos>"
de fà ü bèl brìndiśi,di fare un bel brindisi,<sos> de fà ü bèl brìndiśi <eos>,<sos> di fare un bel brindisi <eos>
tüc en fila,tutte in fila,<sos> tüc en fila <eos>,<sos> tutte in fila <eos>
sto eremìtå 'l ghe dìs:,e quello gli dice:,<sos> sto eremìtå 'l ghe dìs <eos>,<sos> e quello gli dice <eos>
per paìs,per i paesi,<sos> per paìs <eos>,<sos> per i paesi <eos>
pòtå óter,pota,<sos> pòtå óter <eos>,<sos> pota <eos>
l'à compràt chèl castèl hö 'n séma,ha comprato quel castello in cima alla montagna,<sos> l'à compràt chèl castèl hö 'n séma <eos>,<sos> ha comprato quel castello in cima alla montagna <eos>
pòtå ma mé,ma io,<sos> pòtå ma mé <eos>,<sos> ma io <eos>
comunque arda che mé só dré a möre,comunque guarda che io sto morendo,<sos> comunque arda che mé só dré a möre <eos>,<sos> comunque guarda che io sto morendo <eos>
l'à hentìt eh-ciopà cóme öna bómba,han sentito come scoppiare una bomba,<sos> l'à hentìt eh-ciopà cóme öna bómba <eos>,<sos> han sentito come scoppiare una bomba <eos>
— sé!,— ah si!,<sos> sé ! <eos>,<sos> ah si ! <eos>
i m'à dàt de bé-e 'n d'ü ha-àt,mi han dato da bere in una ciabatta,<sos> i m'à dàt de bé-e 'n d'ü ha-àt <eos>,<sos> mi han dato da bere in una ciabatta <eos>
'l pòst e i à dìt:,un posto e hanno detto:,<sos> 'l pòst e i à dìt <eos>,<sos> un posto e hanno detto <eos>
'l segónt dé 'l ghe dìs:,il secondo giorno dice:,<sos> 'l segónt dé 'l ghe dìs <eos>,<sos> il secondo giorno dice <eos>
e la 'é hà,e va là,<sos> e la 'é hà <eos>,<sos> e va là <eos>
"lé l'érå lé hentàdå jó che la mangià-å, la h'è metìdå dré e ugà:","quella era seduta a mangiare, s'è messa a gridare:","<sos> lé l'érå lé hentàdå jó che la mangià-å , la h'è metìdå dré e ugà <eos>","<sos> quella era seduta a mangiare , s'è messa a gridare <eos>"
perchè lé la ha regordà-a piö Rośalba,Rosalba non se la ricordava più,<sos> perchè lé la ha regordà-a piö rośalba <eos>,<sos> rosalba non se la ricordava più <eos>
lé óter lahóm lé,lasciamola lì,<sos> lé óter lahóm lé <eos>,<sos> lasciamola lì <eos>
ói durmì mé èh,devo dormire io eh,<sos> ói durmì mé èh <eos>,<sos> devo dormire io eh <eos>
"cünta de ni-ént, å 'ndó!",non fa niente,"<sos> cünta de ni-ént , å 'ndó ! <eos>",<sos> non fa niente <eos>
e po' l'à spi-àt bé,e s'è guardato in giro,<sos> e po' l'à spi-àt bé <eos>,<sos> e s'è guardato in giro <eos>
l'à fàt finta de 'nà de hóta a 'nà a derviga,ed è scesa fingendo di aprire,<sos> l'à fàt finta de 'nà de hóta a 'nà a derviga <eos>,<sos> ed è scesa fingendo di aprire <eos>
"— sé sé, só contéta —","— sì, sono contenta —","<sos> sé sé , só contéta <eos>","<sos> sì , sono contenta <eos>"
— ah sé l'ét ciapàdå?,— l'hai trovata?,<sos> ah sé l'ét ciapàdå ? <eos>,<sos> l'hai trovata ? <eos>
gliùrå l'e scapàdå,allora è scappata,<sos> gliùrå l'e scapàdå <eos>,<sos> allora è scappata <eos>
fà pò chè? —,cosa faccio?,<sos> fà pò chè ? <eos>,<sos> cosa faccio ? <eos>
e gliò l'à pensàt bé tütå nòt,ci ha pensato tutta la notte,<sos> e gliò l'à pensàt bé tütå nòt <eos>,<sos> ci ha pensato tutta la notte <eos>
pò te öet pò 'gnì ché adès?,ora vieni qui!,<sos> pò te öet pò 'gnì ché adès ? <eos>,<sos> ora vieni qui ! <eos>
chi dol mulì,quelli del mulino,<sos> chi dol mulì <eos>,<sos> quelli del mulino <eos>
l'è ö momént ca l'è lé,dopo un po',<sos> l'è ö momént ca l'è lé <eos>,<sos> dopo un po' <eos>
'l padrù,il padrone,<sos> 'l padrù <eos>,<sos> il padrone <eos>
e lü 'l ga dìs:,lui risponde:,<sos> e lü 'l ga dìs <eos>,<sos> lui risponde <eos>
tüt contéc,tutti contenti,<sos> tüt contéc <eos>,<sos> tutti contenti <eos>
chi è stato gli eròi? —,chi sono gli eroi?,<sos> chi è stato gli eròi ? <eos>,<sos> chi sono gli eroi ? <eos>
lü l'è mórt,l'eremita morto,<sos> lü l'è mórt <eos>,<sos> l'eremita morto <eos>
e la pégurå che beśulà-å,la pecora a belare,<sos> e la pégurå che beśulà-å <eos>,<sos> la pecora a belare <eos>
te tègnet sö 'l prìncipe,porterai il principe,<sos> te tègnet sö 'l prìncipe <eos>,<sos> porterai il principe <eos>
ål ve manca amò ü laùr, ma vi manca ancora una cosa,<sos> ål ve manca amò ü laùr <eos>,<sos> ma vi manca ancora una cosa <eos>
— a t'ó ìst!,— ti ho visto!,<sos> a t'ó ìst ! <eos>,<sos> ti ho visto ! <eos>
ma lü 'l gh'à mìa dìc cóha 'l gh'à ho èh!,ma lui non ha detto cosa aveva,<sos> ma lü 'l gh'à mìa dìc cóha 'l gh'à ho èh ! <eos>,<sos> ma lui non ha detto cosa aveva <eos>
t'ediré che,vedrai che,<sos> t'ediré che <eos>,<sos> vedrai che <eos>
— Paulì,— Paolino,<sos> paulì <eos>,<sos> paolino <eos>
"e dòpo óter igliùrå l'à capìt de fà hito, i à mangiàt la hò hénå",così l'altro ha capito di far silenzio e hanno mangiato la loro cena,"<sos> e dòpo óter igliùrå l'à capìt de fà hito , i à mangiàt la hò hénå <eos>",<sos> così l'altro ha capito di far silenzio e hanno mangiato la loro cena <eos>
l'à dìt: « uràl pò fà chè? »,e s'è detto: «cosa vorrà fare?»,<sos> l'à dìt uràl pò fà chè ? <eos>,<sos> e s'è detto cosa vorrà fare ? <eos>
stà-a lé atènto,stava attento,<sos> stà-a lé atènto <eos>,<sos> stava attento <eos>
tace àngei!,tanti angeli,<sos> tace àngei ! <eos>,<sos> tanti angeli <eos>
"l'à śgiràt bé, dòpo 'l gh'è 'gnìt en mént li horèle","l'ha visitata per bene, poi si è ricordata delle sorelle","<sos> l'à śgiràt bé , dòpo 'l gh'è 'gnìt en mént li horèle <eos>","<sos> l'ha visitata per bene , poi si è ricordata delle sorelle <eos>"
e la hò fómna,e sua moglie,<sos> e la hò fómna <eos>,<sos> e sua moglie <eos>
e quàndo che l'à ést che 'nvéce,ma quando ha visto che,<sos> e quàndo che l'à ést che 'nvéce <eos>,<sos> ma quando ha visto che <eos>
— ah — l'à dìt — adès pòche stórge!,"— ah, poche storie!",<sos> ah l'à dìt adès pòche stórge ! <eos>,"<sos> ah , poche storie ! <eos>"
la s'è tru-àda śgió 'n d'üna stànså,si è trovata in una stanza,<sos> la s'è tru-àda śgió 'n d'üna stànså <eos>,<sos> si è trovata in una stanza <eos>
mé pènse ch'i sarà dré amó a fà fèstå àch adès,io penso che staranno facendo festa ancora adesso,<sos> mé pènse ch'i sarà dré amó a fà fèstå àch adès <eos>,<sos> io penso che staranno facendo festa ancora adesso <eos>
la sò surèlå però,la sorella però,<sos> la sò surèlå però <eos>,<sos> la sorella però <eos>
quàtr'òmegn,quattro uomini,<sos> quàtr'òmegn <eos>,<sos> quattro uomini <eos>
fühei fò tüddü!,fossero fuori tutti e due! —,<sos> fühei fò tüddü ! <eos>,<sos> fossero fuori tutti e due ! <eos>
åm te 'mpìcå,ti impiccheremo,<sos> åm te 'mpìcå <eos>,<sos> ti impiccheremo <eos>
e 'lura,allora,<sos> e 'lura <eos>,<sos> allora <eos>
con dù s-cetì,con due bambini,<sos> con dù s-cetì <eos>,<sos> con due bambini <eos>
la hà-a mài negót,non faceva mai niente,<sos> la hà-a mài negót <eos>,<sos> non faceva mai niente <eos>
paràdå de négher,parata in nero,<sos> paràdå de négher <eos>,<sos> parata in nero <eos>
l'è stada lé ö momènt,è rimasta un momento,<sos> l'è stada lé ö momènt <eos>,<sos> è rimasta un momento <eos>
Scultém bé,Ascoltatemi bene,<sos> scultém bé <eos>,<sos> ascoltatemi bene <eos>
héi metìc dré?,— hanno cominciato?,<sos> héi metìc dré ? <eos>,<sos> hanno cominciato ? <eos>
« taulì paréjå! »,« tavolino apparecchia! »,<sos> taulì paréjå ! <eos>,<sos> tavolino apparecchia ! <eos>
e héte amò chèl udùr,e senta ancora quell'odore,<sos> e héte amò chèl udùr <eos>,<sos> e senta ancora quell'odore <eos>
ol Signùr ciàpa 'sto egiahì,il Signore prende questo vecchietto,<sos> ol signùr ciàpa 'sto egiahì <eos>,<sos> il signore prende questo vecchietto <eos>
e lü l'à dèc: — saràl mìa,il figlio ha detto: — non sarà,<sos> e lü l'à dèc saràl mìa <eos>,<sos> il figlio ha detto non sarà <eos>
« madóra l'è mórt!,« madonna è morto!,<sos> madóra l'è mórt ! <eos>,<sos> madonna è morto ! <eos>
a gh'éra,c'erano,<sos> a gh'éra <eos>,<sos> c'erano <eos>
'l gi à ciapàc,l'ha preso,<sos> 'l gi à ciapàc <eos>,<sos> l'ha preso <eos>
"e la mangià-a, la bi-ìa e la ha di-ertìa","mangiava, beveva e si divertiva","<sos> e la mangià-a , la bi-ìa e la ha di-ertìa <eos>","<sos> mangiava , beveva e si divertiva <eos>"
— mé ulé-e dumandàt e tè,— volevo chiederlo a te,<sos> mé ulé-e dumandàt e tè <eos>,<sos> volevo chiederlo a te <eos>
l'è 'ndàt a tö la sò spùśå che l'éra pò la sò madrìgnå,"è andato a prendere la sua sposa, che era poi la matrigna",<sos> l'è 'ndàt a tö la sò spùśå che l'éra pò la sò madrìgnå <eos>,"<sos> è andato a prendere la sua sposa , che era poi la matrigna <eos>"
óter che lùr biśugnà-å ch'i ghe füdés mìå 'n cùśìnå,solo non dovevano essere in cucina,<sos> óter che lùr biśugnà-å ch'i ghe füdés mìå 'n cùśìnå <eos>,<sos> solo non dovevano essere in cucina <eos>
e la màmå gnècå,e lei tutta arrabbiata,<sos> e la màmå gnècå <eos>,<sos> e lei tutta arrabbiata <eos>
m'è mórt töt,ci è morto tutto,<sos> m'è mórt töt <eos>,<sos> ci è morto tutto <eos>
e i l'à metìt on preśù 'nsèmå chèl óter,e l'han messo in prigione assieme all'altro,<sos> e i l'à metìt on preśù 'nsèmå chèl óter <eos>,<sos> e l'han messo in prigione assieme all'altro <eos>
büśài sö amò öna ólta,finiti in malora un'altra volta,<sos> büśài sö amò öna ólta <eos>,<sos> finiti in malora un'altra volta <eos>
gliùra lü chèl l'è 'nàt,quello è andato,<sos> gliùra lü chèl l'è 'nàt <eos>,<sos> quello è andato <eos>
ta dó,ti dò,<sos> ta dó <eos>,<sos> ti dò <eos>
cóha me manca? —,cosa ci manca? —,<sos> cóha me manca ? <eos>,<sos> cosa ci manca ? <eos>
e pò dòpo — 'l dìs —,poi,<sos> e pò dòpo 'l dìs <eos>,<sos> poi <eos>
i h'è 'mpi-enìc i pulmù de aria,si sono riempiti i polmoni di aria,<sos> i h'è 'mpi-enìc i pulmù de aria <eos>,<sos> si sono riempiti i polmoni di aria <eos>
che ói mangià ahé,mangiare abbastanza,<sos> che ói mangià ahé <eos>,<sos> mangiare abbastanza <eos>
"la camìnå, la camìnå","cammina, cammina","<sos> la camìnå , la camìnå <eos>","<sos> cammina , cammina <eos>"
té te me manàet on Paradìs,tu mi hai mandato in Paradiso,<sos> té te me manàet on paradìs <eos>,<sos> tu mi hai mandato in paradiso <eos>
e alura,ma,<sos> e alura <eos>,<sos> ma <eos>
cóha höcédel? — 'l manda a ciamà hò fredèl,manda a chiamare l'altro figlio,<sos> cóha höcédel ? 'l manda a ciamà hò fredèl <eos>,<sos> manda a chiamare l'altro figlio <eos>
'ta lü,ma lui,<sos> 'ta lü <eos>,<sos> ma lui <eos>
— 'm và hö — 'l dìh de chèla htrada ché — 'l dìh —,— andiamo per questa strada,<sos> 'm và hö 'l dìh de chèla htrada ché 'l dìh <eos>,<sos> andiamo per questa strada <eos>
e pò 'l la tigniå hàlt estrèt,tenendola stretta,<sos> e pò 'l la tigniå hàlt estrèt <eos>,<sos> tenendola stretta <eos>
e gliùra lé la dìh:,allora lei dice:,<sos> e gliùra lé la dìh <eos>,<sos> allora lei dice <eos>
— pòta — 'l dìh — e gliùra cóme fói?,— allora come faccio?,<sos> pòta 'l dìh e gliùra cóme fói ? <eos>,<sos> allora come faccio ? <eos>
ó mìå üt pùrå e hó amò ìf —,non ho avuto paura e sono ancora vivo —,<sos> ó mìå üt pùrå e hó amò ìf <eos>,<sos> non ho avuto paura e sono ancora vivo <eos>
metìt dré e śbate li spighe de hà e de là,le spighe s'erano messe a sbattere di qua e di là,<sos> metìt dré e śbate li spighe de hà e de là <eos>,<sos> le spighe s'erano messe a sbattere di qua e di là <eos>
argótå 'l só mìå mé 'nfati,qualche cosa,<sos> argótå 'l só mìå mé 'nfati <eos>,<sos> qualche cosa <eos>
'l ne pàså dù,ne passano due,<sos> 'l ne pàså dù <eos>,<sos> ne passano due <eos>
e 'é a' tè,e vieni anche tu,<sos> e 'é a' tè <eos>,<sos> e vieni anche tu <eos>
'ndóm,andiamo,<sos> 'ndóm <eos>,<sos> andiamo <eos>
sùrå ala capanna,sopra la capanna,<sos> sùrå ala capanna <eos>,<sos> sopra la capanna <eos>
al halta hö,viene,<sos> al halta hö <eos>,<sos> viene <eos>
pènsa che gh' l'ìa mìa dét ol fìdech!,"pensi, non aveva proprio il fegato!",<sos> pènsa che gh' l'ìa mìa dét ol fìdech ! <eos>,"<sos> pensi , non aveva proprio il fegato ! <eos>"
pasa fò,comincia a strisciare,<sos> pasa fò <eos>,<sos> comincia a strisciare <eos>
l'è mìå la gandélå chèstå!,non una candela!,<sos> l'è mìå la gandélå chèstå ! <eos>,<sos> non una candela ! <eos>
ma l'è restàdå!,ed è rimasta di stucco,<sos> ma l'è restàdå ! <eos>,<sos> ed è rimasta di stucco <eos>
è cent'anni che sóno qua,sono qui da cent'anni,<sos> è cent'anni che sóno qua <eos>,<sos> sono qui da cent'anni <eos>
lé l'à fàt ü bèl laùr,ed allora ha fatto una bella cosa,<sos> lé l'à fàt ü bèl laùr <eos>,<sos> ed allora ha fatto una bella cosa <eos>
l'è mèi che töe śgió 'l laùr che gh'ó söl có,è meglio che tolga la rosa dalla testa,<sos> l'è mèi che töe śgió 'l laùr che gh'ó söl có <eos>,<sos> è meglio che tolga la rosa dalla testa <eos>
— Divìn Maèstro — 'l dìh — la gh' l'ìa mìa dét ol fìdech — al dìh —,— Divin Maestro non aveva il fegato,<sos> divìn maèstro 'l dìh la gh' l'ìa mìa dét ol fìdech al dìh <eos>,<sos> divin maestro non aveva il fegato <eos>
pòtå,pota,<sos> pòtå <eos>,<sos> pota <eos>
— ciàpa la caròha,— prendi la carrozza,<sos> ciàpa la caròha <eos>,<sos> prendi la carrozza <eos>
con giöna hcödèla,con una scodella,<sos> con giöna hcödèla <eos>,<sos> con una scodella <eos>
che arés salvàt la so tùśå,avesse salvato sua figlia,<sos> che arés salvàt la so tùśå <eos>,<sos> avesse salvato sua figlia <eos>
vé a rìa del màr che òi parlàt —,vieni a riva del mare che voglio parlarti —,<sos> vé a rìa del màr che òi parlàt <eos>,<sos> vieni a riva del mare che voglio parlarti <eos>
tüte li sére,tutte le sere,<sos> tüte li sére <eos>,<sos> tutte le sere <eos>
pòta töta la gét,tutta la gente,<sos> pòta töta la gét <eos>,<sos> tutta la gente <eos>
— pòta ma harèh bù a' mé — 'l dìh — ma,— anch'io sarei capace ma,<sos> pòta ma harèh bù a' mé 'l dìh ma <eos>,<sos> anch'io sarei capace ma <eos>
lé per em pó l'à supurtàt,lei per un po' ha trattenuto,<sos> lé per em pó l'à supurtàt <eos>,<sos> lei per un po' ha trattenuto <eos>
al rè,al re,<sos> al rè <eos>,<sos> al re <eos>
pò l'à hàc sö öna 'mbèla butiglia d'acqua,e poi ha messo quell'acqua in una bella bottiglia,<sos> pò l'à hàc sö öna 'mbèla butiglia d'acqua <eos>,<sos> e poi ha messo quell'acqua in una bella bottiglia <eos>
la ènde,la vendo,<sos> la ènde <eos>,<sos> la vendo <eos>
i gi à mìa mangiàde,non le hanno mangiate,<sos> i gi à mìa mangiàde <eos>,<sos> non le hanno mangiate <eos>
— rüspem pò a' ün àśen!,— portare un asino,<sos> rüspem pò a' ün àśen ! <eos>,<sos> portare un asino <eos>
— óter garantòm,— galantuomini!,<sos> óter garantòm <eos>,<sos> galantuomini ! <eos>
pasàt ogliò dù o tré dé,trascorsi due o tre giorni,<sos> pasàt ogliò dù o tré dé <eos>,<sos> trascorsi due o tre giorni <eos>
quàch gròte de cahàs déter,qualche grotta dove nascondersi,<sos> quàch gròte de cahàs déter <eos>,<sos> qualche grotta dove nascondersi <eos>
'm te pórtå,noi ti porteremo,<sos> 'm te pórtå <eos>,<sos> noi ti porteremo <eos>
e la ghe dìs: — ondét ondu-è?,lei gli chiede: — dove vai?,<sos> e la ghe dìs ondét ondu-è ? <eos>,<sos> lei gli chiede dove vai ? <eos>
e gliò 'l ge dumàndå,domanda,<sos> e gliò 'l ge dumàndå <eos>,<sos> domanda <eos>
li sòi galine,le galline,<sos> li sòi galine <eos>,<sos> le galline <eos>
ma frèt,ma c'era freddo,<sos> ma frèt <eos>,<sos> ma c'era freddo <eos>
de hàntå reśù:,di santa ragione,<sos> de hàntå reśù <eos>,<sos> di santa ragione <eos>
to i ciàpet mìa hö té 'hta ólta,"questa volta, non tu",<sos> to i ciàpet mìa hö té 'hta ólta <eos>,"<sos> questa volta , non tu <eos>"
— mé pöde mìå dàt la stólå perchè l'è ü laùr,— io non posso darti la stola perché è una cosa,<sos> mé pöde mìå dàt la stólå perchè l'è ü laùr <eos>,<sos> io non posso darti la stola perché è una cosa <eos>
e lü 'l fà:,lui dice:,<sos> e lü 'l fà <eos>,<sos> lui dice <eos>
l'è 'l padrù di cà,è il padrone dei cani,<sos> l'è 'l padrù di cà <eos>,<sos> è il padrone dei cani <eos>
pié de piaghe,e di piaghe,<sos> pié de piaghe <eos>,<sos> e di piaghe <eos>
l' gh'à dìc:,ha detto:,<sos> l' gh'à dìc <eos>,<sos> ha detto <eos>
— gliùrå,— allora,<sos> gliùrå <eos>,<sos> allora <eos>
mé hó htöfa de fà la regina,io sono stanca di fare la regina,<sos> mé hó htöfa de fà la regina <eos>,<sos> io sono stanca di fare la regina <eos>
e chèl vèc ål ghe dìs:,il vecchio dice:,<sos> e chèl vèc ål ghe dìs <eos>,<sos> il vecchio dice <eos>
— födèhei déter tüddü!,fossero dentro tutti e due!,<sos> födèhei déter tüddü ! <eos>,<sos> fossero dentro tutti e due ! <eos>
ol ràs-c,il forcone,<sos> ol ràs-c <eos>,<sos> il forcone <eos>
al sentér che 'ndà-å ala stréå,al sentiero che conduce dalla strega,<sos> al sentér che 'ndà-å ala stréå <eos>,<sos> al sentiero che conduce dalla strega <eos>
"pòta 'l và hö chèl òm là, 'l fà:",così sale il marito e dice:,"<sos> pòta 'l và hö chèl òm là , 'l fà <eos>",<sos> così sale il marito e dice <eos>
de brillanti,di brillanti,<sos> de brillanti <eos>,<sos> di brillanti <eos>
'ndo i gh'éå de herale hö la hérå,dove rinchiuderle di sera,<sos> 'ndo i gh'éå de herale hö la hérå <eos>,<sos> dove rinchiuderle di sera <eos>
e lü:,e lui:,<sos> e lü <eos>,<sos> e lui <eos>
e hèntet gió högliò che ali nöf,siediti là che alle nove,<sos> e hèntet gió högliò che ali nöf <eos>,<sos> siediti là che alle nove <eos>
— öe che 'l mé fradèl,— voglio che mio fratello,<sos> öe che 'l mé fradèl <eos>,<sos> voglio che mio fratello <eos>
pòta dal hò castèl gh'è 'gnìt encuntra töte le guardie,dal castello gli sono venute incontro le guardie,<sos> pòta dal hò castèl gh'è 'gnìt encuntra töte le guardie <eos>,<sos> dal castello gli sono venute incontro le guardie <eos>
ghe sarà déter,ci sarà,<sos> ghe sarà déter <eos>,<sos> ci sarà <eos>
ol gàt e gnaulà,il gatto a miagolare,<sos> ol gàt e gnaulà <eos>,<sos> il gatto a miagolare <eos>
la s'è 'ngiönüchiàdå gió dinàs,si è inginocchiata davanti,<sos> la s'è 'ngiönüchiàdå gió dinàs <eos>,<sos> si è inginocchiata davanti <eos>
la lüciå,piangeva,<sos> la lüciå <eos>,<sos> piangeva <eos>
e bìf:,e bere:,<sos> e bìf <eos>,<sos> e bere <eos>
a entrà 'n città —,entrando in città —,<sos> a entrà 'n città <eos>,<sos> entrando in città <eos>
pòta lé la gh'à dìc de sé,ha detto di sì,<sos> pòta lé la gh'à dìc de sé <eos>,<sos> ha detto di sì <eos>
forse le pene di quel bel fior,forse le pene di quel bel fior,<sos> forse le pene di quel bel fior <eos>,<sos> forse le pene di quel bel fior <eos>
Móro,Moro,<sos> móro <eos>,<sos> moro <eos>
ål rìå a cà la sérå,alla sera arriva a casa,<sos> ål rìå a cà la sérå <eos>,<sos> alla sera arriva a casa <eos>
e i gh'à dumandàt,hanno chiesto notizie,<sos> e i gh'à dumandàt <eos>,<sos> hanno chiesto notizie <eos>
mé merà che möre de fàm,dovrò morire di fame,<sos> mé merà che möre de fàm <eos>,<sos> dovrò morire di fame <eos>
e te gh'é de spuśàl,e devi sposarlo,<sos> e te gh'é de spuśàl <eos>,<sos> e devi sposarlo <eos>
— però — 'l dìs —,— però,<sos> però 'l dìs <eos>,<sos> però <eos>
e gliùra 'l salta fò,allora,<sos> e gliùra 'l salta fò <eos>,<sos> allora <eos>
« madóna öna l'è restada hò lé!,« madonna una è rimasta là!,<sos> madóna öna l'è restada hò lé ! <eos>,<sos> madonna una è rimasta là ! <eos>
e lü 'l gh'à dìt:,e lui gli ha detto:,<sos> e lü 'l gh'à dìt <eos>,<sos> e lui gli ha detto <eos>
e 'l và,e va,<sos> e 'l và <eos>,<sos> e va <eos>
e 'l dìs:,e dice:,<sos> e 'l dìs <eos>,<sos> e dice <eos>
chèstå ché la ghe urès pròpe a' per mé! »,questa ci vorrebbe anche per me! »,<sos> chèstå ché la ghe urès pròpe a' per mé ! <eos>,<sos> questa ci vorrebbe anche per me ! <eos>
alura lü 'l tira hà la lètra,allora lui estrae la lettera,<sos> alura lü 'l tira hà la lètra <eos>,<sos> allora lui estrae la lettera <eos>
e 'm và,e ce ne andremo,<sos> e 'm và <eos>,<sos> e ce ne andremo <eos>
gh'éra ö coriére apòsta,ma dei corrieri,<sos> gh'éra ö coriére apòsta <eos>,<sos> ma dei corrieri <eos>
e fàm mör töc i bèh-ce!,a farmi morire tutte le bestie!,<sos> e fàm mör töc i bèh-ce ! <eos>,<sos> a farmi morire tutte le bestie ! <eos>
'm pó hö dré e la vià,per la strada,<sos> 'm pó hö dré e la vià <eos>,<sos> per la strada <eos>
'sti dù tuśilì,questi,<sos> 'sti dù tuśilì <eos>,<sos> questi <eos>
hà che ciàme la s-cèta,chiamo mia figlia,<sos> hà che ciàme la s-cèta <eos>,<sos> chiamo mia figlia <eos>
durmìt,ha dormito,<sos> durmìt <eos>,<sos> ha dormito <eos>
a gh'ó dìc che gh'éra negót,ho detto loro che non c'era niente,<sos> a gh'ó dìc che gh'éra negót <eos>,<sos> ho detto loro che non c'era niente <eos>
gió 'n cà,a casa,<sos> gió 'n cà <eos>,<sos> a casa <eos>
e 'l ghe dìh: — cóha ölet amò?,e gli chiede: — cosa vuoi ancora?,<sos> e 'l ghe dìh cóha ölet amò ? <eos>,<sos> e gli chiede cosa vuoi ancora ? <eos>
metélå fò püh ala pórtå óter,— voi mettetela dietro la porta,<sos> metélå fò püh ala pórtå óter <eos>,<sos> voi mettetela dietro la porta <eos>
gliùrå chèl mìå màt ål gi à dàt ü śbütù,allora quello sveglio gli ha dato uno spintone:,<sos> gliùrå chèl mìå màt ål gi à dàt ü śbütù <eos>,<sos> allora quello sveglio gli ha dato uno spintone <eos>
"gh'ó ni-ént, gh'ó ni-ént",non ho proprio niente,"<sos> gh'ó ni-ént , gh'ó ni-ént <eos>",<sos> non ho proprio niente <eos>
e pà a' ü tàol!,e anche un tavolino!,<sos> e pà a' ü tàol ! <eos>,<sos> e anche un tavolino ! <eos>
al gh'éra anche,aveva anche,<sos> al gh'éra anche <eos>,<sos> aveva anche <eos>
e lùr,loro,<sos> e lùr <eos>,<sos> loro <eos>
a hó ché,sono,<sos> a hó ché <eos>,<sos> sono <eos>
mé só sügürå,sono sicura,<sos> mé só sügürå <eos>,<sos> sono sicura <eos>
vé a rìa del màr che ói parlàt »,vieni a riva del mare che voglio parlarti »,<sos> vé a rìa del màr che ói parlàt <eos>,<sos> vieni a riva del mare che voglio parlarti <eos>
de chèlå bàndå lé — 'l dìs —,per di là,<sos> de chèlå bàndå lé 'l dìs <eos>,<sos> per di là <eos>
per piahér se i gh'ìa 'n bicér de acqua,se per piacere avevano un bicchier d'acqua,<sos> per piahér se i gh'ìa 'n bicér de acqua <eos>,<sos> se per piacere avevano un bicchier d'acqua <eos>
— Joanì,— Giovannino,<sos> joanì <eos>,<sos> giovannino <eos>
fìnå che i s'è calmàc,finché si son calmati,<sos> fìnå che i s'è calmàc <eos>,<sos> finché si son calmati <eos>
— sentìf śó che va cönte hö,— sedetevi che vi racconto,<sos> sentìf śó che va cönte hö <eos>,<sos> sedetevi che vi racconto <eos>
e pò l'à dìc:,poi s'è detta:,<sos> e pò l'à dìc <eos>,<sos> poi s'è detta <eos>
'l gh'à dìt: — perdùnem —,le ha detto: — perdonami —,<sos> 'l gh'à dìt perdùnem <eos>,<sos> le ha detto perdonami <eos>
pòtå ma i érå pu-arì,erano poveri,<sos> pòtå ma i érå pu-arì <eos>,<sos> erano poveri <eos>
la harà 'nada dèle ótre strade,sarà andata da altre strade,<sos> la harà 'nada dèle ótre strade <eos>,<sos> sarà andata da altre strade <eos>
e 'l gh'à la hò carta firmada de,che aveva con sé quella carta firmata,<sos> e 'l gh'à la hò carta firmada de <eos>,<sos> che aveva con sé quella carta firmata <eos>
ål và ala pórtå dèla caśa reale,va alla porta della casa reale,<sos> ål và ala pórtå dèla caśa reale <eos>,<sos> va alla porta della casa reale <eos>
la hegòtà-å e 'gnì 'n gió,continuava ad abbassarsi,<sos> la hegòtà-å e 'gnì 'n gió <eos>,<sos> continuava ad abbassarsi <eos>
— gh'ói de dàt chè,— cosa devo darti,<sos> gh'ói de dàt chè <eos>,<sos> cosa devo darti <eos>
— 'ndó 'n scircà de laurà —,— vado in cerca di lavoro —,<sos> 'ndó 'n scircà de laurà <eos>,<sos> vado in cerca di lavoro <eos>
"a cór, a cór, a cór, a cór",a correre,"<sos> a cór , a cór , a cór , a cór <eos>",<sos> a correre <eos>
— éh ah am fide nogót mé!,— non mi fido più!,<sos> éh ah am fide nogót mé ! <eos>,<sos> non mi fido più ! <eos>
i ghe purtà-a vià i cusì,e portavano via i cuscini,<sos> i ghe purtà-a vià i cusì <eos>,<sos> e portavano via i cuscini <eos>
'l gnìå a cà,tornava a casa,<sos> 'l gnìå a cà <eos>,<sos> tornava a casa <eos>
la cumpagnìå,la compagnia,<sos> la cumpagnìå <eos>,<sos> la compagnia <eos>
pòta 'l vardà-å jó,ma alla fine guarda nel pozzo,<sos> pòta 'l vardà-å jó <eos>,<sos> ma alla fine guarda nel pozzo <eos>
e quàndo i à fàt em pó de strada,e quando hanno fatto un po' di strada,<sos> e quàndo i à fàt em pó de strada <eos>,<sos> e quando hanno fatto un po' di strada <eos>
— mé nò!,— io no!,<sos> mé nò ! <eos>,<sos> io no ! <eos>
e gliùrå 'l s'è hentàt gió e l'à mangiàt,l'orco si è seduto e ha mangiato,<sos> e gliùrå 'l s'è hentàt gió e l'à mangiàt <eos>,<sos> l'orco si è seduto e ha mangiato <eos>
e difati 'l laorà-a bé,infatti lavorava bene,<sos> e difati 'l laorà-a bé <eos>,<sos> infatti lavorava bene <eos>
l'à dìt essè:,suggerisce:,<sos> l'à dìt essè <eos>,<sos> suggerisce <eos>
i à töt sö la Bèlla-Pastórå,hanno preso la Bella-Pastora,<sos> i à töt sö la bèlla-pastórå <eos>,<sos> hanno preso la bella-pastora <eos>
— ah hito hito màmà! — 'l dìs —,"— zitta zitta, mamma!",<sos> ah hito hito màmà ! 'l dìs <eos>,"<sos> zitta zitta , mamma ! <eos>"
e pò ga 'é 'n mènt:,poi ha pensato:,<sos> e pò ga 'é 'n mènt <eos>,<sos> poi ha pensato <eos>
che è 'ndàt e càhå,che era andato a caccia,<sos> che è 'ndàt e càhå <eos>,<sos> che era andato a caccia <eos>
'ndi 'n del bóhch,andate nel bosco,<sos> 'ndi 'n del bóhch <eos>,<sos> andate nel bosco <eos>
e lé la fà:,e lei fa:,<sos> e lé la fà <eos>,<sos> e lei fa <eos>
e 'l vèt che gh'è déter,e vede che dentro c'è,<sos> e 'l vèt che gh'è déter <eos>,<sos> e vede che dentro c'è <eos>
è partìc,sono partiti,<sos> è partìc <eos>,<sos> sono partiti <eos>
— ma ardé,— guardate,<sos> ma ardé <eos>,<sos> guardate <eos>
ma lé l'à lagàt dedré,ma lei non ha lasciato,<sos> ma lé l'à lagàt dedré <eos>,<sos> ma lei non ha lasciato <eos>
sö 'n d'ünà muntàgnå tüc i dé,"su una montagna, tutti i giorni",<sos> sö 'n d'ünà muntàgnå tüc i dé <eos>,"<sos> su una montagna , tutti i giorni <eos>"
e la sò acqua,e l'acqua,<sos> e la sò acqua <eos>,<sos> e l'acqua <eos>
e 'l pàrt,e riparte,<sos> e 'l pàrt <eos>,<sos> e riparte <eos>
— eéh,— ah,<sos> eéh <eos>,<sos> ah <eos>
i à ist che,avevano visto che,<sos> i à ist che <eos>,<sos> avevano visto che <eos>
i me n'à dàt gna' ü bucù,non me ne han dato neppure un boccone,<sos> i me n'à dàt gna' ü bucù <eos>,<sos> non me ne han dato neppure un boccone <eos>
— gh'avrèhef mìa öna hcödèla de minèstra,— non avreste una scodella di minestra,<sos> gh'avrèhef mìa öna hcödèla de minèstra <eos>,<sos> non avreste una scodella di minestra <eos>
e 'l fà per 'nà de là,e ha fatto per strisciare di là,<sos> e 'l fà per 'nà de là <eos>,<sos> e ha fatto per strisciare di là <eos>
ma la córdå gròså,quella grossa,<sos> ma la córdå gròså <eos>,<sos> quella grossa <eos>
— màmå,— mamma,<sos> màmå <eos>,<sos> mamma <eos>
'l gh'è restàt piö gna' ö bucù,non ne è rimasto neppure un boccone,<sos> 'l gh'è restàt piö gna' ö bucù <eos>,<sos> non ne è rimasto neppure un boccone <eos>
che 'ntàt che la fà de diśnà... —,che mentre lei fa da mangiare...,<sos> che 'ntàt che la fà de diśnà . . . <eos>,<sos> che mentre lei fa da mangiare . . . <eos>
adèh ga rìe piö a 'ndà,adesso non ci riesco più,<sos> adèh ga rìe piö a 'ndà <eos>,<sos> adesso non ci riesco più <eos>
e fale pasculà 'n d'ü càp,a farle pascolare in un campo,<sos> e fale pasculà 'n d'ü càp <eos>,<sos> a farle pascolare in un campo <eos>
"'l pàlpå, 'l pàlpå, 'l pàlpå","tocca, tocca, tocca","<sos> 'l pàlpå , 'l pàlpå , 'l pàlpå <eos>","<sos> tocca , tocca , tocca <eos>"
— mé,— io,<sos> mé <eos>,<sos> io <eos>
la arda,guarda,<sos> la arda <eos>,<sos> guarda <eos>
e 'l badìl,e il badile,<sos> e 'l badìl <eos>,<sos> e il badile <eos>
e lü 'sto òm ål gi à dìt:,e quell'uomo gli ha detto:,<sos> e lü 'sto òm ål gi à dìt <eos>,<sos> e quell'uomo gli ha detto <eos>
tüc ì dintorni,con i dintorni,<sos> tüc ì dintorni <eos>,<sos> con i dintorni <eos>
perchè töt ol mónt,perché tutto il mondo,<sos> perchè töt ol mónt <eos>,<sos> perché tutto il mondo <eos>
'nduè 'l gh'ìa dìt 'osto eremìtå,dove gli aveva detto l'eremita,<sos> 'nduè 'l gh'ìa dìt 'osto eremìtå <eos>,<sos> dove gli aveva detto l'eremita <eos>
ala tèrså óltå,alla terza volta,<sos> ala tèrså óltå <eos>,<sos> alla terza volta <eos>
« madóna — 'l dìh — cóha digheràl chèl pehì?,"« madonna, cosa dirà quel pesciolino?",<sos> madóna 'l dìh cóha digheràl chèl pehì ? <eos>,"<sos> madonna , cosa dirà quel pesciolino ? <eos>"
pòtå,pota,<sos> pòtå <eos>,<sos> pota <eos>
e 'n dol dèrve,e subito,<sos> e 'n dol dèrve <eos>,<sos> e subito <eos>
stà ché ca 'm ta tìgn che nóter,stai qui che noi ti teniamo,<sos> stà ché ca 'm ta tìgn che nóter <eos>,<sos> stai qui che noi ti teniamo <eos>
che lü 'l m'à fàt,che mi ha fatto,<sos> che lü 'l m'à fàt <eos>,<sos> che mi ha fatto <eos>
— pòtå öt che fàe chè?,— cosa vuoi che faccia?,<sos> pòtå öt che fàe chè ? <eos>,<sos> cosa vuoi che faccia ? <eos>
al vèt öna porta,vede una porta,<sos> al vèt öna porta <eos>,<sos> vede una porta <eos>
e gliùrå l'è 'ndàdå e ciamà i sò paréc,allora è andata a chiamare i parenti,<sos> e gliùrå l'è 'ndàdå e ciamà i sò paréc <eos>,<sos> allora è andata a chiamare i parenti <eos>
gh'érå déter ö móndo manicomio!,un finimondo!,<sos> gh'érå déter ö móndo manicomio ! <eos>,<sos> un finimondo ! <eos>
po' i pasa gió,e vanno,<sos> po' i pasa gió <eos>,<sos> e vanno <eos>
la n'à mangiàt,l'ha mangiato lei,<sos> la n'à mangiàt <eos>,<sos> l'ha mangiato lei <eos>
e gliùra 'l tö hö 'hta barca,allora prende la barca,<sos> e gliùra 'l tö hö 'hta barca <eos>,<sos> allora prende la barca <eos>
'l saràs ostàt lü,sarebbe diventato,<sos> 'l saràs ostàt lü <eos>,<sos> sarebbe diventato <eos>
pò l'è 'ndàdå e durmì,poi è andata a dormire,<sos> pò l'è 'ndàdå e durmì <eos>,<sos> poi è andata a dormire <eos>
cóm'éla ché?,— cosa succede qui?,<sos> cóm'éla ché ? <eos>,<sos> cosa succede qui ? <eos>
e gliùrå,allora,<sos> e gliùrå <eos>,<sos> allora <eos>
magher empìch,magro stecchito,<sos> magher empìch <eos>,<sos> magro stecchito <eos>
cuntra 'l föch,vicino al fuoco,<sos> cuntra 'l föch <eos>,<sos> vicino al fuoco <eos>
a cüntà sö che,a raccontare,<sos> a cüntà sö che <eos>,<sos> a raccontare <eos>
de 'ndà e tru-à l'órco,di andare a trovare ancora l'orco,<sos> de 'ndà e tru-à l'órco <eos>,<sos> di andare a trovare ancora l'orco <eos>
'ta al rìa hö éra dré a mangià,quando sono arrivati loro stavano mangiando,<sos> 'ta al rìa hö éra dré a mangià <eos>,<sos> quando sono arrivati loro stavano mangiando <eos>
e te turnet ondré,e torna indietro,<sos> e te turnet ondré <eos>,<sos> e torna indietro <eos>
e l'è 'ndàdå là tànt tànt,e è andata là tanto tanto,<sos> e l'è 'ndàdå là tànt tànt <eos>,<sos> e è andata là tanto tanto <eos>
la 'é sö l'ànimå cunfinàdå,esce l'anima confinata,<sos> la 'é sö l'ànimå cunfinàdå <eos>,<sos> esce l'anima confinata <eos>
alura ai và,loro se ne vanno,<sos> alura ai và <eos>,<sos> loro se ne vanno <eos>
e lü 'l ghe dìs:,e lui dice:,<sos> e lü 'l ghe dìs <eos>,<sos> e lui dice <eos>
pòta l'éra fò dol nurmàl!,una cosa straordinaria!,<sos> pòta l'éra fò dol nurmàl ! <eos>,<sos> una cosa straordinaria ! <eos>
che i farà öna buna sénå —,che faranno una buona cena —,<sos> che i farà öna buna sénå <eos>,<sos> che faranno una buona cena <eos>
— alméno 'm sentirà mìa 'l burdèl de stanòt,— almeno questa notte non sentiremo del fracasso,<sos> alméno 'm sentirà mìa 'l burdèl de stanòt <eos>,<sos> almeno questa notte non sentiremo del fracasso <eos>
la principèsså,la principessa,<sos> la principèsså <eos>,<sos> la principessa <eos>
— e 'm vède mìå — 'l dìs — gna' e la-às gió!,— non ci vedo neanche a lavarmi!,<sos> e 'm vède mìå 'l dìs gna' e la-às gió ! <eos>,<sos> non ci vedo neanche a lavarmi ! <eos>
al vé 'l ho s-cèt,viene il figlio,<sos> al vé 'l ho s-cèt <eos>,<sos> viene il figlio <eos>
e lé la ga dìs:,lei risponde:,<sos> e lé la ga dìs <eos>,<sos> lei risponde <eos>
dòpo quàndo l'è stàt sà,quando erano,<sos> dòpo quàndo l'è stàt sà <eos>,<sos> quando erano <eos>
difati l'à fàt essè,così ha fatto,<sos> difati l'à fàt essè <eos>,<sos> così ha fatto <eos>
— fòrså! —,— forza! —,<sos> fòrså ! <eos>,<sos> forza ! <eos>
e lü 'l gh'à dìt essè: — àrdå che mé,e lui le ha detto: — guarda che io,<sos> e lü 'l gh'à dìt essè àrdå che mé <eos>,<sos> e lui le ha detto guarda che io <eos>
ma non la godrài,ma non la godrai,<sos> ma non la godrài <eos>,<sos> ma non la godrai <eos>
'l s'è metìt dré,si è messo,<sos> 'l s'è metìt dré <eos>,<sos> si è messo <eos>
quàndo che i rìå,appena arrivati,<sos> quàndo che i rìå <eos>,<sos> appena arrivati <eos>
la clòhå cói pu-ì d'ór!,la chioccia coi pulcini d'oro!,<sos> la clòhå cói pu-ì d'ór ! <eos>,<sos> la chioccia coi pulcini d'oro ! <eos>
— taulì paréjå! —,— tavolino apparecchia! —,<sos> taulì paréjå ! <eos>,<sos> tavolino apparecchia ! <eos>
— ah — la dìs — t'ó ìst!,— ah ti ho visto!,<sos> ah la dìs t'ó ìst ! <eos>,<sos> ah ti ho visto ! <eos>
he nò te 'ndé 'n dol lèt sènså hénå,altrimenti vai a letto senza cena,<sos> he nò te 'ndé 'n dol lèt sènså hénå <eos>,<sos> altrimenti vai a letto senza cena <eos>
per tré dé,per tre giorni,<sos> per tré dé <eos>,<sos> per tre giorni <eos>
'l sìå piö 'ndo 'ndà gna' lü a śbate,non sapeva più dove andare a sbattere la testa,<sos> 'l sìå piö 'ndo 'ndà gna' lü a śbate <eos>,<sos> non sapeva più dove andare a sbattere la testa <eos>
chèl che l'è —,quello che è,<sos> chèl che l'è <eos>,<sos> quello che è <eos>
— quèsta è la nòstra dimòra —,— questa è la nostra dimora —,<sos> quèsta è la nòstra dimòra <eos>,<sos> questa è la nostra dimora <eos>
l'à ciapàt la burasca,s'è imbattuto nella burrasca,<sos> l'à ciapàt la burasca <eos>,<sos> s'è imbattuto nella burrasca <eos>
te hé a higür che 'l ta ciàpa hübet,sei sicuro che ti prenderanno subito,<sos> te hé a higür che 'l ta ciàpa hübet <eos>,<sos> sei sicuro che ti prenderanno subito <eos>
e per om pó de tép,per un po' di tempo,<sos> e per om pó de tép <eos>,<sos> per un po' di tempo <eos>
l'à stri-àt sö tüt a' 'l lensöl,ha sporcato tutto il lenzuolo,<sos> l'à stri-àt sö tüt a' 'l lensöl <eos>,<sos> ha sporcato tutto il lenzuolo <eos>
— 'ndét a fà ché té? —,— cosa vai a fare? ,<sos> 'ndét a fà ché té ? <eos>,<sos> cosa vai a fare ? <eos>
di-ente,quando divento /  /  /  /  /  /  /  ;  /  / ,<sos> di-ente <eos>,<sos> quando divento <eos>
he te hé bù de fà chèl che te 'é de fa,se farai come devi fare,<sos> he te hé bù de fà chèl che te 'é de fa <eos>,<sos> se farai come devi fare <eos>
l'à hpehegàt a scri-ìga,s'è affrettata a scrivere,<sos> l'à hpehegàt a scri-ìga <eos>,<sos> s'è affrettata a scrivere <eos>
"và bé', lé l'è 'ndàdå 'n dol lèt contétå perchè l'à dìc:",lei è andata a letto contenta dicendosi,"<sos> và bé' , lé l'è 'ndàdå 'n dol lèt contétå perchè l'à dìc <eos>",<sos> lei è andata a letto contenta dicendosi <eos>
la gh'à fàt sà sénå,gli ha dato da mangiare,<sos> la gh'à fàt sà sénå <eos>,<sos> gli ha dato da mangiare <eos>
stì atènc che negü i è mài turnàc endré ìf de chèla àl ché,state attenti che mai nessuno è tornato indietro vivo da qui,<sos> stì atènc che negü i è mài turnàc endré ìf de chèla àl ché <eos>,<sos> state attenti che mai nessuno è tornato indietro vivo da qui <eos>
l'è di àgn mé che só sótå tèrå,sono sottoterra da tanti anni,<sos> l'è di àgn mé che só sótå tèrå <eos>,<sos> sono sottoterra da tanti anni <eos>
e lé la gh'à 'nsignàt bé 'ndùe l'érå,lei ha insegnato dov'era,<sos> e lé la gh'à 'nsignàt bé 'ndùe l'érå <eos>,<sos> lei ha insegnato dov'era <eos>
"ma profónt, profónt",molto profondo,"<sos> ma profónt , profónt <eos>",<sos> molto profondo <eos>
ål sét gió hótå li finèstre,sente sotto le finestre,<sos> ål sét gió hótå li finèstre <eos>,<sos> sente sotto le finestre <eos>
m'à fai gna' ö falì de 'ì,non abbiamo fatto nemmeno un po' di vino,<sos> m'à fai gna' ö falì de 'ì <eos>,<sos> non abbiamo fatto nemmeno un po' di vino <eos>
e 'l gh'à dìt:,il cacciatore gli ha detto:,<sos> e 'l gh'à dìt <eos>,<sos> il cacciatore gli ha detto <eos>
che h' meterì dré a fà,che comincerete a fare oggi,<sos> che h' meterì dré a fà <eos>,<sos> che comincerete a fare oggi <eos>
"pò l'è pahàt sö, l'è 'ndàt amò 'n dul lèt","è salito, è andato ancora a letto","<sos> pò l'è pahàt sö , l'è 'ndàt amò 'n dul lèt <eos>","<sos> è salito , è andato ancora a letto <eos>"
ü bèl dé,un bel giorno,<sos> ü bèl dé <eos>,<sos> un bel giorno <eos>
e gliùra 'sto póer òm rahegnàt,allora quel poveruomo rassegnato,<sos> e gliùra 'sto póer òm rahegnàt <eos>,<sos> allora quel poveruomo rassegnato <eos>
chi che è,che mi ha beccato!,<sos> chi che è <eos>,<sos> che mi ha beccato ! <eos>
ma 'mpiantélå,piantatela,<sos> ma 'mpiantélå <eos>,<sos> piantatela <eos>
e lü chèl màt,e quello matto,<sos> e lü chèl màt <eos>,<sos> e quello matto <eos>
hènsa bràs,senza braccia,<sos> hènsa bràs <eos>,<sos> senza braccia <eos>
và,vai,<sos> và <eos>,<sos> vai <eos>
però,ma,<sos> però <eos>,<sos> ma <eos>
— mè ó streàt la tal...,— io ho stregato la tale...,<sos> mè ó streàt la tal . . . <eos>,<sos> io ho stregato la tale . . . <eos>
— ma...,— ma...,<sos> ma . . . <eos>,<sos> ma . . . <eos>
làhem tirà la mé tila che 'l vé śamó 'l sul,stenderò la tela perché già arriva il sole,<sos> làhem tirà la mé tila che 'l vé śamó 'l sul <eos>,<sos> stenderò la tela perché già arriva il sole <eos>
té saltå fò,esci,<sos> té saltå fò <eos>,<sos> esci <eos>
— béh,beh,<sos> béh <eos>,<sos> beh <eos>
té te gh'é mìå de laurå,tu non hai lavoro,<sos> té te gh'é mìå de laurå <eos>,<sos> tu non hai lavoro <eos>
"— béh, àrdå perchè te sé fradèl","— beh guarda, poiché sei mio fratello","<sos> béh , àrdå perchè te sé fradèl <eos>","<sos> beh guarda , poiché sei mio fratello <eos>"
l'à girat,ha girato,<sos> l'à girat <eos>,<sos> ha girato <eos>
i nòs' paréc,i nostri parenti,<sos> i nòs' paréc <eos>,<sos> i nostri parenti <eos>
Móro!,Moro!,<sos> móro ! <eos>,<sos> moro ! <eos>
l'è éra che l'e ö famèi ma però,è vero che è un famiglio,<sos> l'è éra che l'e ö famèi ma però <eos>,<sos> è vero che è un famiglio <eos>
'l s'è durmentàt sübit,si è addormentato subito,<sos> 'l s'è durmentàt sübit <eos>,<sos> si è addormentato subito <eos>
e lü l'è füśgìt,lui è fuggito,<sos> e lü l'è füśgìt <eos>,<sos> lui è fuggito <eos>
— i stà ché 'n dù,— resteranno in due,<sos> i stà ché 'n dù <eos>,<sos> resteranno in due <eos>
e pò lé i gi à menài fò 'n piàha,poi li hanno portati in piazza,<sos> e pò lé i gi à menài fò 'n piàha <eos>,<sos> poi li hanno portati in piazza <eos>
'ta lé la fà-a aparì nènt,lei ha fatto finta di niente,<sos> 'ta lé la fà-a aparì nènt <eos>,<sos> lei ha fatto finta di niente <eos>
ol vént,a causa del vento,<sos> ol vént <eos>,<sos> a causa del vento <eos>
töt ol paìh al vedìa töt öna fìàma,al paese vedevano tutto questo fuoco,<sos> töt ol paìh al vedìa töt öna fìàma <eos>,<sos> al paese vedevano tutto questo fuoco <eos>
e ciamà tüc i bes-ciàm,per chiamare tutti gli animali,<sos> e ciamà tüc i bes-ciàm <eos>,<sos> per chiamare tutti gli animali <eos>
— 'ndì 'n del vòs' càp — al dìh —,— andate nei vostri campi,<sos> 'ndì 'n del vòs' càp al dìh <eos>,<sos> andate nei vostri campi <eos>
'n punì de pà,un po' di pane,<sos> 'n punì de pà <eos>,<sos> un po' di pane <eos>
pòtå lu l'è 'ndàt,lui è andato,<sos> pòtå lu l'è 'ndàt <eos>,<sos> lui è andato <eos>
i à sintìt che la nòt,hanno sentito che di notte,<sos> i à sintìt che la nòt <eos>,<sos> hanno sentito che di notte <eos>
di sò papà l'è mórt,il papà è morto,<sos> di sò papà l'è mórt <eos>,<sos> il papà è morto <eos>
'n cràpå de fa,in testa di fare,<sos> 'n cràpå de fa <eos>,<sos> in testa di fare <eos>
e hercà la carità,a chiedere la carità,<sos> e hercà la carità <eos>,<sos> a chiedere la carità <eos>
— 'l dìh — ehcüsem tànt,"— guarda, scusami tanto",<sos> 'l dìh ehcüsem tànt <eos>,"<sos> guarda , scusami tanto <eos>"
te ghe a mandet ala tò màmå,li mandi alla tua mamma,<sos> te ghe a mandet ala tò màmå <eos>,<sos> li mandi alla tua mamma <eos>
ghe śbate śó ergóta de mangià,vi butto qualcosa da mangiare,<sos> ghe śbate śó ergóta de mangià <eos>,<sos> vi butto qualcosa da mangiare <eos>
"e chèl ål gi à dìt: — hé hé, daglio —",che ha detto: — dagliela! —,"<sos> e chèl ål gi à dìt hé hé , daglio <eos>",<sos> che ha detto dagliela ! <eos>
i s'è metìc,si sono messi,<sos> i s'è metìc <eos>,<sos> si sono messi <eos>
« 'esto! le galine le fà i öf,« le galline fanno le uova,<sos> 'esto ! le galine le fà i öf <eos>,<sos> le galline fanno le uova <eos>
— per guarì chèl lé,— guarirlo,<sos> per guarì chèl lé <eos>,<sos> guarirlo <eos>
e lü l'è stàt via amó 'm pó,quando i combattimenti sono finiti,<sos> e lü l'è stàt via amó 'm pó <eos>,<sos> quando i combattimenti sono finiti <eos>
la sarà la prìncipèsa amò cóme prìmå,sarà ancora la principessa come prima,<sos> la sarà la prìncipèsa amò cóme prìmå <eos>,<sos> sarà ancora la principessa come prima <eos>
'n del tàl post,nel tal posto,<sos> 'n del tàl post <eos>,<sos> nel tal posto <eos>
'l gh'è mìa ri-àt a ciapài,non è riuscito a prenderli,<sos> 'l gh'è mìa ri-àt a ciapài <eos>,<sos> non è riuscito a prenderli <eos>
— ma l'è 'mpusìbel,— ma è impossibile,<sos> ma l'è 'mpusìbel <eos>,<sos> ma è impossibile <eos>
"l' gh'è so intequàter lèc, tüc desfàc gió",c'erano ventiquattro letti disfatti,"<sos> l' gh'è so intequàter lèc , tüc desfàc gió <eos>",<sos> c'erano ventiquattro letti disfatti <eos>
— ah madóna mé! — l'a dìt — farói pò cumè e dàf de mangià e tüc? — fé gliùrå,— madonna! come farò a dar da mangiare a tutti? — allora,<sos> ah madóna mé ! l'a dìt farói pò cumè e dàf de mangià e tüc ? fé gliùrå <eos>,<sos> madonna ! come farò a dar da mangiare a tutti ? allora <eos>
'l h'è troàt pentìt,s'è trovato pentito,<sos> 'l h'è troàt pentìt <eos>,<sos> s'è trovato pentito <eos>
l'à dìt: — chi él chi che arà cambiàt le lètre?,poi hanno detto: — qualcuno le ha corrette!,<sos> l'à dìt chi él chi che arà cambiàt le lètre ? <eos>,<sos> poi hanno detto qualcuno le ha corrette ! <eos>
la s'è metìdå dré a lücià,lei s'è messa a piangere,<sos> la s'è metìdå dré a lücià <eos>,<sos> lei s'è messa a piangere <eos>
'l ga dà hö de maià ai bès-ce,dà da mangiare alle bestie,<sos> 'l ga dà hö de maià ai bès-ce <eos>,<sos> dà da mangiare alle bestie <eos>
födèhei mórt tüc!,fossero tutti morti!,<sos> födèhei mórt tüc ! <eos>,<sos> fossero tutti morti ! <eos>
"a scircala, la l'à troàda","a cercarla, l'ha trovata","<sos> a scircala , la l'à troàda <eos>","<sos> a cercarla , l'ha trovata <eos>"
ål gh'à dìt: — nò — 'l dìs — perchè ù sercàt de salvàt tè,"ma lui: — no, perché ho cercato di salvare",<sos> ål gh'à dìt nò 'l dìs perchè ù sercàt de salvàt tè <eos>,"<sos> ma lui no , perché ho cercato di salvare <eos>"
la gh'à piö scri-ìt,lei non gli ha più scritto,<sos> la gh'à piö scri-ìt <eos>,<sos> lei non gli ha più scritto <eos>
vìtå beàtå però,vita beata,<sos> vìtå beàtå però <eos>,<sos> vita beata <eos>
o fórse i sarà pò a' sparìt perché,o forse quelli stavolta saranno spariti,<sos> o fórse i sarà pò a' sparìt perché <eos>,<sos> o forse quelli stavolta saranno spariti <eos>
di suldàc,dei soldati,<sos> di suldàc <eos>,<sos> dei soldati <eos>
l'à ciapàt la pura,ha preso paura,<sos> l'à ciapàt la pura <eos>,<sos> ha preso paura <eos>
pòtå lü 'l gh'è htàt ü méh ilò,lui è rimasto là un mese,<sos> pòtå lü 'l gh'è htàt ü méh ilò <eos>,<sos> lui è rimasto là un mese <eos>
hicóme l'éra 'ndàt em pó a caha 'nhèma col ho padrù,siccome era andato un po' a caccia col suo padrone,<sos> hicóme l'éra 'ndàt em pó a caha 'nhèma col ho padrù <eos>,<sos> siccome era andato un po' a caccia col suo padrone <eos>
gió gió gió,giù e giù,<sos> gió gió gió <eos>,<sos> giù e giù <eos>
pò è partìc töi dù,poi sono partiti tutti e due,<sos> pò è partìc töi dù <eos>,<sos> poi sono partiti tutti e due <eos>
forse le pene di quel bel fior,forse le pene di quel bel fior,<sos> forse le pene di quel bel fior <eos>,<sos> forse le pene di quel bel fior <eos>
che mol metì höla spala,e attaccatemeli sulle spalle,<sos> che mol metì höla spala <eos>,<sos> e attaccatemeli sulle spalle <eos>
i n' davrìs dói,ne aprono due,<sos> i n' davrìs dói <eos>,<sos> ne aprono due <eos>
cór cór ala hvèlta 'ntàt che gh'è de-èrt amò le bütighe!,fai presto intanto che sono ancora aperte le botteghe! —,<sos> cór cór ala hvèlta 'ntàt che gh'è de-èrt amò le bütighe ! <eos>,<sos> fai presto intanto che sono ancora aperte le botteghe ! <eos>
'l sò òm ål và a sercàlå,suo marito va a cercarla:,<sos> 'l sò òm ål và a sercàlå <eos>,<sos> suo marito va a cercarla <eos>
— pòtå — 'l dìs — m'endarà 'n sércå de fürtünå,— andremo in cerca di fortuna,<sos> pòtå 'l dìs m'endarà 'n sércå de fürtünå <eos>,<sos> andremo in cerca di fortuna <eos>
lü,lui,<sos> lü <eos>,<sos> lui <eos>
al ha férma,si ferma,<sos> al ha férma <eos>,<sos> si ferma <eos>
l'à riprendìt la ìtå,ha ripreso vita,<sos> l'à riprendìt la ìtå <eos>,<sos> ha ripreso vita <eos>
i pàhå con d'önå profes-ciù,passa una processione,<sos> i pàhå con d'önå profes-ciù <eos>,<sos> passa una processione <eos>
e óter,e altro,<sos> e óter <eos>,<sos> e altro <eos>
e gliùrå i è restài decórde 'ssè,così sono rimasti d'accordo,<sos> e gliùrå i è restài decórde 'ssè <eos>,<sos> così sono rimasti d'accordo <eos>
dù dèi mé hòci!,dei miei due soci!,<sos> dù dèi mé hòci ! <eos>,<sos> dei miei due soci ! <eos>
e 'l gh'à cüntàt tütå la stóriå,e le ha raccontato tutta la storia,<sos> e 'l gh'à cüntàt tütå la stóriå <eos>,<sos> e le ha raccontato tutta la storia <eos>
tütå bèlå,tutta bella,<sos> tütå bèlå <eos>,<sos> tutta bella <eos>
i ha mèt en cù-a,si sono messi in fila,<sos> i ha mèt en cù-a <eos>,<sos> si sono messi in fila <eos>
pò la 'é hö,poi torna,<sos> pò la 'é hö <eos>,<sos> poi torna <eos>
perchè he nò,perché,<sos> perchè he nò <eos>,<sos> perché <eos>
e alura anche lü,allora anche lui,<sos> e alura anche lü <eos>,<sos> allora anche lui <eos>
gh'ìa lé chi che regu-ìå 'l furmét:,lì c'erano quelli che raccoglievano il frumento:,<sos> gh'ìa lé chi che regu-ìå 'l furmét <eos>,<sos> lì c'erano quelli che raccoglievano il frumento <eos>
pò la s'è purtàdå 'n fò,poi si è spostata più in là,<sos> pò la s'è purtàdå 'n fò <eos>,<sos> poi si è spostata più in là <eos>
difati 'l sò fradèl ål s'è preśentàt sübit,infatti è comparso subito il fratello,<sos> difati 'l sò fradèl ål s'è preśentàt sübit <eos>,<sos> infatti è comparso subito il fratello <eos>
che iér ó mangiat sùl che ü uśilì!,ieri ho mangiato solo un uccellino!,<sos> che iér ó mangiat sùl che ü uśilì ! <eos>,<sos> ieri ho mangiato solo un uccellino ! <eos>
quàndo la gh'érå pròpe ri-àdå a tra 'nsèma amò bé bé tüt tüt,quando era riuscita a rimettere insieme tutto,<sos> quàndo la gh'érå pròpe ri-àdå a tra 'nsèma amò bé bé tüt tüt <eos>,<sos> quando era riuscita a rimettere insieme tutto <eos>
'm punì de puléntå 'n dol làt,un po' di polenta nel latte,<sos> 'm punì de puléntå 'n dol làt <eos>,<sos> un po' di polenta nel latte <eos>
che s' sét pié de śét che càntå jó hót ela mé cà? »,si sente un sacco di gente cantare sotto la mia casa »,<sos> che s' sét pié de śét che càntå jó hót ela mé cà ? <eos>,<sos> si sente un sacco di gente cantare sotto la mia casa <eos>
e gliò,e lì,<sos> e gliò <eos>,<sos> e lì <eos>
e lé l'à piö ìst nigü,e lei non ha visto più nessun,<sos> e lé l'à piö ìst nigü <eos>,<sos> e lei non ha visto più nessun <eos>
e dòpo i à fàt ünå fèstå e 'stå vólp,loro hanno continuato la festa,<sos> e dòpo i à fàt ünå fèstå e 'stå vólp <eos>,<sos> loro hanno continuato la festa <eos>
e lé gliùrå la fà:,allora lei:,<sos> e lé gliùrå la fà <eos>,<sos> allora lei <eos>
che te gh'aré schise a tölå sö,avrai schifo a prenderla,<sos> che te gh'aré schise a tölå sö <eos>,<sos> avrai schifo a prenderla <eos>
la 'à lé 'ssé viśì a 'sta fontana,lei si è avvicinata alla fontana,<sos> la 'à lé 'ssé viśì a 'sta fontana <eos>,<sos> lei si è avvicinata alla fontana <eos>
óter! »,altro!,<sos> óter ! <eos>,<sos> altro ! <eos>
— chèl fiöl ché l'à purtàt li sèt crape,— questo ragazzo ha portato le sette teste,<sos> chèl fiöl ché l'à purtàt li sèt crape <eos>,<sos> questo ragazzo ha portato le sette teste <eos>
'ste póer màrter strafelàc nèh!,trafelati,<sos> 'ste póer màrter strafelàc nèh ! <eos>,<sos> trafelati <eos>
lùr i è partìc,loro sono partiti,<sos> lùr i è partìc <eos>,<sos> loro sono partiti <eos>
ma nüminàei mé?,ma ero nominato io?,<sos> ma nüminàei mé ? <eos>,<sos> ma ero nominato io ? <eos>
lé l'è sö 'ngiünüchiàdå gió,lei è là inginocchiata,<sos> lé l'è sö 'ngiünüchiàdå gió <eos>,<sos> lei è là inginocchiata <eos>
cavrignér e holdàc,carabinieri e soldati,<sos> cavrignér e holdàc <eos>,<sos> carabinieri e soldati <eos>
la matina,al mattino,<sos> la matina <eos>,<sos> al mattino <eos>
"ala hvèlta, ala mèi",così alla bell'e meglio,"<sos> ala hvèlta , ala mèi <eos>",<sos> così alla bell'e meglio <eos>
a tènde li óche,a badare alle oche,<sos> a tènde li óche <eos>,<sos> a badare alle oche <eos>
e 'ndà,a cercarla,<sos> e 'ndà <eos>,<sos> a cercarla <eos>
töta cuntétå,era tutta contenta,<sos> töta cuntétå <eos>,<sos> era tutta contenta <eos>
ma chi lo sa il perchè?,ma chi lo sa il perché?,<sos> ma chi lo sa il perchè ? <eos>,<sos> ma chi lo sa il perché ? <eos>
'ndaró śó 'n del pèc,andrò nella mammella,<sos> 'ndaró śó 'n del pèc <eos>,<sos> andrò nella mammella <eos>
ölta stà fò ö mìh,questa volta,<sos> ölta stà fò ö mìh <eos>,<sos> questa volta <eos>
— ö stöpèl per minå...,— un bozzolo per mina...,<sos> ö stöpèl per minå . . . <eos>,<sos> un bozzolo per mina . . . <eos>
ma,ma,<sos> ma <eos>,<sos> ma <eos>
dòpo l'è sta' 'm pó amò quàch dé po',"s'è fermato a casa qualche giorno, poi",<sos> dòpo l'è sta' 'm pó amò quàch dé po' <eos>,"<sos> s'è fermato a casa qualche giorno , poi <eos>"
— stàngå pìcå dài!,— stanga picchia dai!,<sos> stàngå pìcå dài ! <eos>,<sos> stanga picchia dai ! <eos>
e 'l gh'éra hö i sólc de pagala,con i soldi per pagarla,<sos> e 'l gh'éra hö i sólc de pagala <eos>,<sos> con i soldi per pagarla <eos>
al dìs:,dice:,<sos> al dìs <eos>,<sos> dice <eos>
e dòpo 'l gh'à dìt:,e poi ha detto:,<sos> e dòpo 'l gh'à dìt <eos>,<sos> e poi ha detto <eos>
'estå stórgiå de trà li hórc,questa storia è andata avanti per molto tempo,<sos> 'estå stórgiå de trà li hórc <eos>,<sos> questa storia è andata avanti per molto tempo <eos>
tüc chi laùr ogliò,tutte quelle cose,<sos> tüc chi laùr ogliò <eos>,<sos> tutte quelle cose <eos>
l'è 'gnìt gió dré al camì,è caduta dal camino,<sos> l'è 'gnìt gió dré al camì <eos>,<sos> è caduta dal camino <eos>
che l'è 'gnìt fò per dì la mèhå,per dire la messa,<sos> che l'è 'gnìt fò per dì la mèhå <eos>,<sos> per dire la messa <eos>
'ndo ca la rìa gliò ala porta,quando arriva alla porta,<sos> 'ndo ca la rìa gliò ala porta <eos>,<sos> quando arriva alla porta <eos>
de màrmor a' té cumpàgn di óter,di marmo come gli altri,<sos> de màrmor a' té cumpàgn di óter <eos>,<sos> di marmo come gli altri <eos>
« mé tanto hó 'l famèi,« tanto io sono il famiglio,<sos> mé tanto hó 'l famèi <eos>,<sos> tanto io sono il famiglio <eos>
— di chi sarà tutto quésto bèl frumento? —,— di chi sarà tutto questo bel frumento? —,<sos> di chi sarà tutto quésto bèl frumento ? <eos>,<sos> di chi sarà tutto questo bel frumento ? <eos>
lé l'à mìå ìst,lei non aveva visto,<sos> lé l'à mìå ìst <eos>,<sos> lei non aveva visto <eos>
è 'ndài de déter,sono entrati,<sos> è 'ndài de déter <eos>,<sos> sono entrati <eos>
'l rìa miga,non arriva proprio,<sos> 'l rìa miga <eos>,<sos> non arriva proprio <eos>
perchè i gh'ìa mìa de haì cóha gh'éra dét,perché non dovevano sapere cosa ci fosse dentro,<sos> perchè i gh'ìa mìa de haì cóha gh'éra dét <eos>,<sos> perché non dovevano sapere cosa ci fosse dentro <eos>
fina che l'è ri-àda,finché è arrivata,<sos> fina che l'è ri-àda <eos>,<sos> finché è arrivata <eos>
e 'l gh'à dìt:,e il mago le ha detto:,<sos> e 'l gh'à dìt <eos>,<sos> e il mago le ha detto <eos>
lü gliùra 'l ga cönta hö la hò avventura,così lui racconta la sua avventura,<sos> lü gliùra 'l ga cönta hö la hò avventura <eos>,<sos> così lui racconta la sua avventura <eos>
e òt nòc,e otto notti,<sos> e òt nòc <eos>,<sos> e otto notti <eos>
e i è 'ndàc inàc,hanno continuato,<sos> e i è 'ndàc inàc <eos>,<sos> hanno continuato <eos>
che he te la lahet escapà chèla mórt che 'm gh'ìa de faga fà a lé te la fé té,che se la lasci scappare faremo fare a te la morte che doveva fare lei,<sos> che he te la lahet escapà chèla mórt che 'm gh'ìa de faga fà a lé te la fé té <eos>,<sos> che se la lasci scappare faremo fare a te la morte che doveva fare lei <eos>
cóme l'è stàt de fò,è stata di fuori,<sos> cóme l'è stàt de fò <eos>,<sos> è stata di fuori <eos>
però,però,<sos> però <eos>,<sos> però <eos>
trì,tre,<sos> trì <eos>,<sos> tre <eos>
la pégurå la 'à hö 'n dul lèt e hlongàs,la pecora allungata nel letto,<sos> la pégurå la 'à hö 'n dul lèt e hlongàs <eos>,<sos> la pecora allungata nel letto <eos>
i à fàt amò òt o dèh méter deànti,hanno fatto ancora otto o dieci metri in avanti,<sos> i à fàt amò òt o dèh méter deànti <eos>,<sos> hanno fatto ancora otto o dieci metri in avanti <eos>
estå clòhå cói pu-ì d'ór,la chioccia coi pulcini d'oro,<sos> estå clòhå cói pu-ì d'ór <eos>,<sos> la chioccia coi pulcini d'oro <eos>
te m'é bütàt in àriå tüt,hai buttato per aria tutto,<sos> te m'é bütàt in àriå tüt <eos>,<sos> hai buttato per aria tutto <eos>
l'érå mìå tàt cunvìntå ma però...,"non era del tutto convinta, ma...",<sos> l'érå mìå tàt cunvìntå ma però . . . <eos>,"<sos> non era del tutto convinta , ma . . . <eos>"
màndei sö a t'ö,mandali lassù a prendere,<sos> màndei sö a t'ö <eos>,<sos> mandali lassù a prendere <eos>
pòtå i capì-a mìå che mistèro che gh'érå déter,non si capiva che mistero ci fosse,<sos> pòtå i capì-a mìå che mistèro che gh'érå déter <eos>,<sos> non si capiva che mistero ci fosse <eos>
de 'sti bande ché 'm vèt mài,da queste parti non vediamo mai,<sos> de 'sti bande ché 'm vèt mài <eos>,<sos> da queste parti non vediamo mai <eos>
che to ghe l'é perché,qui lo trovi perché,<sos> che to ghe l'é perché <eos>,<sos> qui lo trovi perché <eos>
gliùrå lé l'è 'ndàt amò,allora è andato ancora,<sos> gliùrå lé l'è 'ndàt amò <eos>,<sos> allora è andato ancora <eos>
sö 'n chèlå muntagnìnå sö ché,su questa montagnetta,<sos> sö 'n chèlå muntagnìnå sö ché <eos>,<sos> su questa montagnetta <eos>
e 'l gh'à dìt: — scùltå,ha aggiunto: — ascolta,<sos> e 'l gh'à dìt scùltå <eos>,<sos> ha aggiunto ascolta <eos>
essè 'm gh'arà piö 'l laurà gnamò e po',così non avremo più lavoro e poi,<sos> essè 'm gh'arà piö 'l laurà gnamò e po' <eos>,<sos> così non avremo più lavoro e poi <eos>
è intetrì,sono ventitré,<sos> è intetrì <eos>,<sos> sono ventitré <eos>
— àrdå che merà fórse che te àet a' piö tànt,— guarda che forse dovrai anche restarci di più,<sos> àrdå che merà fórse che te àet a' piö tànt <eos>,<sos> guarda che forse dovrai anche restarci di più <eos>
istìdå màl,malvestita,<sos> istìdå màl <eos>,<sos> malvestita <eos>
di mòdo che la gh'ès de 'nà śó amó ön 'ótra ólta,in modo che cadesse un'altra volta,<sos> di mòdo che la gh'ès de 'nà śó amó ön 'ótra ólta <eos>,<sos> in modo che cadesse un'altra volta <eos>
bagnàdå,bagnata,<sos> bagnàdå <eos>,<sos> bagnata <eos>
— möet pò che hó 'ssè famàt,— svegliati che ho tanta fame!,<sos> möet pò che hó 'ssè famàt <eos>,<sos> svegliati che ho tanta fame ! <eos>
chèl piö ansiàno,quello più anziano,<sos> chèl piö ansiàno <eos>,<sos> quello più anziano <eos>
l'è 'l dé d' Nedàl e 'm laùra miga —,è il giorno di Natale e non lavoriamo —,<sos> l'è 'l dé d' nedàl e 'm laùra miga <eos>,<sos> è il giorno di natale e non lavoriamo <eos>
'm sercarà de mangià nóter —,cercheremo di mangiare noi —,<sos> 'm sercarà de mangià nóter <eos>,<sos> cercheremo di mangiare noi <eos>
'n chèl framèh lé paha mìa śó 'l lüf?,nel frattempo è passato il lupo,<sos> 'n chèl framèh lé paha mìa śó 'l lüf ? <eos>,<sos> nel frattempo è passato il lupo <eos>
al gh'è ri-àt lü a ri-à fìnå sö,è riuscito ad arrivare fino,<sos> al gh'è ri-àt lü a ri-à fìnå sö <eos>,<sos> è riuscito ad arrivare fino <eos>
— nò,— no,<sos> nò <eos>,<sos> no <eos>
— té l'ét troàt té?,— l'hai trovato?,<sos> té l'ét troàt té ? <eos>,<sos> l'hai trovato ? <eos>
— sa regórdet la prìmå nòt,— ti ricordi la prima notte,<sos> sa regórdet la prìmå nòt <eos>,<sos> ti ricordi la prima notte <eos>
lü la sérå,il marito di sera,<sos> lü la sérå <eos>,<sos> il marito di sera <eos>
i nòs paréc,i nostri parenti,<sos> i nòs paréc <eos>,<sos> i nostri parenti <eos>
ma 'l perduna po' 'ssé — 'l dìh — ma,— certo che lo perdoneremmo,<sos> ma 'l perduna po' 'ssé 'l dìh ma <eos>,<sos> certo che lo perdoneremmo <eos>
'l n'è restàt piö gna' ö bucù,non ne è rimasto neppure un boccone,<sos> 'l n'è restàt piö gna' ö bucù <eos>,<sos> non ne è rimasto neppure un boccone <eos>
mé — 'l dìs — n'ó ìst tàc,ne ho visti tanti,<sos> mé 'l dìs n'ó ìst tàc <eos>,<sos> ne ho visti tanti <eos>
'ssé i la edìa miga,così non la vedevano,<sos> 'ssé i la edìa miga <eos>,<sos> così non la vedevano <eos>
— carità,— carità,<sos> carità <eos>,<sos> carità <eos>
e i gh'éå dù fiöi,avevano due figli,<sos> e i gh'éå dù fiöi <eos>,<sos> avevano due figli <eos>
chèl laśarù l'à ciapàt gna' ö pèh — al dìh —,« quel lazzarone non ha preso neanche un pesce,<sos> chèl laśarù l'à ciapàt gna' ö pèh al dìh <eos>,<sos> quel lazzarone non ha preso neanche un pesce <eos>
"e töt, perchè tüt chi che 'é ché",come tutti gli altri,"<sos> e töt , perchè tüt chi che 'é ché <eos>",<sos> come tutti gli altri <eos>
lùr,i fratelli,<sos> lùr <eos>,<sos> i fratelli <eos>
tàt brütå,tanto brutta,<sos> tàt brütå <eos>,<sos> tanto brutta <eos>
de cristàl,di cristallo,<sos> de cristàl <eos>,<sos> di cristallo <eos>
ché 'n sala granda,nella sala grande,<sos> ché 'n sala granda <eos>,<sos> nella sala grande <eos>
me,io,<sos> me <eos>,<sos> io <eos>
adès te perdune,ti perdono,<sos> adès te perdune <eos>,<sos> ti perdono <eos>
— ah — li à dìt —,— ah — hanno detto —,<sos> ah li à dìt <eos>,<sos> ah hanno detto <eos>
la l'à fàt endà de déter,lo ha fatto entrare,<sos> la l'à fàt endà de déter <eos>,<sos> lo ha fatto entrare <eos>
— ma béh àrdå,— ma guarda!,<sos> ma béh àrdå <eos>,<sos> ma guarda ! <eos>
la sént ön'uśatìnå,sente una voce tanto flebile,<sos> la sént ön'uśatìnå <eos>,<sos> sente una voce tanto flebile <eos>
per gér sérå la mé surèlå la m'à perdunàt,ieri sera mia sorella mi ha perdonato,<sos> per gér sérå la mé surèlå la m'à perdunàt <eos>,<sos> ieri sera mia sorella mi ha perdonato <eos>
perchè se chèlå persùnå gliò la 'à mìå sö a fàs mangià,perché se non va a farsi mangiare,<sos> perchè se chèlå persùnå gliò la 'à mìå sö a fàs mangià <eos>,<sos> perché se non va a farsi mangiare <eos>
e gliùra 'hto òm,allora quell'uomo,<sos> e gliùra 'hto òm <eos>,<sos> allora quell'uomo <eos>
"ma lé l'a mìa scultàt, l'à töt sö","ma lei non ha ascoltato, ha preso","<sos> ma lé l'a mìa scultàt , l'à töt sö <eos>","<sos> ma lei non ha ascoltato , ha preso <eos>"
i và mìa decórde,non vanno d'accordo,<sos> i và mìa decórde <eos>,<sos> non vanno d'accordo <eos>
quando l'è stàt fósch,quando s'è fatto buio,<sos> quando l'è stàt fósch <eos>,<sos> quando s'è fatto buio <eos>
söi sinquànt'àgn,sui cinquant'anni,<sos> söi sinquànt'àgn <eos>,<sos> sui cinquant'anni <eos>
l'è 'gnìt ondré cóla sà àcquå,è tornato indietro con l'acqua,<sos> l'è 'gnìt ondré cóla sà àcquå <eos>,<sos> è tornato indietro con l'acqua <eos>
"l'è 'gnìt sö, l'à śgiràt",ha fatto il giro,"<sos> l'è 'gnìt sö , l'à śgiràt <eos>",<sos> ha fatto il giro <eos>
al dìs:,si diceva,<sos> al dìs <eos>,<sos> si diceva <eos>
ünå màmå,una mamma,<sos> ünå màmå <eos>,<sos> una mamma <eos>
gliùrå l'è turnàdå 'ndré,così lei è tornata là,<sos> gliùrå l'è turnàdå 'ndré <eos>,<sos> così lei è tornata là <eos>
e 'l la prégå,lo prega,<sos> e 'l la prégå <eos>,<sos> lo prega <eos>
o che śg'è śgét ostri-àc chi che i gh'è po',o quella è gente stregata,<sos> o che śg'è śgét ostri-àc chi che i gh'è po' <eos>,<sos> o quella è gente stregata <eos>
ma l'è ü sacrifise che te pödet mìå fà —,ma è un sacrificio che non puoi fare —,<sos> ma l'è ü sacrifise che te pödet mìå fà <eos>,<sos> ma è un sacrificio che non puoi fare <eos>
ol dé dopo,il giorno dopo,<sos> ol dé dopo <eos>,<sos> il giorno dopo <eos>
e lü 'l ga dìs,le ha detto,<sos> e lü 'l ga dìs <eos>,<sos> le ha detto <eos>
cóla casa de mórt,con la cassa da morto,<sos> cóla casa de mórt <eos>,<sos> con la cassa da morto <eos>
en de 'sto boscàl »,in questo cespuglio »,<sos> en de 'sto boscàl <eos>,<sos> in questo cespuglio <eos>
— töm dré a' me,— portami con te,<sos> töm dré a' me <eos>,<sos> portami con te <eos>
crehìc e 'ndàc en sö 'sti faśöi,alte a dismisura,<sos> crehìc e 'ndàc en sö 'sti faśöi <eos>,<sos> alte a dismisura <eos>
e difati l'è ri-àt,infatti lui è arrivato,<sos> e difati l'è ri-àt <eos>,<sos> infatti lui è arrivato <eos>
l'è 'nàt a cà cóla hò spuśa e i sò s-cetì,è tornato a casa con la sua sposa e i suoi figli,<sos> l'è 'nàt a cà cóla hò spuśa e i sò s-cetì <eos>,<sos> è tornato a casa con la sua sposa e i suoi figli <eos>
e i óter è 'nàc amò a hercà hö la carità cóme i fà-a,e gli altri sono andati ancora in cerca di carità,<sos> e i óter è 'nàc amò a hercà hö la carità cóme i fà-a <eos>,<sos> e gli altri sono andati ancora in cerca di carità <eos>
'hti fredèi i ga dìh:,i fratelli gli dicono:,<sos> 'hti fredèi i ga dìh <eos>,<sos> i fratelli gli dicono <eos>
e lü l'à fàt sö:,ha corretto:,<sos> e lü l'à fàt sö <eos>,<sos> ha corretto <eos>
e lé è partìc,sono partiti,<sos> e lé è partìc <eos>,<sos> sono partiti <eos>
ü dé,un giorno,<sos> ü dé <eos>,<sos> un giorno <eos>
e dòpo te saré té,e poi sarai tu,<sos> e dòpo te saré té <eos>,<sos> e poi sarai tu <eos>
alura Rośalba la dìs: — ma...,allora Rosalba ha detto:,<sos> alura rośalba la dìs ma . . . <eos>,<sos> allora rosalba ha detto <eos>
pié de fiùr hura,tutto ricoperto di fiori,<sos> pié de fiùr hura <eos>,<sos> tutto ricoperto di fiori <eos>
lé la scultà-a,lei ascoltava,<sos> lé la scultà-a <eos>,<sos> lei ascoltava <eos>
pacìfich e tranquìl,pacifico e tranquillo,<sos> pacìfich e tranquìl <eos>,<sos> pacifico e tranquillo <eos>
ì hét: — chi che béf de 'stå àiguå i di-ènta ü herpént!,sentono: — chi beve quest'acqua diventa un serpente!,<sos> ì hét chi che béf de 'stå àiguå i di-ènta ü herpént ! <eos>,<sos> sentono chi beve quest'acqua diventa un serpente ! <eos>
— madóna mé hó stöfa nèh,"— madonna, sono stanca",<sos> madóna mé hó stöfa nèh <eos>,"<sos> madonna , sono stanca <eos>"
ma béh àrdå! —,ma guarda! —,<sos> ma béh àrdå ! <eos>,<sos> ma guarda ! <eos>
te müriré té,morirai tu,<sos> te müriré té <eos>,<sos> morirai tu <eos>
dunque,dunque:,<sos> dunque <eos>,<sos> dunque <eos>
menemà 'l sènt:,d'un tratto sente,<sos> menemà 'l sènt <eos>,<sos> d'un tratto sente <eos>
ma dòpo li sòi surèle,poi le sorelle,<sos> ma dòpo li sòi surèle <eos>,<sos> poi le sorelle <eos>
perchè prima 'l la menà-a hèmper a scöla lü,perché prima la conduceva sempre a scuola,<sos> perchè prima 'l la menà-a hèmper a scöla lü <eos>,<sos> perché prima la conduceva sempre a scuola <eos>
e alura,così,<sos> e alura <eos>,<sos> così <eos>
quàndo i à hentìt ü budès,quando hanno sentito un baccano,<sos> quàndo i à hentìt ü budès <eos>,<sos> quando hanno sentito un baccano <eos>
per fórsa,per forza,<sos> per fórsa <eos>,<sos> per forza <eos>
la s'è bötàda śó 'n téra,la cerva si è accovacciata in terra,<sos> la s'è bötàda śó 'n téra <eos>,<sos> la cerva si è accovacciata in terra <eos>
"l'à troàt ü lèt, l'è 'ndàdå e durmì","ha trovato un letto, si è coricata","<sos> l'à troàt ü lèt , l'è 'ndàdå e durmì <eos>","<sos> ha trovato un letto , si è coricata <eos>"
peśanti,pesanti,<sos> peśanti <eos>,<sos> pesanti <eos>
pò i turna a picà ala porta,più tardi sentono di nuovo bussare alla porta,<sos> pò i turna a picà ala porta <eos>,<sos> più tardi sentono di nuovo bussare alla porta <eos>
"éra stàc onteligénc, i à capìt","erano stati intelligenti, avevano capito","<sos> éra stàc onteligénc , i à capìt <eos>","<sos> erano stati intelligenti , avevano capito <eos>"
l'è 'gnìt fò ü pér de materàs,ne è uscito un paio di materassi,<sos> l'è 'gnìt fò ü pér de materàs <eos>,<sos> ne è uscito un paio di materassi <eos>
— ma dìl pò e nigü,— non dirlo a nessuno,<sos> ma dìl pò e nigü <eos>,<sos> non dirlo a nessuno <eos>
menemà 'l rìa a cà chèla piö ègia,a un certo punto arriva a casa la più vecchia,<sos> menemà 'l rìa a cà chèla piö ègia <eos>,<sos> a un certo punto arriva a casa la più vecchia <eos>
ś-gàrgiå fò 'l föch,il fuoco non scaturisce,<sos> ś-gàrgiå fò 'l föch <eos>,<sos> il fuoco non scaturisce <eos>
"— nò — 'l dìs — , varde — 'l dìs — i è tròp estöf — al dìh —","— no guardi, sono troppo stanchi","<sos> nò 'l dìs , varde 'l dìs i è tròp estöf al dìh <eos>","<sos> no guardi , sono troppo stanchi <eos>"
la m'à dàt li góśge —,ci ha dato gli aghi —,<sos> la m'à dàt li góśge <eos>,<sos> ci ha dato gli aghi <eos>
e alura chèi fò dét i ghe dìs:,allora quelli dentro dicono:,<sos> e alura chèi fò dét i ghe dìs <eos>,<sos> allora quelli dentro dicono <eos>
— ah turnóm endré —,— torniamo indietro —,<sos> ah turnóm endré <eos>,<sos> torniamo indietro <eos>
la séra la tira fò 'l curtèl,di sera estrae il coltello,<sos> la séra la tira fò 'l curtèl <eos>,<sos> di sera estrae il coltello <eos>
pòta ma 'l temporàl l'infurià-a,ma il temporale infuriava,<sos> pòta ma 'l temporàl l'infurià-a <eos>,<sos> ma il temporale infuriava <eos>
adèh ol temporàl l'è 'm pó pahàt,adesso il temporale si è un po' calmato,<sos> adèh ol temporàl l'è 'm pó pahàt <eos>,<sos> adesso il temporale si è un po' calmato <eos>
al cambia pòht,ha cambiato posto,<sos> al cambia pòht <eos>,<sos> ha cambiato posto <eos>
"e gliùrå adès te töe hö, te pòrte jà —","adesso ti prendo, ti porto via! —","<sos> e gliùrå adès te töe hö , te pòrte jà <eos>","<sos> adesso ti prendo , ti porto via ! <eos>"
tüt amó prónt,tutto è ancora pronto,<sos> tüt amó prónt <eos>,<sos> tutto è ancora pronto <eos>
'à là pórtå pahénså —,porta pazienza —,<sos> 'à là pórtå pahénså <eos>,<sos> porta pazienza <eos>
quàndo che 'l Pómo 'l se desèda fò,quando Pomo si sveglia,<sos> quàndo che 'l pómo 'l se desèda fò <eos>,<sos> quando pomo si sveglia <eos>
in mèh a chèl pià grànt,in mezzo alla pianura,<sos> in mèh a chèl pià grànt <eos>,<sos> in mezzo alla pianura <eos>
pròpe de giórno di nòsse,proprio da giorno di nozze,<sos> pròpe de giórno di nòsse <eos>,<sos> proprio da giorno di nozze <eos>
fét pò chè té ché che 'l gh'è nént,tu cosa fai qui che non c'è niente,<sos> fét pò chè té ché che 'l gh'è nént <eos>,<sos> tu cosa fai qui che non c'è niente <eos>
"cóha gh'ét de èher issé hèmper rabbiùs, gnèch?",da essere sempre così arrabbiato?,"<sos> cóha gh'ét de èher issé hèmper rabbiùs , gnèch ? <eos>",<sos> da essere sempre così arrabbiato ? <eos>
só mìa,non lo so,<sos> só mìa <eos>,<sos> non lo so <eos>
— ma té te gh'é mìa de ardà a chèle ròbe lé,— non devi guardare a queste cose,<sos> ma té te gh'é mìa de ardà a chèle ròbe lé <eos>,<sos> non devi guardare a queste cose <eos>
me che àe jó a diśnà »,devo andare a pranzare »,<sos> me che àe jó a diśnà <eos>,<sos> devo andare a pranzare <eos>
tüc i cüntà-a sö,tutte raccontavano,<sos> tüc i cüntà-a sö <eos>,<sos> tutte raccontavano <eos>
e gliùra,allora,<sos> e gliùra <eos>,<sos> allora <eos>
gli ó dìt,gli ho detto,<sos> gli ó dìt <eos>,<sos> gli ho detto <eos>
se la strìå,se tiene,<sos> se la strìå <eos>,<sos> se tiene <eos>
e 'm mangia e bìf e ma manca negóta,"mangiamo e beviamo, non ci manca niente",<sos> e 'm mangia e bìf e ma manca negóta <eos>,"<sos> mangiamo e beviamo , non ci manca niente <eos>"
pòtå Móro 'l và déter,Moro entra,<sos> pòtå móro 'l và déter <eos>,<sos> moro entra <eos>
che alméno i la mangerà i cà e bùnå nòt —,almeno loro la mangeranno e buona notte —,<sos> che alméno i la mangerà i cà e bùnå nòt <eos>,<sos> almeno loro la mangeranno e buona notte <eos>
l'è 'ndàt en dol lèt,è andato a letto,<sos> l'è 'ndàt en dol lèt <eos>,<sos> è andato a letto <eos>
e dòpo 'l ghe dìs: — öet che adès?,poi le dice: — cosa vuoi adesso?,<sos> e dòpo 'l ghe dìs öet che adès ? <eos>,<sos> poi le dice cosa vuoi adesso ? <eos>
pò i à 'mpi-àt sö,poi hanno acceso,<sos> pò i à 'mpi-àt sö <eos>,<sos> poi hanno acceso <eos>
pò 'l la mèt in bóca per proà,e poi l'ha messa in bocca,<sos> pò 'l la mèt in bóca per proà <eos>,<sos> e poi l'ha messa in bocca <eos>
e 'l pàhå hö,si arrampica,<sos> e 'l pàhå hö <eos>,<sos> si arrampica <eos>
té te pöderèhet espuśàl chèl...,se tu potessi sposarlo...,<sos> té te pöderèhet espuśàl chèl . . . <eos>,<sos> se tu potessi sposarlo . . . <eos>
ài gh'è restàt pròpe piö ni-ént,non le è rimasto proprio più niente,<sos> ài gh'è restàt pròpe piö ni-ént <eos>,<sos> non le è rimasto proprio più niente <eos>
ma dòpo de 'm pó le la h'è htòfàda,ma dopo un po' si è stancata,<sos> ma dòpo de 'm pó le la h'è htòfàda <eos>,<sos> ma dopo un po' si è stancata <eos>
te gh'é gna' famìgliå,non hai neanche famiglia,<sos> te gh'é gna' famìgliå <eos>,<sos> non hai neanche famiglia <eos>
statua di marmo diventerà » —,statua di marmo diventerà » —,<sos> statua di marmo diventerà <eos>,<sos> statua di marmo diventerà <eos>
alura,allora,<sos> alura <eos>,<sos> allora <eos>
'l fà-a per faga i próe,faceva per metterlo alla prova:,<sos> 'l fà-a per faga i próe <eos>,<sos> faceva per metterlo alla prova <eos>
pò la gh'à gna' i bràs,non ha neppure le braccia,<sos> pò la gh'à gna' i bràs <eos>,<sos> non ha neppure le braccia <eos>
l'éra gér,era ieri,<sos> l'éra gér <eos>,<sos> era ieri <eos>
e 'stå màmå l'éra despiràdå,la mamma era disperata,<sos> e 'stå màmå l'éra despiràdå <eos>,<sos> la mamma era disperata <eos>
perchè,perché,<sos> perchè <eos>,<sos> perché <eos>
pòta — 'l dìh —,pota — dice —,<sos> pòta 'l dìh <eos>,<sos> pota dice <eos>
« bandire sùbito,« bandire subito,<sos> bandire sùbito <eos>,<sos> bandire subito <eos>
— nò — 'l dìs — però ön óter laùr,— un'altra cosa però,<sos> nò 'l dìs però ön óter laùr <eos>,<sos> un'altra cosa però <eos>
nóter åm la sà mìå,noi non sappiamo,<sos> nóter åm la sà mìå <eos>,<sos> noi non sappiamo <eos>
l'è stàt desedàt,è rimasto sveglio,<sos> l'è stàt desedàt <eos>,<sos> è rimasto sveglio <eos>
anche 'l canarì-che-pàrlå —,anche il canarino-che-parla —,<sos> anche 'l canarì-che-pàrlå <eos>,<sos> anche il canarino-che-parla <eos>
al vé pròpe sa ol prìncipe,viene il principe in persona,<sos> al vé pròpe sa ol prìncipe <eos>,<sos> viene il principe in persona <eos>
chi sét pò tè?,chi sei tu?,<sos> chi sét pò tè ? <eos>,<sos> chi sei tu ? <eos>
a edì he gh'è ergóta de nöf — al dìh —,a vedere se c'è qualcosa di nuovo,<sos> a edì he gh'è ergóta de nöf al dìh <eos>,<sos> a vedere se c'è qualcosa di nuovo <eos>
che nóter em sè füśgìc e l'arà streàt,che siamo fuggiti e avrà stregato,<sos> che nóter em sè füśgìc e l'arà streàt <eos>,<sos> che siamo fuggiti e avrà stregato <eos>
cóla fanfara,con la fanfara,<sos> cóla fanfara <eos>,<sos> con la fanfara <eos>
pacìfech e tranquì-i,pacifici e tranquilli,<sos> pacìfech e tranquì-i <eos>,<sos> pacifici e tranquilli <eos>
i gh'à dìt: — nóter,e quelli hanno risposto:,<sos> i gh'à dìt nóter <eos>,<sos> e quelli hanno risposto <eos>
l'éra éduvå,era vedova,<sos> l'éra éduvå <eos>,<sos> era vedova <eos>
tùrnå 'ndré!,torna indietro! —,<sos> tùrnå 'ndré ! <eos>,<sos> torna indietro ! <eos>
pò dòpo pòta mè daga hcólt al Hignùr,infatti bisogna dare ascolto al Signore,<sos> pò dòpo pòta mè daga hcólt al hignùr <eos>,<sos> infatti bisogna dare ascolto al signore <eos>
l'è 'ndàdå sö 'n dol pülpi,è salita sul pulpito,<sos> l'è 'ndàdå sö 'n dol pülpi <eos>,<sos> è salita sul pulpito <eos>
i te dirà: « àrdel ché che bèl àlbero! »,ti diranno « guarda che bell'albero! »,<sos> i te dirà àrdel ché che bèl àlbero ! <eos>,<sos> ti diranno guarda che bell'albero ! <eos>
i rìa a cantà 'l Miśerére,arrivano cantando il Miserere,<sos> i rìa a cantà 'l miśerére <eos>,<sos> arrivano cantando il miserere <eos>
e 'l ghe fà gna' caśo a chile stüpidàde che,non bada neanche a queste stupidaggini,<sos> e 'l ghe fà gna' caśo a chile stüpidàde che <eos>,<sos> non bada neanche a queste stupidaggini <eos>
— éh cèrto!,— ah certo,<sos> éh cèrto ! <eos>,<sos> ah certo <eos>
l'éra 'l dì-àol,era il diavolo,<sos> l'éra 'l dì-àol <eos>,<sos> era il diavolo <eos>
söl'àcquå che cùr al mulì,sull'acqua che corre al mulino,<sos> söl'àcquå che cùr al mulì <eos>,<sos> sull'acqua che corre al mulino <eos>
préit ål ge l'à piegàdà hö bé con d'ünå càrtå,il parroco gliel'ha piegata bene in una carta,<sos> préit ål ge l'à piegàdà hö bé con d'ünå càrtå <eos>,<sos> il parroco gliel'ha piegata bene in una carta <eos>
— scùltå Pómo,— ascolta Pomo,<sos> scùltå pómo <eos>,<sos> ascolta pomo <eos>
l'à fàt salta tüc i bànch,ha buttato in aria tutti i banchi,<sos> l'à fàt salta tüc i bànch <eos>,<sos> ha buttato in aria tutti i banchi <eos>
la cór,corre,<sos> la cór <eos>,<sos> corre <eos>
e 'l hotreró »,e lo sotterrerò »,<sos> e 'l hotreró <eos>,<sos> e lo sotterrerò <eos>
l'è la cà dol órco èh,è la casa dell'orco,<sos> l'è la cà dol órco èh <eos>,<sos> è la casa dell'orco <eos>
ma,ma,<sos> ma <eos>,<sos> ma <eos>
òn'estensiù,estensione,<sos> òn'estensiù <eos>,<sos> estensione <eos>
tütå pàciå,fangosa,<sos> tütå pàciå <eos>,<sos> fangosa <eos>
che i è i sò fiöi,che sono i suoi figli,<sos> che i è i sò fiöi <eos>,<sos> che sono i suoi figli <eos>
i è 'ndài de là del fiöm,e sono andati di là,<sos> i è 'ndài de là del fiöm <eos>,<sos> e sono andati di là <eos>
e pà a' 'm pó de mangià perché...,e anche qualcosa da mangiare perché...,<sos> e pà a' 'm pó de mangià perché . . . <eos>,<sos> e anche qualcosa da mangiare perché . . . <eos>
'ssè,così,<sos> 'ssè <eos>,<sos> così <eos>
a ardà se,in cerca,<sos> a ardà se <eos>,<sos> in cerca <eos>
— madóna cóha fàl?,— cosa fa?,<sos> madóna cóha fàl ? <eos>,<sos> cosa fa ? <eos>
i ghe la fà piö,non ce la farebbero più,<sos> i ghe la fà piö <eos>,<sos> non ce la farebbero più <eos>
ü cumpàgn del so,come il suo,<sos> ü cumpàgn del so <eos>,<sos> come il suo <eos>
l'à fàt fìntå de dórme,ha fatto finta di dormire,<sos> l'à fàt fìntå de dórme <eos>,<sos> ha fatto finta di dormire <eos>
l'è mórt carbuniśàt! —,è morto carbonizzato!,<sos> l'è mórt carbuniśàt ! <eos>,<sos> è morto carbonizzato ! <eos>
— tö hö 'l tò fagutì di tò stràs,— prendi il tuo fagottino di stracci,<sos> tö hö 'l tò fagutì di tò stràs <eos>,<sos> prendi il tuo fagottino di stracci <eos>
tütå piénå de fum,tutta piena di fumo,<sos> tütå piénå de fum <eos>,<sos> tutta piena di fumo <eos>
e gliùra ol rè l' dìs,allora il re,<sos> e gliùra ol rè l' dìs <eos>,<sos> allora il re <eos>
— nò nò — la dìh — i h'è mìa metìc dré,"— no, non ancora",<sos> nò nò la dìh i h'è mìa metìc dré <eos>,"<sos> no , non ancora <eos>"
mangì chèl bèl cestì che de fóns,mangiate questo bel cestino di funghi,<sos> mangì chèl bèl cestì che de fóns <eos>,<sos> mangiate questo bel cestino di funghi <eos>
ma hicòme che 'l gh'éra pórå,ma siccome aveva paura,<sos> ma hicòme che 'l gh'éra pórå <eos>,<sos> ma siccome aveva paura <eos>
préghela,pregala,<sos> préghela <eos>,<sos> pregala <eos>
ghe sarà déter,dentro ci saranno,<sos> ghe sarà déter <eos>,<sos> dentro ci saranno <eos>
al rè,al re,<sos> al rè <eos>,<sos> al re <eos>
— ma diga ca 'l sa 'mpiche!,— digli che si impicchi!,<sos> ma diga ca 'l sa 'mpiche ! <eos>,<sos> digli che si impicchi ! <eos>
al vegnìa hö i pèh cóla bóca de-èrta ch'i vurìa mangiài,uscivano i pesci colla bocca aperta che volevano mangiarli,<sos> al vegnìa hö i pèh cóla bóca de-èrta ch'i vurìa mangiài <eos>,<sos> uscivano i pesci colla bocca aperta che volevano mangiarli <eos>
e óltre li promèse dol rè,oltre quello che vi ha promesso il re,<sos> e óltre li promèse dol rè <eos>,<sos> oltre quello che vi ha promesso il re <eos>
gh'è gna' öna fómna che fà la papèssa,non esiste una donna che fa la papessa,<sos> gh'è gna' öna fómna che fà la papèssa <eos>,<sos> non esiste una donna che fa la papessa <eos>
i gh'à dìt de hé,gli han detto di sì,<sos> i gh'à dìt de hé <eos>,<sos> gli han detto di sì <eos>
'l ga dìh ol lügnùr a Piéro:,il Signore dice a Pietro:,<sos> 'l ga dìh ol lügnùr a piéro <eos>,<sos> il signore dice a pietro <eos>
e lùr i dìs:,e quelli:,<sos> e lùr i dìs <eos>,<sos> e quelli <eos>
pò 'l ga dà la lètra al corér,poi ha consegnato la lettera al corriere,<sos> pò 'l ga dà la lètra al corér <eos>,<sos> poi ha consegnato la lettera al corriere <eos>
pie de peöc,pieno di pidocchi,<sos> pie de peöc <eos>,<sos> pieno di pidocchi <eos>
lé la ha mèt dré a fà la hò pastahöta,si mette a fare la pastasciutta,<sos> lé la ha mèt dré a fà la hò pastahöta <eos>,<sos> si mette a fare la pastasciutta <eos>
hò de lü,proprio il suo,<sos> hò de lü <eos>,<sos> proprio il suo <eos>
dòpo te ha stöfet,poi ti stanchi,<sos> dòpo te ha stöfet <eos>,<sos> poi ti stanchi <eos>
cór 'à gió diga ca la ègne sö a' da nù!,corri a dirle che venga anche da noi!,<sos> cór 'à gió diga ca la ègne sö a' da nù ! <eos>,<sos> corri a dirle che venga anche da noi ! <eos>
i fà ü pìcol rinfrèsch,fanno un piccolo rinfresco,<sos> i fà ü pìcol rinfrèsch <eos>,<sos> fanno un piccolo rinfresco <eos>
e 'l vèch a' lü,ed anche lui vede,<sos> e 'l vèch a' lü <eos>,<sos> ed anche lui vede <eos>
"quàndo 'l rìa fò, 'l ga domanda he ga ocór","quando arriva, domanda se occorre","<sos> quàndo 'l rìa fò , 'l ga domanda he ga ocór <eos>","<sos> quando arriva , domanda se occorre <eos>"
giü,un altro,<sos> giü <eos>,<sos> un altro <eos>
e 'ssé harì a' óter,così sarà anche per voi,<sos> e 'ssé harì a' óter <eos>,<sos> così sarà anche per voi <eos>
i sunà-a e,suonavano,<sos> i sunà-a e <eos>,<sos> suonavano <eos>
i à fàt pastì e pastù,hanno fatto pastino e pastone,<sos> i à fàt pastì e pastù <eos>,<sos> hanno fatto pastino e pastone <eos>
e 'l gh'à dìt:,e quello gli ha detto:,<sos> e 'l gh'à dìt <eos>,<sos> e quello gli ha detto <eos>
l'à caminàt,ha camminato,<sos> l'à caminàt <eos>,<sos> ha camminato <eos>
ala principèså? »,alla principessa? »,<sos> ala principèså ? <eos>,<sos> alla principessa ? <eos>
perchè non ò spośato,perché non ho sposato,<sos> perchè non ò spośato <eos>,<sos> perché non ho sposato <eos>
la 'à fò,va fuori,<sos> la 'à fò <eos>,<sos> va fuori <eos>
« bandire mòglie e figli... »,« bandire moglie e figli... »,<sos> bandire mòglie e figli . . . <eos>,<sos> bandire moglie e figli . . . <eos>
quìndi lé la 'à de déter,quindi entri,<sos> quìndi lé la 'à de déter <eos>,<sos> quindi entri <eos>
le la gi à fàc sö tüc bé,li ha riassettati per bene,<sos> le la gi à fàc sö tüc bé <eos>,<sos> li ha riassettati per bene <eos>
— lé che l'érå üna tùśå d'ü cuntadì,— lei che è una figlia di contadini,<sos> lé che l'érå üna tùśå d'ü cuntadì <eos>,<sos> lei che è una figlia di contadini <eos>
e gliùra l'à dìt:,allora han detto:,<sos> e gliùra l'à dìt <eos>,<sos> allora han detto <eos>
pòs mìa mé bandunà che adèh issé —,non posso abbandonare tutto così,<sos> pòs mìa mé bandunà che adèh issé <eos>,<sos> non posso abbandonare tutto così <eos>
'l sarà mìå ü dé de 'ndà a fà i mistér che fó mé —,non sarà il giorno adatto per fare i miei mestieri —,<sos> 'l sarà mìå ü dé de 'ndà a fà i mistér che fó mé <eos>,<sos> non sarà il giorno adatto per fare i miei mestieri <eos>
ål pàså amò,passa di nuovo,<sos> ål pàså amò <eos>,<sos> passa di nuovo <eos>
tüc chi che te 'ncóntret,tutti quelli che incontri,<sos> tüc chi che te 'ncóntret <eos>,<sos> tutti quelli che incontri <eos>
che,che,<sos> che <eos>,<sos> che <eos>
perchè le stré-e — 'l dìs — quàndo le èt che ergü i vé,perché le streghe quando vedono arrivare qualcuno,<sos> perchè le stré-e 'l dìs quàndo le èt che ergü i vé <eos>,<sos> perché le streghe quando vedono arrivare qualcuno <eos>
ma negü ì la hira mìa,ma nessuno sapeva,<sos> ma negü ì la hira mìa <eos>,<sos> ma nessuno sapeva <eos>
ali sèt crape,alle sette teste,<sos> ali sèt crape <eos>,<sos> alle sette teste <eos>
che te l' laghe menà a té a brasèt —,che la lascio venire a braccetto con te,<sos> che te l' laghe menà a té a brasèt <eos>,<sos> che la lascio venire a braccetto con te <eos>
'm và sö!,andiamo!,<sos> 'm và sö ! <eos>,<sos> andiamo ! <eos>
ca le hpacà-a töt,che spaccavano tutto,<sos> ca le hpacà-a töt <eos>,<sos> che spaccavano tutto <eos>
e l'à troàt,ha trovato,<sos> e l'à troàt <eos>,<sos> ha trovato <eos>
argü che i càntå li letanìe,qualcuno che canta le litanie,<sos> argü che i càntå li letanìe <eos>,<sos> qualcuno che canta le litanie <eos>
te ta gh'é de 'ndà del pehì —,devi andare dal pesciolino —,<sos> te ta gh'é de 'ndà del pehì <eos>,<sos> devi andare dal pesciolino <eos>
i à aviàt e fàs sà 'n giro e ardà,si sono messi tutti attorno al pozzo a guardare,<sos> i à aviàt e fàs sà 'n giro e ardà <eos>,<sos> si sono messi tutti attorno al pozzo a guardare <eos>
e he 'l ma hcultèh mìa cóha farèhet?,"se non mi ascoltasse, cosa faresti?",<sos> e he 'l ma hcultèh mìa cóha farèhet ? <eos>,"<sos> se non mi ascoltasse , cosa faresti ? <eos>"
restì padrù óter del mulì,restereste padroni del mulino,<sos> restì padrù óter del mulì <eos>,<sos> restereste padroni del mulino <eos>
e pò śó a hlongala śó,e fa per distenderla,<sos> e pò śó a hlongala śó <eos>,<sos> e fa per distenderla <eos>
che ga harà hö 'l formét —,che ci sarà il frumento —,<sos> che ga harà hö 'l formét <eos>,<sos> che ci sarà il frumento <eos>
— éh pòta 'ndóm,"— va bene, andiamo",<sos> éh pòta 'ndóm <eos>,"<sos> va bene , andiamo <eos>"
ho àch vèśgia,sono ormai vecchia,<sos> ho àch vèśgia <eos>,<sos> sono ormai vecchia <eos>
to töet sö 'sto hachèl,prendi questo sacchetto,<sos> to töet sö 'sto hachèl <eos>,<sos> prendi questo sacchetto <eos>
pòtå dòpo,pota dopo,<sos> pòtå dòpo <eos>,<sos> pota dopo <eos>
lé i ghe n'à dàc ahé,gli han dato,<sos> lé i ghe n'à dàc ahé <eos>,<sos> gli han dato <eos>
"— a 'ndó, a 'ndó","— vado, vado","<sos> a 'ndó , a 'ndó <eos>","<sos> vado , vado <eos>"
pòtå,pota,<sos> pòtå <eos>,<sos> pota <eos>
l'à cuminciàt a stremìs, ha cominciato a spaventarsi,<sos> l'à cuminciàt a stremìs <eos>,<sos> ha cominciato a spaventarsi <eos>
lé la preparà-å a' lé 'n punì de,lei gli preparava un po' di,<sos> lé la preparà-å a' lé 'n punì de <eos>,<sos> lei gli preparava un po' di <eos>
dato che óter caminì tànt e gh'ì fàm,dato che camminate tanto e avete fame,<sos> dato che óter caminì tànt e gh'ì fàm <eos>,<sos> dato che camminate tanto e avete fame <eos>
pötàna lü Piéro,allora Pietro,<sos> pötàna lü piéro <eos>,<sos> allora pietro <eos>
el mulì e fàl maśnà,al mulino a farlo macinare,<sos> el mulì e fàl maśnà <eos>,<sos> al mulino a farlo macinare <eos>
— sà sa — 'l dìh,— vieni —,<sos> sà sa 'l dìh <eos>,<sos> vieni <eos>
ciapé ü lensöl,prendete un lenzuolo,<sos> ciapé ü lensöl <eos>,<sos> prendete un lenzuolo <eos>
l'è di-entàt ol padrù de tüt,è divenuto padrone di tutto,<sos> l'è di-entàt ol padrù de tüt <eos>,<sos> è divenuto padrone di tutto <eos>
e a śbadilà,e di badile,<sos> e a śbadilà <eos>,<sos> e di badile <eos>
pòtå i à,vanno,<sos> pòtå i à <eos>,<sos> vanno <eos>
al tö hö,allora prende,<sos> al tö hö <eos>,<sos> allora prende <eos>
al gh'éå 'ndòh ün incantéśimo,aveva addosso un incantesimo,<sos> al gh'éå 'ndòh ün incantéśimo <eos>,<sos> aveva addosso un incantesimo <eos>
chèl che 'nà-a e ègn cóla posta,il corriere,<sos> chèl che 'nà-a e ègn cóla posta <eos>,<sos> il corriere <eos>
'à con chèl che 'l te l' darà —,quello ti darà alloggio —,<sos> 'à con chèl che 'l te l' darà <eos>,<sos> quello ti darà alloggio <eos>
e lü 'l fà:,e lui fa:,<sos> e lü 'l fà <eos>,<sos> e lui fa <eos>
basta ch'i ma tè-e hö 'l formét!,basta che ci taglino il frumento!,<sos> basta ch'i ma tè-e hö 'l formét ! <eos>,<sos> basta che ci taglino il frumento ! <eos>
e lü 'l gh'à respundìt:,lui le risponde:,<sos> e lü 'l gh'à respundìt <eos>,<sos> lui le risponde <eos>
lùr i l'à metìdå söl tàol,loro l'hanno messa sul tavolo,<sos> lùr i l'à metìdå söl tàol <eos>,<sos> loro l'hanno messa sul tavolo <eos>
i l'à metida söl ca-àl,l'hanno messa sul cavallo,<sos> i l'à metida söl ca-àl <eos>,<sos> l'hanno messa sul cavallo <eos>
ói hai negöne htòrie,— non voglio sapere storie,<sos> ói hai negöne htòrie <eos>,<sos> non voglio sapere storie <eos>
miràcol!,miracolo!,<sos> miràcol ! <eos>,<sos> miracolo ! <eos>
'l m'à dàt ö bicér de 'ì,mi ha dato un bicchier di vino,<sos> 'l m'à dàt ö bicér de 'ì <eos>,<sos> mi ha dato un bicchier di vino <eos>
perchè — 'l dìs — ma 'gnìa piö 'n mènt,non mi ricordavo,<sos> perchè 'l dìs ma 'gnìa piö 'n mènt <eos>,<sos> non mi ricordavo <eos>
e strapàl sö,a strapparlo,<sos> e strapàl sö <eos>,<sos> a strapparlo <eos>
e 'l gh'à tòt fò,e ha tolto,<sos> e 'l gh'à tòt fò <eos>,<sos> e ha tolto <eos>
li sarà amó dét en de 'sta stànså,che saranno in questa stanza,<sos> li sarà amó dét en de 'sta stànså <eos>,<sos> che saranno in questa stanza <eos>
che 'l vülìa mìa 'ndà hö,che non voleva andare su,<sos> che 'l vülìa mìa 'ndà hö <eos>,<sos> che non voleva andare su <eos>
chi mi véde,chi mi vede,<sos> chi mi véde <eos>,<sos> chi mi vede <eos>
"fà ala hvèlta, fà ala hvèlta",fai presto,"<sos> fà ala hvèlta , fà ala hvèlta <eos>",<sos> fai presto <eos>
prìmå i gh'à metìt sö,per prima cosa a quello hanno messo,<sos> prìmå i gh'à metìt sö <eos>,<sos> per prima cosa a quello hanno messo <eos>
ciàma lé ö hervitùr e faga trahportà 'l hachèl,chiama un servo per fargli trasportare il sacchetto,<sos> ciàma lé ö hervitùr e faga trahportà 'l hachèl <eos>,<sos> chiama un servo per fargli trasportare il sacchetto <eos>
nügü i püdéå deliberàlå,nessuno poteva liberarla,<sos> nügü i püdéå deliberàlå <eos>,<sos> nessuno poteva liberarla <eos>
ma poveri,ma poveri,<sos> ma poveri <eos>,<sos> ma poveri <eos>
e 'hte 'htré-e i urlà-a,le streghe gridavano,<sos> e 'hte 'htré-e i urlà-a <eos>,<sos> le streghe gridavano <eos>
öle fà l'imperatrice,voglio fare l'imperatrice,<sos> öle fà l'imperatrice <eos>,<sos> voglio fare l'imperatrice <eos>
al gh'è sö l'àiguå-che-bàlå —,c'è l'acqua-che-balla —,<sos> al gh'è sö l'àiguå-che-bàlå <eos>,<sos> c'è l'acqua-che-balla <eos>
che i śgirà-a,andavano in giro,<sos> che i śgirà-a <eos>,<sos> andavano in giro <eos>
de śburdelà,del baccano,<sos> de śburdelà <eos>,<sos> del baccano <eos>
perchè quàndo arriverài alle pòrte dèlla città,perché quando arriverai alle porte della città,<sos> perchè quàndo arriverài alle pòrte dèlla città <eos>,<sos> perché quando arriverai alle porte della città <eos>
perchè i contrabandér gh'è miga tàt de fidàs! —,perché di loro non c'è tanto da fidarsi —,<sos> perchè i contrabandér gh'è miga tàt de fidàs ! <eos>,<sos> perché di loro non c'è tanto da fidarsi <eos>
pòta gh'è argü piö fórt de mé,c'è qualcuno più forte di me,<sos> pòta gh'è argü piö fórt de mé <eos>,<sos> c'è qualcuno più forte di me <eos>
làghem,lascia,<sos> làghem <eos>,<sos> lascia <eos>
on pó de sólc,qualche soldo,<sos> on pó de sólc <eos>,<sos> qualche soldo <eos>
e furche,e forche,<sos> e furche <eos>,<sos> e forche <eos>
ó dét in d'ön ótra! — 'l dìh —,sono entrato in un'altra,<sos> ó dét in d'ön ótra ! 'l dìh <eos>,<sos> sono entrato in un'altra <eos>
perchè domà,perché domani,<sos> perchè domà <eos>,<sos> perché domani <eos>
l'è nàt en sö,il ragazzo è andato,<sos> l'è nàt en sö <eos>,<sos> il ragazzo è andato <eos>
la dìh: « arda 'm pó,si diceva: « guarda un po',<sos> la dìh arda 'm pó <eos>,<sos> si diceva guarda un po' <eos>
tütå la cità che fà-å fèstå!,tutta la città faceva festa!,<sos> tütå la cità che fà-å fèstå ! <eos>,<sos> tutta la città faceva festa ! <eos>
— potà — 'l dìh — i vorà fà öna pipada — 'l dìh,— si vede che vorranno fare una pipata,<sos> potà 'l dìh i vorà fà öna pipada 'l dìh <eos>,<sos> si vede che vorranno fare una pipata <eos>
ål la èt tütå,e si accorge che è tutta,<sos> ål la èt tütå <eos>,<sos> e si accorge che è tutta <eos>
mé 'ndó 'n sö —,ci vado —,<sos> mé 'ndó 'n sö <eos>,<sos> ci vado <eos>
gnècå:,arrabbiata:,<sos> gnècå <eos>,<sos> arrabbiata <eos>
śbetègå,e strilla,<sos> śbetègå <eos>,<sos> e strilla <eos>
ü bèl aśnì,un bell'asinello,<sos> ü bèl aśnì <eos>,<sos> un bell'asinello <eos>
onfati ål gh'à dàt la càvrå,così gli ha dato la capra,<sos> onfati ål gh'à dàt la càvrå <eos>,<sos> così gli ha dato la capra <eos>
— ah 'ndó!,— ah vado!,<sos> ah 'ndó ! <eos>,<sos> ah vado ! <eos>
pòta ta l' róbet sö,rubalo,<sos> pòta ta l' róbet sö <eos>,<sos> rubalo <eos>
difati lü l'à fàt silènsio,così lui ha fatto silenzio,<sos> difati lü l'à fàt silènsio <eos>,<sos> così lui ha fatto silenzio <eos>
chèl òm cói rihulì:,quell'uomo coi riccioli:,<sos> chèl òm cói rihulì <eos>,<sos> quell'uomo coi riccioli <eos>
e la des-cià-a,ad aprire la porta,<sos> e la des-cià-a <eos>,<sos> ad aprire la porta <eos>
— tàches ala cù-a,— attaccati alla coda,<sos> tàches ala cù-a <eos>,<sos> attaccati alla coda <eos>
"e chèl óter al vülìa 'ndà hö a' lü, gh'éra 'm pó de dihcüssiù","ma l'altro voleva regnare anche lui, c'era un po' di discussione","<sos> e chèl óter al vülìa 'ndà hö a' lü , gh'éra 'm pó de dihcüssiù <eos>","<sos> ma l'altro voleva regnare anche lui , c'era un po' di discussione <eos>"
la l'à 'nvi-àt là,l'ha spinto,<sos> la l'à 'nvi-àt là <eos>,<sos> l'ha spinto <eos>
l'à fàc gió i pólvér,e ha fatto le polveri,<sos> l'à fàc gió i pólvér <eos>,<sos> e ha fatto le polveri <eos>
che 'm gh'arà de mangià e bé-e,avremo da mangiare e bere,<sos> che 'm gh'arà de mangià e bé-e <eos>,<sos> avremo da mangiare e bere <eos>
cói serviénc,e i chierichetti,<sos> cói serviénc <eos>,<sos> e i chierichetti <eos>
e 'm gi à tignìc grànc,e li abbiamo fatti crescere,<sos> e 'm gi à tignìc grànc <eos>,<sos> e li abbiamo fatti crescere <eos>
e gliùrå lùr i fà:,e questi dicono:,<sos> e gliùrå lùr i fà <eos>,<sos> e questi dicono <eos>
e lü chèl là 'l gh'à cöntàt hö ca l'è htàt sö 'n sèma ala tór,l'uomo pelato gli ha raccontato che era stato in cima alla torre,<sos> e lü chèl là 'l gh'à cöntàt hö ca l'è htàt sö 'n sèma ala tór <eos>,<sos> l'uomo pelato gli ha raccontato che era stato in cima alla torre <eos>
— gliùrå edès 'dóm che ve daró la hénå —,— allora adesso vi dò la cena —,<sos> gliùrå edès 'dóm che ve daró la hénå <eos>,<sos> allora adesso vi dò la cena <eos>
teàt gió ünå bèlå bachètå lóngå,ha tagliato una bella bacchetta lunga,<sos> teàt gió ünå bèlå bachètå lóngå <eos>,<sos> ha tagliato una bella bacchetta lunga <eos>
gliùrå,allora,<sos> gliùrå <eos>,<sos> allora <eos>
a bìe amò ergótå,a bere qualcosa,<sos> a bìe amò ergótå <eos>,<sos> a bere qualcosa <eos>
lü chèl là l'à śgiràt in giro ala cà,quello ha fatto il giro della casa,<sos> lü chèl là l'à śgiràt in giro ala cà <eos>,<sos> quello ha fatto il giro della casa <eos>
eéh,eh,<sos> eéh <eos>,<sos> eh <eos>
lahaga manca ni-ènt,e non lasciar loro mancare niente,<sos> lahaga manca ni-ènt <eos>,<sos> e non lasciar loro mancare niente <eos>
lé de tànt,dopo tanto tempo,<sos> lé de tànt <eos>,<sos> dopo tanto tempo <eos>
dré al mùt on sö tànt,tanto in su,<sos> dré al mùt on sö tànt <eos>,<sos> tanto in su <eos>
ergót de dàm chèl sö lé! —,qualcosa da darmi quello lassù!,<sos> ergót de dàm chèl sö lé ! <eos>,<sos> qualcosa da darmi quello lassù ! <eos>
e ardà he 'l ciapà-å argót,in cerca di qualcosa,<sos> e ardà he 'l ciapà-å argót <eos>,<sos> in cerca di qualcosa <eos>
col ràs-c,col forcone,<sos> col ràs-c <eos>,<sos> col forcone <eos>
tàt gròs,e grossi!,<sos> tàt gròs <eos>,<sos> e grossi ! <eos>
pò lé,poi,<sos> pò lé <eos>,<sos> poi <eos>
de dìl pò mìå nèh!,di non dirlo!,<sos> de dìl pò mìå nèh ! <eos>,<sos> di non dirlo ! <eos>
e he te fé mìa prèst,se non ti sbrighi,<sos> e he te fé mìa prèst <eos>,<sos> se non ti sbrighi <eos>
e 'l pèh al vé mìa,ma il pesce non arriva,<sos> e 'l pèh al vé mìa <eos>,<sos> ma il pesce non arriva <eos>
— t'ó dìt che l'à purtàt l'àcquå-che-bàlå,— ti ho detto che ha portato l'acqua-che-balla,<sos> t'ó dìt che l'à purtàt l'àcquå-che-bàlå <eos>,<sos> ti ho detto che ha portato l'acqua-che-balla <eos>
perchè — 'l dìh —,perché,<sos> perchè 'l dìh <eos>,<sos> perché <eos>
«chi hà pò che adèh còma la 'ndarà a fenì! »,« chissà come andrà a finire! »,<sos> chi hà pò che adèh còma la 'ndarà a fenì ! <eos>,<sos> chissà come andrà a finire ! <eos>
'l ha hènta śó,si è seduto,<sos> 'l ha hènta śó <eos>,<sos> si è seduto <eos>
l'è 'ndada śgió,è sprofondata,<sos> l'è 'ndada śgió <eos>,<sos> è sprofondata <eos>
ö bezzutì 'l dìh —,un agnellino,<sos> ö bezzutì 'l dìh <eos>,<sos> un agnellino <eos>
i è turnàc endré piö,non sono tornati più indietro,<sos> i è turnàc endré piö <eos>,<sos> non sono tornati più indietro <eos>
pòtå,pota,<sos> pòtå <eos>,<sos> pota <eos>
'stå stréå,questa strega,<sos> 'stå stréå <eos>,<sos> questa strega <eos>
dòpo i l'à tignidå lé e la tuśa l'è 'gnìdå gràndå,l'han tenuta e la bambina s'è fatta grande,<sos> dòpo i l'à tignidå lé e la tuśa l'è 'gnìdå gràndå <eos>,<sos> l'han tenuta e la bambina s'è fatta grande <eos>
e becàm gió 'l furmét —,a beccare il frumento —,<sos> e becàm gió 'l furmét <eos>,<sos> a beccare il frumento <eos>
fò dol balcù,e dal balcone,<sos> fò dol balcù <eos>,<sos> e dal balcone <eos>
i cròf hö hura che i htà-a lé a hpetài ch'i 'ndàeh dét,e sopra i corvi aspettavano che annegassero,<sos> i cròf hö hura che i htà-a lé a hpetài ch'i 'ndàeh dét <eos>,<sos> e sopra i corvi aspettavano che annegassero <eos>
pòtå gliùrå 'l gh'érå mìå la lüce,a quel tempo non c'era la luce,<sos> pòtå gliùrå 'l gh'érå mìå la lüce <eos>,<sos> a quel tempo non c'era la luce <eos>
- hé hé,— io non morirò,<sos> - hé hé <eos>,<sos> io non morirò <eos>
e mé — 'l dìh —,io,<sos> e mé 'l dìh <eos>,<sos> io <eos>
'lura óter,allora lei,<sos> 'lura óter <eos>,<sos> allora lei <eos>
ségn che m'è parìt apéna a me,si vede che mi è sembrato...,<sos> ségn che m'è parìt apéna a me <eos>,<sos> si vede che mi è sembrato . . . <eos>
lé la l'à ìst,lei l'ha visto,<sos> lé la l'à ìst <eos>,<sos> lei l'ha visto <eos>
chèl lé l'è màt! —,— quello è matto! —,<sos> chèl lé l'è màt ! <eos>,<sos> quello è matto ! <eos>
e 'm sè che a' famàc al dìs —,siamo anche affamati,<sos> e 'm sè che a' famàc al dìs <eos>,<sos> siamo anche affamati <eos>
òi dì-entà öna regina,voglio diventare una regina,<sos> òi dì-entà öna regina <eos>,<sos> voglio diventare una regina <eos>
l'è crudàt gió,è crollato,<sos> l'è crudàt gió <eos>,<sos> è crollato <eos>
l'à ciapàt i pu-ì,ha afferrato i pulcini,<sos> l'à ciapàt i pu-ì <eos>,<sos> ha afferrato i pulcini <eos>
e 'l gi à dumandàt se 'l la luśà-å,gli ha chiesto se lo alloggiava,<sos> e 'l gi à dumandàt se 'l la luśà-å <eos>,<sos> gli ha chiesto se lo alloggiava <eos>
o a öna fòśa o a l'ótra,o in un modo o nell'altro,<sos> o a öna fòśa o a l'ótra <eos>,<sos> o in un modo o nell'altro <eos>
ü drago,un drago,<sos> ü drago <eos>,<sos> un drago <eos>
verrà un cagnolino e la morderà,verrà un cagnolino e la morderà,<sos> verrà un cagnolino e la morderà <eos>,<sos> verrà un cagnolino e la morderà <eos>
arda che quàndo che té ta davriré,quando aprirai,<sos> arda che quàndo che té ta davriré <eos>,<sos> quando aprirai <eos>
— Divìn Maèstro — 'l dìh —,— Divin Maestro,<sos> divìn maèstro 'l dìh <eos>,<sos> divin maestro <eos>
"ü laùr incredìbile, tüc che curìa","una cosa incredibile, tutti correvano","<sos> ü laùr incredìbile , tüc che curìa <eos>","<sos> una cosa incredibile , tutti correvano <eos>"
e lü 'l ghe diséå:,e l'orco ha gridato:,<sos> e lü 'l ghe diséå <eos>,<sos> e l'orco ha gridato <eos>
la sérå fò 'l sò albèrgo,chiude l'albergo,<sos> la sérå fò 'l sò albèrgo <eos>,<sos> chiude l'albergo <eos>
— ah — 'l dìs — se l'è per chèl lé — 'l dìs —,— se è solo per questo,<sos> ah 'l dìs se l'è per chèl lé 'l dìs <eos>,<sos> se è solo per questo <eos>
lü l'à bi-ìt e l'è di-entàt ü camós,lui ha bevuto ed è diventato un camoscio,<sos> lü l'à bi-ìt e l'è di-entàt ü camós <eos>,<sos> lui ha bevuto ed è diventato un camoscio <eos>
i gh'à dàt ün,gli han dato,<sos> i gh'à dàt ün <eos>,<sos> gli han dato <eos>
e uśà,e gridavano,<sos> e uśà <eos>,<sos> e gridavano <eos>
biśógna 'ndà a-ànti — al dìh ol prìncipe —,bisogna andare avanti — dice il principe —,<sos> biśógna 'ndà a-ànti al dìh ol prìncipe <eos>,<sos> bisogna andare avanti dice il principe <eos>
a 'ndo piö gna col Divìn Maèstro mé — 'l dìh — èh!,« non vado più neanche col Divin Maestro io! »,<sos> a 'ndo piö gna col divìn maèstro mé 'l dìh èh ! <eos>,<sos> non vado più neanche col divin maestro io ! <eos>
e 'l salta de là,è andato di là,<sos> e 'l salta de là <eos>,<sos> è andato di là <eos>
e 'sta nòt,e questa notte,<sos> e 'sta nòt <eos>,<sos> e questa notte <eos>
e issé à fàt,così hanno fatto,<sos> e issé à fàt <eos>,<sos> così hanno fatto <eos>
ü fiöl e üna fiölå,un bambino e una bambina,<sos> ü fiöl e üna fiölå <eos>,<sos> un bambino e una bambina <eos>
quanti invitati,quanti invitati,<sos> quanti invitati <eos>,<sos> quanti invitati <eos>
ål gh'érå mìå lü!,non c'era,<sos> ål gh'érå mìå lü ! <eos>,<sos> non c'era <eos>
"— hé hé, ma mé edès ghe rìe piö",— adesso non ci riesco più,"<sos> hé hé , ma mé edès ghe rìe piö <eos>",<sos> adesso non ci riesco più <eos>
codeghì,cotechini,<sos> codeghì <eos>,<sos> cotechini <eos>
e i ghe tirà-å li gambe dol lèt,tiravano le gambe del letto,<sos> e i ghe tirà-å li gambe dol lèt <eos>,<sos> tiravano le gambe del letto <eos>
Pómo 'l s'è durmentàt,Pomo si è addormentato,<sos> pómo 'l s'è durmentàt <eos>,<sos> pomo si è addormentato <eos>
— pòta mé l'ó piö èst!,— non l'ho più visto,<sos> pòta mé l'ó piö èst ! <eos>,<sos> non l'ho più visto <eos>
— hènte mé — 'l dìh — ca gh'ó piö tanta fòrsa...,— sento di avere più forza —,<sos> hènte mé 'l dìh ca gh'ó piö tanta fòrsa . . . <eos>,<sos> sento di avere più forza <eos>
'l ga dìh a śgiü,ha detto a uno,<sos> 'l ga dìh a śgiü <eos>,<sos> ha detto a uno <eos>
de mètel gió,per metterlo,<sos> de mètel gió <eos>,<sos> per metterlo <eos>
lé l'à raspàt fò 'l sò bèl,lei ha grattato,<sos> lé l'à raspàt fò 'l sò bèl <eos>,<sos> lei ha grattato <eos>
ön óter rè,un altro re,<sos> ön óter rè <eos>,<sos> un altro re <eos>
nèh,neh,<sos> nèh <eos>,<sos> neh <eos>
Paulì,Paolino,<sos> paulì <eos>,<sos> paolino <eos>
che l'èr übidiént,ubbidiente,<sos> che l'èr übidiént <eos>,<sos> ubbidiente <eos>
dù śömèi,due gemelli,<sos> dù śömèi <eos>,<sos> due gemelli <eos>
— ma nò!,— ma no!,<sos> ma nò ! <eos>,<sos> ma no ! <eos>
cumpagnerà pò —,accompagnerà —,<sos> cumpagnerà pò <eos>,<sos> accompagnerà <eos>
Hàn Pièro al Maèstro,San Pietro al Maestro,<sos> hàn pièro al maèstro <eos>,<sos> san pietro al maestro <eos>
maeró 'l làc »,mangerò il latte »,<sos> maeró 'l làc <eos>,<sos> mangerò il latte <eos>
te sé śgià mórta té e 'l Rè-Serpènte,"sarete già morti, tu e il serpente",<sos> te sé śgià mórta té e 'l rè-serpènte <eos>,"<sos> sarete già morti , tu e il serpente <eos>"
— la vita! —,— la vita! —,<sos> la vita ! <eos>,<sos> la vita ! <eos>
e diga ca la 'l làce fò,dille che pianga,<sos> e diga ca la 'l làce fò <eos>,<sos> dille che pianga <eos>
e gliùra 'hto pehì l'è 'gnìt amò 'n sima,allora il pesciolino è venuto a galla,<sos> e gliùra 'hto pehì l'è 'gnìt amò 'n sima <eos>,<sos> allora il pesciolino è venuto a galla <eos>
he troé ca-ài,a cercare due cavalli,<sos> he troé ca-ài <eos>,<sos> a cercare due cavalli <eos>
la horèlå la gh'à purtàt lé la galìnå,la sorella ha portato all'orco la gallina,<sos> la horèlå la gh'à purtàt lé la galìnå <eos>,<sos> la sorella ha portato all'orco la gallina <eos>
'hto póer òm:,il pover uomo:,<sos> 'hto póer òm <eos>,<sos> il pover uomo <eos>
ål pàså ü canarì,passa un canarino,<sos> ål pàså ü canarì <eos>,<sos> passa un canarino <eos>
e i è 'ndàc,sono andati,<sos> e i è 'ndàc <eos>,<sos> sono andati <eos>
hé ma té,hé ma té,<sos> hé ma té <eos>,<sos> hé ma té <eos>
— e gliùrå?,— allora?,<sos> e gliùrå ? <eos>,<sos> allora ? <eos>
l'à metìt gió 'm pó de palanche,con un po' di soldi,<sos> l'à metìt gió 'm pó de palanche <eos>,<sos> con un po' di soldi <eos>
fina che,finché,<sos> fina che <eos>,<sos> finché <eos>
Gh'érå ünå óltå,C'era una volta,<sos> gh'érå ünå óltå <eos>,<sos> c'era una volta <eos>
"la 'à, la 'à, la rìa 'n cità, la domanda","va e va, arriva in città, chiede","<sos> la 'à , la 'à , la rìa 'n cità , la domanda <eos>","<sos> va e va , arriva in città , chiede <eos>"
ma lé la fà: — 'ndó,ma la ragazza dice: — vado,<sos> ma lé la fà 'ndó <eos>,<sos> ma la ragazza dice vado <eos>
tütå col vél négher,col velo nero,<sos> tütå col vél négher <eos>,<sos> col velo nero <eos>
chèl óter che ga ufrìs de mangià,quell'altro da mangiare,<sos> chèl óter che ga ufrìs de mangià <eos>,<sos> quell'altro da mangiare <eos>
che i éå rubàt,rubati,<sos> che i éå rubàt <eos>,<sos> rubati <eos>
töt fahàt sö,tutto fasciato,<sos> töt fahàt sö <eos>,<sos> tutto fasciato <eos>
« cumince a éśghe ché,« per ora sono qui,<sos> cumince a éśghe ché <eos>,<sos> per ora sono qui <eos>
e và e và,va e va,<sos> e và e và <eos>,<sos> va e va <eos>
— eéh mète sö tànt de 'sto carbù,"— va bene, ne metto tanto",<sos> eéh mète sö tànt de 'sto carbù <eos>,"<sos> va bene , ne metto tanto <eos>"
chi mi paleśerà,chi mi paleserà,<sos> chi mi paleśerà <eos>,<sos> chi mi paleserà <eos>
'maśginàs!,immaginatevi!,<sos> 'maśginàs ! <eos>,<sos> immaginatevi ! <eos>
i n'éå pò rüspàt piö tance,ne avevano procurate di più,<sos> i n'éå pò rüspàt piö tance <eos>,<sos> ne avevano procurate di più <eos>
e cà,e cani,<sos> e cà <eos>,<sos> e cani <eos>
— té te gh'é de śgirà,— devi girare,<sos> té te gh'é de śgirà <eos>,<sos> devi girare <eos>
tùrnå 'ndré!,torna indietro!,<sos> tùrnå 'ndré ! <eos>,<sos> torna indietro ! <eos>
che isé i pöderà miga ègner déter —,non potranno entrare —,<sos> che isé i pöderà miga ègner déter <eos>,<sos> non potranno entrare <eos>
fìn che i à 'este dù carèc,finché han visto due carretti,<sos> fìn che i à 'este dù carèc <eos>,<sos> finché han visto due carretti <eos>
anche brà-a,e brava,<sos> anche brà-a <eos>,<sos> e brava <eos>
ö hunetì — 'l dìs — che va ciàme — 'l dìs —,"un momento, vi chiamerò io",<sos> ö hunetì 'l dìs che va ciàme 'l dìs <eos>,"<sos> un momento , vi chiamerò io <eos>"
la gh'éå hö 'l furmét essé bèl!,lei aveva un frumento tanto bello!,<sos> la gh'éå hö 'l furmét essé bèl ! <eos>,<sos> lei aveva un frumento tanto bello ! <eos>
e lé 'stå fómnå pòtå,la donna,<sos> e lé 'stå fómnå pòtå <eos>,<sos> la donna <eos>
e alura,allora,<sos> e alura <eos>,<sos> allora <eos>
al dìh: — ói de gnì śó a 'mprestà ol mé ca-alì de tacà de-ànte,il mugnaio dice: — devo prestarvi il mio cavallino da attaccare davanti,<sos> al dìh ói de gnì śó a 'mprestà ol mé ca-alì de tacà de-ànte <eos>,<sos> il mugnaio dice devo prestarvi il mio cavallino da attaccare davanti <eos>
dòpo hó de per mé,poi io sono da sola,<sos> dòpo hó de per mé <eos>,<sos> poi io sono da sola <eos>
ål và inàs,va avanti,<sos> ål và inàs <eos>,<sos> va avanti <eos>
e pò 'l và lé ala porta,va alla porta,<sos> e pò 'l và lé ala porta <eos>,<sos> va alla porta <eos>
gh'arès pròpe ìt piahér se,avrei proprio piacere di,<sos> gh'arès pròpe ìt piahér se <eos>,<sos> avrei proprio piacere di <eos>
ada che prima 'm héra pehcadùr négher de fàm...,prima eravamo dei pescatori neri di fame...,<sos> ada che prima 'm héra pehcadùr négher de fàm . . . <eos>,<sos> prima eravamo dei pescatori neri di fame . . . <eos>
— fì 'l piacére a fà lüs,— fatemi il piacere di tenere acceso,<sos> fì 'l piacére a fà lüs <eos>,<sos> fatemi il piacere di tenere acceso <eos>
"viaśgiàt, viaśgiàt","viaggiato, viaggiato","<sos> viaśgiàt , viaśgiàt <eos>","<sos> viaggiato , viaggiato <eos>"
l'è scapada cóla sò alìs,è scappata con la sua valigia,<sos> l'è scapada cóla sò alìs <eos>,<sos> è scappata con la sua valigia <eos>
e lé 'stå vólp la j à dìt essè:,la volpe allora gli ha detto:,<sos> e lé 'stå vólp la j à dìt essè <eos>,<sos> la volpe allora gli ha detto <eos>
la ghe dìh eli hòi hurèle: — diśégå ni-ént ela màmå,ha detto alle sorelle: — non dite niente alla mamma,<sos> la ghe dìh eli hòi hurèle diśégå ni-ént ela màmå <eos>,<sos> ha detto alle sorelle non dite niente alla mamma <eos>
gh'ìf miga l'alóśgio per 'està nòt? —,non avete alloggio per questa notte? —,<sos> gh'ìf miga l'alóśgio per 'està nòt ? <eos>,<sos> non avete alloggio per questa notte ? <eos>
schifóśo! —,schifoso! —,<sos> schifóśo ! <eos>,<sos> schifoso ! <eos>
stàc apénå 'nvi-ài là,da poco andavano,<sos> stàc apénå 'nvi-ài là <eos>,<sos> da poco andavano <eos>
e pò 'l ga dìh a 'hta fómna:,poi il Signore dice alla donna:,<sos> e pò 'l ga dìh a 'hta fómna <eos>,<sos> poi il signore dice alla donna <eos>
'maśginàs!,immaginatevi!,<sos> 'maśginàs ! <eos>,<sos> immaginatevi ! <eos>
finché,finché,<sos> finché <eos>,<sos> finché <eos>
i camìnå,camminano,<sos> i camìnå <eos>,<sos> camminano <eos>
i dìs: — adèh a 'ndèm a tö 'l papà —,dicono: — adesso andiamo a prendere il papà —,<sos> i dìs adèh a 'ndèm a tö 'l papà <eos>,<sos> dicono adesso andiamo a prendere il papà <eos>
— ma — 'l dìs — ma sét màt,— ma sei matto?,<sos> ma 'l dìs ma sét màt <eos>,<sos> ma sei matto ? <eos>
ol fiöl dol rè,il figlio del re,<sos> ol fiöl dol rè <eos>,<sos> il figlio del re <eos>
che lü 'l vülia haì piö de che banda éra 'nàc,e che non voleva più sapere dove sarebbero andati,<sos> che lü 'l vülia haì piö de che banda éra 'nàc <eos>,<sos> e che non voleva più sapere dove sarebbero andati <eos>
i gh'à metìt sö,hanno messo loro,<sos> i gh'à metìt sö <eos>,<sos> hanno messo loro <eos>
"la 'à de déter de chèlå, ål gh'érå déter","entra, c'erano","<sos> la 'à de déter de chèlå , ål gh'érå déter <eos>","<sos> entra , c'erano <eos>"
la se l'éå ultàdå sö,rivoltato indietro,<sos> la se l'éå ultàdå sö <eos>,<sos> rivoltato indietro <eos>
mé ché tré dé pahe,io fra tre giorni passerò,<sos> mé ché tré dé pahe <eos>,<sos> io fra tre giorni passerò <eos>
— gh'avrèhef mìa ergóta 'hta hira de dàm?,— non avreste qualcosa da darci?,<sos> gh'avrèhef mìa ergóta 'hta hira de dàm ? <eos>,<sos> non avreste qualcosa da darci ? <eos>
— ótre stì ché,— rimanete qui,<sos> ótre stì ché <eos>,<sos> rimanete qui <eos>
la 'é la hò fómna,arriva la sua donna,<sos> la 'é la hò fómna <eos>,<sos> arriva la sua donna <eos>
màl cunsàdå,malridotta,<sos> màl cunsàdå <eos>,<sos> malridotta <eos>
e con dói case de mórt!,e con due casse da morto!,<sos> e con dói case de mórt ! <eos>,<sos> e con due casse da morto ! <eos>
e 'l matrimònio l'è stàt rimandàt al dé dòpo amó ün'ótrå óltå,il matrimonio è stato rimandato un'altra volta al giorno dopo,<sos> e 'l matrimònio l'è stàt rimandàt al dé dòpo amó ün'ótrå óltå <eos>,<sos> il matrimonio è stato rimandato un'altra volta al giorno dopo <eos>
cóme öna guàrdiå di suldàc,come una guardia dei soldati,<sos> cóme öna guàrdiå di suldàc <eos>,<sos> come una guardia dei soldati <eos>
cósa fói? »,cosa farò? »,<sos> cósa fói ? <eos>,<sos> cosa farò ? <eos>
e i vé de dét cói ho carèc dopo,loro entrano coi carretti poi,<sos> e i vé de dét cói ho carèc dopo <eos>,<sos> loro entrano coi carretti poi <eos>
gh'ét fàm Piéro?,hai fame Pietro?,<sos> gh'ét fàm piéro ? <eos>,<sos> hai fame pietro ? <eos>
i htà lé 'm pó a penhà,stanno un po' a pensare,<sos> i htà lé 'm pó a penhà <eos>,<sos> stanno un po' a pensare <eos>
e lü 'l gh'à dìt: — béh,lui ha risposto: — beh,<sos> e lü 'l gh'à dìt béh <eos>,<sos> lui ha risposto beh <eos>
al l'à bötàt en del màr,lo butta nel mare,<sos> al l'à bötàt en del màr <eos>,<sos> lo butta nel mare <eos>
ói da dì chè mé?,cosa devo dire?,<sos> ói da dì chè mé ? <eos>,<sos> cosa devo dire ? <eos>
però mé te ciàe 'n càmerå,ti chiudo in camera,<sos> però mé te ciàe 'n càmerå <eos>,<sos> ti chiudo in camera <eos>
di modo,cosicché,<sos> di modo <eos>,<sos> cosicché <eos>
'l se ciàmå,si chiama,<sos> 'l se ciàmå <eos>,<sos> si chiama <eos>
e la clòhå,e la chioccia,<sos> e la clòhå <eos>,<sos> e la chioccia <eos>
gira de ché e gira de lé,gira qua e là,<sos> gira de ché e gira de lé <eos>,<sos> gira qua e là <eos>
fàdå tütå de müscol,fatta tutta di muschio,<sos> fàdå tütå de müscol <eos>,<sos> fatta tutta di muschio <eos>
ma non la godrài,ma non la godrai,<sos> ma non la godrài <eos>,<sos> ma non la godrai <eos>
mé gh'ó de durmì! —,io devo dormire —,<sos> mé gh'ó de durmì ! <eos>,<sos> io devo dormire <eos>
'hto Piéro,Pietro,<sos> 'hto piéro <eos>,<sos> pietro <eos>
và a cà domàndega ala tò fómna chèl che ülì,"vai a casa, chiedi alla tua donna quello che volete",<sos> và a cà domàndega ala tò fómna chèl che ülì <eos>,"<sos> vai a casa , chiedi alla tua donna quello che volete <eos>"
e i ghe n'a dai śó tate de chi bòte,gli han dato tante di quelle botte,<sos> e i ghe n'a dai śó tate de chi bòte <eos>,<sos> gli han dato tante di quelle botte <eos>
è 'nài töc a partecipà a 'sta caccia,vi hanno partecipato,<sos> è 'nài töc a partecipà a 'sta caccia <eos>,<sos> vi hanno partecipato <eos>
e trèi nòc,e tre notti,<sos> e trèi nòc <eos>,<sos> e tre notti <eos>
ala tò estassiù,alla tal stazione,<sos> ala tò estassiù <eos>,<sos> alla tal stazione <eos>
tùrnå 'ndré,torna indietro,<sos> tùrnå 'ndré <eos>,<sos> torna indietro <eos>
ghe śbate śó 'm pò de lègna,vi butto un po' di legna,<sos> ghe śbate śó 'm pò de lègna <eos>,<sos> vi butto un po' di legna <eos>
piàno piàno,pian piano,<sos> piàno piàno <eos>,<sos> pian piano <eos>
óter å 'ndé de déter on da gròttå,entrate nella grotta,<sos> óter å 'ndé de déter on da gròttå <eos>,<sos> entrate nella grotta <eos>
ål ghe dìs:,gli dice:,<sos> ål ghe dìs <eos>,<sos> gli dice <eos>
vi-àm!,e via!,<sos> vi-àm ! <eos>,<sos> e via ! <eos>
— öet chè?,— cosa vuoi?,<sos> öet chè ? <eos>,<sos> cosa vuoi ? <eos>
con chèl incantésim ilò,con quell'incantesimo,<sos> con chèl incantésim ilò <eos>,<sos> con quell'incantesimo <eos>
e 'l rè 'l gh'à dìt:,e il re gli ha detto:,<sos> e 'l rè 'l gh'à dìt <eos>,<sos> e il re gli ha detto <eos>
le ónde i ha calmà-a,le onde si calmavano,<sos> le ónde i ha calmà-a <eos>,<sos> le onde si calmavano <eos>
e lé töta contéta la h'è fada incurunà ön'imperatrice,poi lei tutta contenta si è fatta incoronare imperatrice,<sos> e lé töta contéta la h'è fada incurunà ön'imperatrice <eos>,<sos> poi lei tutta contenta si è fatta incoronare imperatrice <eos>
— béh,— beh,<sos> béh <eos>,<sos> beh <eos>
quàndo,quando,<sos> quàndo <eos>,<sos> quando <eos>
l'acqua che à ciapàt sö,dell'acqua presa,<sos> l'acqua che à ciapàt sö <eos>,<sos> dell'acqua presa <eos>
la gh'à 'nsegnàt la strada:,la vecchietta le aveva insegnato la strada:,<sos> la gh'à 'nsegnàt la strada <eos>,<sos> la vecchietta le aveva insegnato la strada <eos>
« 'l prìm mehtér che ta ha meteré dré a fa,« il primo mestiere che comincerete a fare,<sos> 'l prìm mehtér che ta ha meteré dré a fa <eos>,<sos> il primo mestiere che comincerete a fare <eos>
l'è 'ndài hóta la tàola a pestà 'l pì-er,è andato sotto la tavola a pestare il pepe,<sos> l'è 'ndài hóta la tàola a pestà 'l pì-er <eos>,<sos> è andato sotto la tavola a pestare il pepe <eos>
adèh ål vurà 'gnì chilò 'l padrù... »,adesso vorrà ben arrivare il padrone...»,<sos> adèh ål vurà 'gnì chilò 'l padrù . . . <eos>,<sos> adesso vorrà ben arrivare il padrone . . . <eos>
l'à ést la cèrva,ha visto la cerva,<sos> l'à ést la cèrva <eos>,<sos> ha visto la cerva <eos>
"— pehì, bèl pehì","— pesciolino, bel pesciolino","<sos> pehì , bèl pehì <eos>","<sos> pesciolino , bel pesciolino <eos>"
— mé sé ó durmìt —,dormito,<sos> mé sé ó durmìt <eos>,<sos> dormito <eos>
— té Paulì,— Paolino,<sos> té paulì <eos>,<sos> paolino <eos>
metìt so 'l perülì,attaccato il paiolo,<sos> metìt so 'l perülì <eos>,<sos> attaccato il paiolo <eos>
am turnerà 'ndré —,torneremo indietro —,<sos> am turnerà 'ndré <eos>,<sos> torneremo indietro <eos>
e 'l fà:,e dice:,<sos> e 'l fà <eos>,<sos> e dice <eos>
e la prìmå bès-ciå che rìå la matìnå e bé-e,e il primo fra noi che arriverà a bere al mattino,<sos> e la prìmå bès-ciå che rìå la matìnå e bé-e <eos>,<sos> e il primo fra noi che arriverà a bere al mattino <eos>
"che quàndo 'l sarès 'gnìt lü, l'arès pensàt lü",che quando sarebbe tornato ci avrebbe pensato lui,"<sos> che quàndo 'l sarès 'gnìt lü , l'arès pensàt lü <eos>",<sos> che quando sarebbe tornato ci avrebbe pensato lui <eos>
e la t'à dìt de dìm sémper sö 'l ruśare,ti ha detto di recitarmelo sempre,<sos> e la t'à dìt de dìm sémper sö 'l ruśare <eos>,<sos> ti ha detto di recitarmelo sempre <eos>
"l'à dervìt, al ghe h'è ri-àt a dervì",è riuscito ad aprire,"<sos> l'à dervìt , al ghe h'è ri-àt a dervì <eos>",<sos> è riuscito ad aprire <eos>
cume la püdì-å fà 'ostå tùśå,come poteva aver fatto,<sos> cume la püdì-å fà 'ostå tùśå <eos>,<sos> come poteva aver fatto <eos>
e té te sé stàt übidiént,e tu sei stato ubbidiente,<sos> e té te sé stàt übidiént <eos>,<sos> e tu sei stato ubbidiente <eos>
Öna óltå,Una volta,<sos> öna óltå <eos>,<sos> una volta <eos>
ma dòpo lü,poi,<sos> ma dòpo lü <eos>,<sos> poi <eos>
la l'à metìdå 'n d'ü bèl lèt,poi l'ha messa in un bel letto,<sos> la l'à metìdå 'n d'ü bèl lèt <eos>,<sos> poi l'ha messa in un bel letto <eos>
— cohè?,— che cosa?,<sos> cohè ? <eos>,<sos> che cosa ? <eos>
— 'ndù-e ś' vài a tölå?,— dove si va a prenderla?,<sos> 'ndù-e ś' vài a tölå ? <eos>,<sos> dove si va a prenderla ? <eos>
'l ghe l'à turnada a metì en na hò bórsa,l'ha rimessa nella borsa,<sos> 'l ghe l'à turnada a metì en na hò bórsa <eos>,<sos> l'ha rimessa nella borsa <eos>
la l'à bütat fò 'n dol órt,l'ha buttato nell'orto,<sos> la l'à bütat fò 'n dol órt <eos>,<sos> l'ha buttato nell'orto <eos>
"dòpo i và là, i và là",vanno e vanno,"<sos> dòpo i và là , i và là <eos>",<sos> vanno e vanno <eos>
cünta de nént,poco importa,<sos> cünta de nént <eos>,<sos> poco importa <eos>
— e cóme mài che la gh'à i bràs? —,— come mai hai le braccia? —,<sos> e cóme mài che la gh'à i bràs ? <eos>,<sos> come mai hai le braccia ? <eos>
pò lü l'à ülìt endà per hò cönt,poi lui ha voluto andare per conto suo,<sos> pò lü l'à ülìt endà per hò cönt <eos>,<sos> poi lui ha voluto andare per conto suo <eos>
— öe 'ndà — 'l dìs — a lo l'àlbero-che-se-àlså-e-che-se-śbàså,— voglio andare a prendere l'albero-che-si-alza-e-si-abbassa,<sos> öe 'ndà 'l dìs a lo l'àlbero-che-se-àlså-e-che-se-śbàså <eos>,<sos> voglio andare a prendere l'albero-che-si-alza-e-si-abbassa <eos>
te 'nsigneró la vià de ri-à,per arrivare,<sos> te 'nsigneró la vià de ri-à <eos>,<sos> per arrivare <eos>
"chèl che gh'éå mìå li gambe sche-èhe, che 'ndà-å pò là","che non aveva le gambe rotte, camminava","<sos> chèl che gh'éå mìå li gambe sche-èhe , che 'ndà-å pò là <eos>","<sos> che non aveva le gambe rotte , camminava <eos>"
taulì paréjå! —,tavolino apparecchia! —,<sos> taulì paréjå ! <eos>,<sos> tavolino apparecchia ! <eos>
a à cunuhìc,li ha conosciuti,<sos> a à cunuhìc <eos>,<sos> li ha conosciuti <eos>
e lé istìdå 'n biànch,e lei vestita di bianco,<sos> e lé istìdå 'n biànch <eos>,<sos> e lei vestita di bianco <eos>
se lü l'è bù — 'l dìs — de fà 'l mestér,se lei è capace di fare il mestiere,<sos> se lü l'è bù 'l dìs de fà 'l mestér <eos>,<sos> se lei è capace di fare il mestiere <eos>
madóna signùr per carità!,Signore per carità!,<sos> madóna signùr per carità ! <eos>,<sos> signore per carità ! <eos>
e ü papà,e un papà,<sos> e ü papà <eos>,<sos> e un papà <eos>
tütå la stòrgiå,tutta la storia,<sos> tütå la stòrgiå <eos>,<sos> tutta la storia <eos>
la cumìnciå:,comincia:,<sos> la cumìnciå <eos>,<sos> comincia <eos>
ål curirà amó per la cità,correrà per la città,<sos> ål curirà amó per la cità <eos>,<sos> correrà per la città <eos>
la séra la 'à gliò,di sera va all'albergo,<sos> la séra la 'à gliò <eos>,<sos> di sera va all'albergo <eos>
a fà 'l sò servisio militare,a fare il suo servizio militare,<sos> a fà 'l sò servisio militare <eos>,<sos> a fare il suo servizio militare <eos>
— ma cóme mài?,— ma come mai?,<sos> ma cóme mài ? <eos>,<sos> ma come mai ? <eos>
de lé e póche nòc,dopo poche notti,<sos> de lé e póche nòc <eos>,<sos> dopo poche notti <eos>
ünå egiasìnå,una vecchietta,<sos> ünå egiasìnå <eos>,<sos> una vecchietta <eos>
e alura,allora,<sos> e alura <eos>,<sos> allora <eos>
"de chi che càntå, de chi che sónå",e che suonano,"<sos> de chi che càntå , de chi che sónå <eos>",<sos> e che suonano <eos>
— próå,— prova,<sos> próå <eos>,<sos> prova <eos>
ma dòpo quàndo ca i à ìst,ma quando hanno visto,<sos> ma dòpo quàndo ca i à ìst <eos>,<sos> ma quando hanno visto <eos>
la farà,dirà,<sos> la farà <eos>,<sos> dirà <eos>
"i 'gnirà pò hö, i me cuparà —","i ladri saliranno, ci ammazzeranno —","<sos> i 'gnirà pò hö , i me cuparà <eos>","<sos> i ladri saliranno , ci ammazzeranno <eos>"
e la gh'à metìt so 'l cu-èrcol,e ha messo sopra il coperchio,<sos> e la gh'à metìt so 'l cu-èrcol <eos>,<sos> e ha messo sopra il coperchio <eos>
è saltài fò tüddù,si sono alzati tutti e due,<sos> è saltài fò tüddù <eos>,<sos> si sono alzati tutti e due <eos>
è stada lé 'm pó,è rimasta lì un po',<sos> è stada lé 'm pó <eos>,<sos> è rimasta lì un po' <eos>
— madóra — la dìh — che éra 'gnìc a' de mé,— madonna! erano venuti anche da me,<sos> madóra la dìh che éra 'gnìc a' de mé <eos>,<sos> madonna ! erano venuti anche da me <eos>
e mé 'nvéce ó mìå durmìt,io invece no,<sos> e mé 'nvéce ó mìå durmìt <eos>,<sos> io invece no <eos>
— ói de dì chè?,— allora cosa devo dire?,<sos> ói de dì chè ? <eos>,<sos> allora cosa devo dire ? <eos>
— nò fà niènt,— non fa niente,<sos> nò fà niènt <eos>,<sos> non fa niente <eos>
perchè töt ol mónt,perché tutto il mondo,<sos> perchè töt ol mónt <eos>,<sos> perché tutto il mondo <eos>
— pòtå ma,— pota ma,<sos> pòtå ma <eos>,<sos> pota ma <eos>
i maià-a,mangiavano,<sos> i maià-a <eos>,<sos> mangiavano <eos>
e öna èśgia,e una vecchia,<sos> e öna èśgia <eos>,<sos> e una vecchia <eos>
adèh là fó bèla! »,mi capita bella »,<sos> adèh là fó bèla ! <eos>,<sos> mi capita bella <eos>
e gliùra l'è partida a' lé,allora è partita,<sos> e gliùra l'è partida a' lé <eos>,<sos> allora è partita <eos>
prima de lahala 'nà,prima di lasciare andare Rosalba,<sos> prima de lahala 'nà <eos>,<sos> prima di lasciare andare rosalba <eos>
de sügur —,di sicuro —,<sos> de sügur <eos>,<sos> di sicuro <eos>
da fà i fregaröi,per fare i fregaròli?,<sos> da fà i fregaröi <eos>,<sos> per fare i fregaròli ? <eos>
e l'è 'ndàdå denàh el rè,è andata dinnanzi al re,<sos> e l'è 'ndàdå denàh el rè <eos>,<sos> è andata dinnanzi al re <eos>
và bé,va bene,<sos> và bé <eos>,<sos> va bene <eos>
e töc i ha meterèh ai mé pè,e tutti si metterebbero ai miei piedi,<sos> e töc i ha meterèh ai mé pè <eos>,<sos> e tutti si metterebbero ai miei piedi <eos>
e g'érå fò,erano fuori,<sos> e g'érå fò <eos>,<sos> erano fuori <eos>
ga mancà-a anche la cù-a,gli mancava anche la coda,<sos> ga mancà-a anche la cù-a <eos>,<sos> gli mancava anche la coda <eos>
strét per la stólå —,stretto con la stola —,<sos> strét per la stólå <eos>,<sos> stretto con la stola <eos>
amò con de 'sti bastù,ancora con quei bastoni,<sos> amò con de 'sti bastù <eos>,<sos> ancora con quei bastoni <eos>
encö,oggi,<sos> encö <eos>,<sos> oggi <eos>
e mé l'ó bacàt —,poi ho dovuto picchiarlo —,<sos> e mé l'ó bacàt <eos>,<sos> poi ho dovuto picchiarlo <eos>
mé ói endà e tru-à la mé màma,voglio andare a trovare mia madre,<sos> mé ói endà e tru-à la mé màma <eos>,<sos> voglio andare a trovare mia madre <eos>
— mé ga òi tàt bé a chèla s-cèta lé,— io voglio tanto bene a quella ragazza,<sos> mé ga òi tàt bé a chèla s-cèta lé <eos>,<sos> io voglio tanto bene a quella ragazza <eos>
con chèl fagutì gliò?,con quel fagottino?,<sos> con chèl fagutì gliò ? <eos>,<sos> con quel fagottino ? <eos>
dal dé è 'ndade a girà,di giorno sono andate a passeggiare,<sos> dal dé è 'ndade a girà <eos>,<sos> di giorno sono andate a passeggiare <eos>
ma dòpo 'l préit ål gi à fàt enségnå de,ma il parroco gli ha fatto segno,<sos> ma dòpo 'l préit ål gi à fàt enségnå de <eos>,<sos> ma il parroco gli ha fatto segno <eos>
"'m punì de argótå, la ghe l'purtà-å al sò òm de mangià","un po' di qualcosa, lo portava a suo marito","<sos> 'm punì de argótå , la ghe l'purtà-å al sò òm de mangià <eos>","<sos> un po' di qualcosa , lo portava a suo marito <eos>"
che te sé amà a tép!,tu sei ancora in tempo!,<sos> che te sé amà a tép ! <eos>,<sos> tu sei ancora in tempo ! <eos>
pahàt gió,passato giù,<sos> pahàt gió <eos>,<sos> passato giù <eos>
dòpo de ö momènt che è,dopo un po',<sos> dòpo de ö momènt che è <eos>,<sos> dopo un po' <eos>
'ntàt lùr,intanto loro,<sos> 'ntàt lùr <eos>,<sos> intanto loro <eos>
"la mangia, la bìf e la ha di-èrt","mangia, beve e si diverte","<sos> la mangia , la bìf e la ha di-èrt <eos>","<sos> mangia , beve e si diverte <eos>"
"e lü 'l l'à tignìt em pó, pò l'à dìt essè:","lui l'ha tenuta per un po', poi dice:","<sos> e lü 'l l'à tignìt em pó , pò l'à dìt essè <eos>","<sos> lui l'ha tenuta per un po' , poi dice <eos>"
l'è 'ndàc sö amó 'sta sèrva,la serva è andata ancora,<sos> l'è 'ndàc sö amó 'sta sèrva <eos>,<sos> la serva è andata ancora <eos>
e alura lé i à stabilìt la paga,poi hanno stabilito la paga,<sos> e alura lé i à stabilìt la paga <eos>,<sos> poi hanno stabilito la paga <eos>
pò è partìc,e sono partiti,<sos> pò è partìc <eos>,<sos> e sono partiti <eos>
è diventato tutto di marmo,è diventato tutto di marmo,<sos> è diventato tutto di marmo <eos>,<sos> è diventato tutto di marmo <eos>
e gliùrå,allora,<sos> e gliùrå <eos>,<sos> allora <eos>
on d'ü bèl tòch de campagna,in un gran pezzo di campagna,<sos> on d'ü bèl tòch de campagna <eos>,<sos> in un gran pezzo di campagna <eos>
i mé s-cèì te hé a' higür che he i vé,"se i miei figli arrivano, sei sicura",<sos> i mé s-cèì te hé a' higür che he i vé <eos>,"<sos> se i miei figli arrivano , sei sicura <eos>"
— óter å 'ndé 'n sércå dèla Bèlla-Pastórå nèh? —,"— voi andate in cerca della Bella-Pastora, non è vero? —",<sos> óter å 'ndé 'n sércå dèla bèlla-pastórå nèh ? <eos>,"<sos> voi andate in cerca della bella-pastora , non è vero ? <eos>"
'l gh'érå jó tréi cahe de ór,c'erano tre casse d'oro,<sos> 'l gh'érå jó tréi cahe de ór <eos>,<sos> c'erano tre casse d'oro <eos>
'l mèt sö amò 'l sò mantèl militàr,ha indossato ancora il suo mantello,<sos> 'l mèt sö amò 'l sò mantèl militàr <eos>,<sos> ha indossato ancora il suo mantello <eos>
chilo 'l gh'è argü —,qui c'è qualcuno —,<sos> chilo 'l gh'è argü <eos>,<sos> qui c'è qualcuno <eos>
chèla fómna lé l'è tremènda! »,quella donna è tremenda! »,<sos> chèla fómna lé l'è tremènda ! <eos>,<sos> quella donna è tremenda ! <eos>
lü l'è restàt di marmo,e lui è rimasto di marmo,<sos> lü l'è restàt di marmo <eos>,<sos> e lui è rimasto di marmo <eos>
— l'è 'm pó che te spetàe,— è un po' che ti aspetto,<sos> l'è 'm pó che te spetàe <eos>,<sos> è un po' che ti aspetto <eos>
'n d'ü paìs,in un paese,<sos> 'n d'ü paìs <eos>,<sos> in un paese <eos>
a halvà 'l mé papà,per salvare mio padre,<sos> a halvà 'l mé papà <eos>,<sos> per salvare mio padre <eos>
— và bé,— va bene,<sos> và bé <eos>,<sos> va bene <eos>
'nnàh ü tuchèl amò,avanti ancora un po',<sos> 'nnàh ü tuchèl amò <eos>,<sos> avanti ancora un po' <eos>
a fale mangià,per farle mangiare,<sos> a fale mangià <eos>,<sos> per farle mangiare <eos>
'l gh'à dìt ela hò fómnå:,e ha detto alla sua donna:,<sos> 'l gh'à dìt ela hò fómnå <eos>,<sos> e ha detto alla sua donna <eos>
li fómne i h'è ultade 'ndré,le donne si sono voltate,<sos> li fómne i h'è ultade 'ndré <eos>,<sos> le donne si sono voltate <eos>
e pò 'n dol bigaröl la metìå sèmper déter,poi ogni volta metteva nel grembiule,<sos> e pò 'n dol bigaröl la metìå sèmper déter <eos>,<sos> poi ogni volta metteva nel grembiule <eos>
culìch!,culìch!,<sos> culìch ! <eos>,<sos> culìch ! <eos>
e tö dré nigü,ma non prendere con te nessuno,<sos> e tö dré nigü <eos>,<sos> ma non prendere con te nessuno <eos>
— hét vegnìt Piéro?,— sei arrivato Pietro?,<sos> hét vegnìt piéro ? <eos>,<sos> sei arrivato pietro ? <eos>
ala tór,alla torre,<sos> ala tór <eos>,<sos> alla torre <eos>
— piàno piàno!,— piano piano!,<sos> piàno piàno ! <eos>,<sos> piano piano ! <eos>
« com'éla pò 'hta htòria? »,« com'è questa storia? »,<sos> com'éla pò 'hta htòria ? <eos>,<sos> com'è questa storia ? <eos>
l'è htàt lé ö momentì a pensaga hö:,è rimasto un momento a pensare:,<sos> l'è htàt lé ö momentì a pensaga hö <eos>,<sos> è rimasto un momento a pensare <eos>
i ha regórda piö la fòrmula magica,non si ricordavano più la formula magica,<sos> i ha regórda piö la fòrmula magica <eos>,<sos> non si ricordavano più la formula magica <eos>
e śöga e fömà e haltà,"a giocare, fumare e saltare",<sos> e śöga e fömà e haltà <eos>,"<sos> a giocare , fumare e saltare <eos>"
ca la gh'éå mìa pura gna' d'la stréå,perché lei non aveva paura della strega,<sos> ca la gh'éå mìa pura gna' d'la stréå <eos>,<sos> perché lei non aveva paura della strega <eos>
chi che l'à salvàdå,chi l'ha salvata,<sos> chi che l'à salvàdå <eos>,<sos> chi l'ha salvata <eos>
fò hólc,e giù soldi,<sos> fò hólc <eos>,<sos> e giù soldi <eos>
la ha śvéglia,si sveglia,<sos> la ha śvéglia <eos>,<sos> si sveglia <eos>
l'è 'ndàt de hùrå,è andato di sopra,<sos> l'è 'ndàt de hùrå <eos>,<sos> è andato di sopra <eos>
"gh'ó gnè' cà, gnè' tèc","non ho né casa, né tetto","<sos> gh'ó gnè' cà , gnè' tèc <eos>","<sos> non ho né casa , né tetto <eos>"
l'à purtàt a' chèl'àcquå! »,ha portato anche l'acqua »,<sos> l'à purtàt a' chèl'àcquå ! <eos>,<sos> ha portato anche l'acqua <eos>
perchè se de nò,perché altrimenti,<sos> perchè se de nò <eos>,<sos> perché altrimenti <eos>
la ga dìh al hò marito: — ada,ha detto al marito: — guarda,<sos> la ga dìh al hò marito ada <eos>,<sos> ha detto al marito guarda <eos>
ü castèllo fatato,un castello fatato,<sos> ü castèllo fatato <eos>,<sos> un castello fatato <eos>
và bé,va bene,<sos> và bé <eos>,<sos> va bene <eos>
"dòpo restì ché, mé hó èc",ma io sono vecchio,"<sos> dòpo restì ché , mé hó èc <eos>",<sos> ma io sono vecchio <eos>
e pò me l' mange,e poi me lo mangio,<sos> e pò me l' mange <eos>,<sos> e poi me lo mangio <eos>
e i è 'ndài là,sono partiti,<sos> e i è 'ndài là <eos>,<sos> sono partiti <eos>
a 'ndó śó cói mé amìs,andrò coi miei amici,<sos> a 'ndó śó cói mé amìs <eos>,<sos> andrò coi miei amici <eos>
am töléf vù?,mi prende lei?,<sos> am töléf vù ? <eos>,<sos> mi prende lei ? <eos>
e pòtå i érå pò gliò che i tacà-å bègå,stavano litigando,<sos> e pòtå i érå pò gliò che i tacà-å bègå <eos>,<sos> stavano litigando <eos>
la 'ndà-å pò lé nèh,anzi andava lei,<sos> la 'ndà-å pò lé nèh <eos>,<sos> anzi andava lei <eos>
e pò dòpo lü 'l Gioanì 'l gi à dìt: — mé edès,e poi Giovannino ha detto: — adesso io,<sos> e pò dòpo lü 'l gioanì 'l gi à dìt mé edès <eos>,<sos> e poi giovannino ha detto adesso io <eos>
e lü 'l gh'à dìt: — nò l uré-e mìå cupàt!,quello ha risposto: — no non volevo ammazzarti!,<sos> e lü 'l gh'à dìt nò l uré-e mìå cupàt ! <eos>,<sos> quello ha risposto no non volevo ammazzarti ! <eos>
e che i éra dìc,e che avevano detto:,<sos> e che i éra dìc <eos>,<sos> e che avevano detto <eos>
— té canarì parla amò!,— canarino parla ancora!,<sos> té canarì parla amò ! <eos>,<sos> canarino parla ancora ! <eos>
he me dé chèl vestére che gh'è höl hulér con chèl che gh'è déter,"datemi quell'armadio che c'è sul solaio, con quello che c'è dentro",<sos> he me dé chèl vestére che gh'è höl hulér con chèl che gh'è déter <eos>,"<sos> datemi quell'armadio che c'è sul solaio , con quello che c'è dentro <eos>"
che gh'è ön imperatrice che l'è piö tànt de mé?,se c'è un'imperatrice che è più di me?,<sos> che gh'è ön imperatrice che l'è piö tànt de mé ? <eos>,<sos> se c'è un'imperatrice che è più di me ? <eos>
pò a' chèl al vuléå bastunàl,anche quello voleva bastonarlo,<sos> pò a' chèl al vuléå bastunàl <eos>,<sos> anche quello voleva bastonarlo <eos>
e lé 'ndo che la l'à ìstå,ma lei appena l'ha vista,<sos> e lé 'ndo che la l'à ìstå <eos>,<sos> ma lei appena l'ha vista <eos>
dòpo de 'm pò,dopo un po',<sos> dòpo de 'm pò <eos>,<sos> dopo un po' <eos>
l'à fàt sö come öna còrda,ha messo insieme una specie di corda,<sos> l'à fàt sö come öna còrda <eos>,<sos> ha messo insieme una specie di corda <eos>
e quàndo ca l'è 'gnìt em pó fósch i gh'éå de pahà,quando s'è fatto un po' buio dovevano passare,<sos> e quàndo ca l'è 'gnìt em pó fósch i gh'éå de pahà <eos>,<sos> quando s'è fatto un po' buio dovevano passare <eos>
pòta è intequàter,sono ventiquattro,<sos> pòta è intequàter <eos>,<sos> sono ventiquattro <eos>
e lé ì la mèt amò 'n preśù,e l'hanno messo ancora in prigione,<sos> e lé ì la mèt amò 'n preśù <eos>,<sos> e l'hanno messo ancora in prigione <eos>
śà che hó dré a faga 'l mangià per lùr,già che sto preparando da mangiare,<sos> śà che hó dré a faga 'l mangià per lùr <eos>,<sos> già che sto preparando da mangiare <eos>
di estìc,dei vestiti,<sos> di estìc <eos>,<sos> dei vestiti <eos>
i ha regorderà,si ricorderà,<sos> i ha regorderà <eos>,<sos> si ricorderà <eos>
e te diró,e ti dirò,<sos> e te diró <eos>,<sos> e ti dirò <eos>
se te me respóndet « la vìtå »,se mi risponderai « la vita »,<sos> se te me respóndet la vìtå <eos>,<sos> se mi risponderai la vita <eos>
htà ché höla postada,stai qui appostata,<sos> htà ché höla postada <eos>,<sos> stai qui appostata <eos>
hö 'n töte le vìe,in tutte le vie,<sos> hö 'n töte le vìe <eos>,<sos> in tutte le vie <eos>
— eéh — 'l dìs — hó al falimét — al dìs —,— sono in fallimento,<sos> eéh 'l dìs hó al falimét al dìs <eos>,<sos> sono in fallimento <eos>
mé l'ó troàt! —,io l'ho trovato!,<sos> mé l'ó troàt ! <eos>,<sos> io l'ho trovato ! <eos>
lé la gh'à preparàt de sénå prèst,e quando il mago è tornato a casa,<sos> lé la gh'à preparàt de sénå prèst <eos>,<sos> e quando il mago è tornato a casa <eos>
lü 'l fà:,l'uomo anziano dice:,<sos> lü 'l fà <eos>,<sos> l'uomo anziano dice <eos>
è stàt ogliò,è rimasto sveglio,<sos> è stàt ogliò <eos>,<sos> è rimasto sveglio <eos>
— pòta cóme 'm fài? —,— come facciamo?,<sos> pòta cóme 'm fài ? <eos>,<sos> come facciamo ? <eos>
al dìs:,e il re dice:,<sos> al dìs <eos>,<sos> e il re dice <eos>
l'è 'gnìt gió trèi crape de mórt,sono cadute tre teste di morto,<sos> l'è 'gnìt gió trèi crape de mórt <eos>,<sos> sono cadute tre teste di morto <eos>
adèh ål 'gnirà i carabignér,adesso verranno i carabinieri,<sos> adèh ål 'gnirà i carabignér <eos>,<sos> adesso verranno i carabinieri <eos>
— ma 'ndo scapéf śùena issé de córsa?,— dove scappi ragazza così di corsa?,<sos> ma 'ndo scapéf śùena issé de córsa ? <eos>,<sos> dove scappi ragazza così di corsa ? <eos>
— cohè? — l'à dìt,— cosa? —,<sos> cohè ? l'à dìt <eos>,<sos> cosa ? <eos>
te gh'é ràbbiå,— tu hai rabbia,<sos> te gh'é ràbbiå <eos>,<sos> tu hai rabbia <eos>
« la vita o la mòrte? »,« la vita o la morte? »,<sos> la vita o la mòrte ? <eos>,<sos> la vita o la morte ? <eos>
e 'ndré e inàs,avanti e indietro,<sos> e 'ndré e inàs <eos>,<sos> avanti e indietro <eos>
al gh'éra gna' a' la fórsa de remà,senza neppure la forza di remare,<sos> al gh'éra gna' a' la fórsa de remà <eos>,<sos> senza neppure la forza di remare <eos>
frrr!,frrr!,<sos> frrr ! <eos>,<sos> frrr ! <eos>
scrignulì d'la farìnå,in fondo al paniere,<sos> scrignulì d'la farìnå <eos>,<sos> in fondo al paniere <eos>
pòtå dòpo è caminàc,poi si sonò avviati,<sos> pòtå dòpo è caminàc <eos>,<sos> poi si sonò avviati <eos>
hpehègå ciàpel!,prendilo alla svelta!,<sos> hpehègå ciàpel ! <eos>,<sos> prendilo alla svelta ! <eos>
ed li tuśe che cuśìa di laùr dür,delle ragazze che cucivano delle cose dure,<sos> ed li tuśe che cuśìa di laùr dür <eos>,<sos> delle ragazze che cucivano delle cose dure <eos>
e dòpo i h'è pò spuśàc e i à fàt pastì e pastù,poi loro si sono sposati e han fatto pastino e pastone,<sos> e dòpo i h'è pò spuśàc e i à fàt pastì e pastù <eos>,<sos> poi loro si sono sposati e han fatto pastino e pastone <eos>
che lùr g'éra amò ìf,erano ancora vivi,<sos> che lùr g'éra amò ìf <eos>,<sos> erano ancora vivi <eos>
guài,erano guai,<sos> guài <eos>,<sos> erano guai <eos>
ergót da mangià,insomma qualcosa da mangiare,<sos> ergót da mangià <eos>,<sos> insomma qualcosa da mangiare <eos>
de tegnì-i de cönt,doveva tenerli da conto,<sos> de tegnì-i de cönt <eos>,<sos> doveva tenerli da conto <eos>
— edès màmå — 'l dìs —,— adesso mamma,<sos> edès màmå 'l dìs <eos>,<sos> adesso mamma <eos>
Paulì che balà-å con lé,e Paolino ballava con lei,<sos> paulì che balà-å con lé <eos>,<sos> e paolino ballava con lei <eos>
e 'l ga dà:,e dice:,<sos> e 'l ga dà <eos>,<sos> e dice <eos>
fina che a fórha de śgirà 'l bóhch,finché a forza di girare il bosco,<sos> fina che a fórha de śgirà 'l bóhch <eos>,<sos> finché a forza di girare il bosco <eos>
ta rumpiré 'stå nùs,rompila,<sos> ta rumpiré 'stå nùs <eos>,<sos> rompila <eos>
se 'm gh'arà li palanche,se avremo dei soldi,<sos> se 'm gh'arà li palanche <eos>,<sos> se avremo dei soldi <eos>
che söla mé pòrtå,davanti alla mia porta,<sos> che söla mé pòrtå <eos>,<sos> davanti alla mia porta <eos>
lü l'à fàt:,il giovane ha gridato:,<sos> lü l'à fàt <eos>,<sos> il giovane ha gridato <eos>
"i è 'gnìt töta la śét, i l'à brancàt","è venuta tutta la gente, l'hanno preso","<sos> i è 'gnìt töta la śét , i l'à brancàt <eos>","<sos> è venuta tutta la gente , l'hanno preso <eos>"
chèl màt ål ge dìh essè: — ,quello matto dice,<sos> chèl màt ål ge dìh essè <eos>,<sos> quello matto dice <eos>
'l gh'érå la lünå,c'era la luna,<sos> 'l gh'érå la lünå <eos>,<sos> c'era la luna <eos>
— e pò adès te 'ndaré 'n dol lèt sènså hénå,— adesso andrai a letto senza cena,<sos> e pò adès te 'ndaré 'n dol lèt sènså hénå <eos>,<sos> adesso andrai a letto senza cena <eos>
"hé hé, ah mé adès la fó jó! —",ora la faccio! —,"<sos> hé hé , ah mé adès la fó jó ! <eos>",<sos> ora la faccio ! <eos>
mé 'l tègne ché ontéra,io la tengo volentieri,<sos> mé 'l tègne ché ontéra <eos>,<sos> io la tengo volentieri <eos>
e curune,corone,<sos> e curune <eos>,<sos> corone <eos>
e la resüscitarà,risusciterà,<sos> e la resüscitarà <eos>,<sos> risusciterà <eos>
"— hé hé, 'ndóm 'dóm — ål dìs —","— andiamo, andiamo","<sos> hé hé , 'ndóm 'dóm ål dìs <eos>","<sos> andiamo , andiamo <eos>"
amò,ancora,<sos> amò <eos>,<sos> ancora <eos>
e gliùra,allora,<sos> e gliùra <eos>,<sos> allora <eos>
— ah te uré-et cupàm! —,"— ah, volevi ammazzarmi! —",<sos> ah te uré-et cupàm ! <eos>,"<sos> ah , volevi ammazzarmi ! <eos>"
l'à hàc so la sò alìs,ha fatto la valigia,<sos> l'à hàc so la sò alìs <eos>,<sos> ha fatto la valigia <eos>
e 'l gh'éra anche dù bastimènc,il signor Bigliardi aveva anche due bastimenti,<sos> e 'l gh'éra anche dù bastimènc <eos>,<sos> il signor bigliardi aveva anche due bastimenti <eos>
vià 'n guèrå che 'l m'è mórt i sò dù fiulì,in guerra che mi sono morti i suoi due figli,<sos> vià 'n guèrå che 'l m'è mórt i sò dù fiulì <eos>,<sos> in guerra che mi sono morti i suoi due figli <eos>
te gh'éset de 'gnì a ède chèl che la gh'à déter!,dovresti venire a vedere cosa c'è dentro!,<sos> te gh'éset de 'gnì a ède chèl che la gh'à déter ! <eos>,<sos> dovresti venire a vedere cosa c'è dentro ! <eos>
— và fò a töga hö la sciàbola al papà —,— vai a raccogliere la sciabola al papà —,<sos> và fò a töga hö la sciàbola al papà <eos>,<sos> vai a raccogliere la sciabola al papà <eos>
la parlà-å de nòt,e parlava di notte,<sos> la parlà-å de nòt <eos>,<sos> e parlava di notte <eos>
« ardé che 'ndó hó 'gnida!,« guarda dove sono capitata!,<sos> ardé che 'ndó hó 'gnida ! <eos>,<sos> guarda dove sono capitata ! <eos>
al vèt che la rìå 'stå fómnå,arriva la donna,<sos> al vèt che la rìå 'stå fómnå <eos>,<sos> arriva la donna <eos>
e 'l Giuanì tüt cuntét,Giovannino tutto contento,<sos> e 'l giuanì tüt cuntét <eos>,<sos> giovannino tutto contento <eos>
'esto préit mórt ål gi à dìt:,il prete morto gli ha detto:,<sos> 'esto préit mórt ål gi à dìt <eos>,<sos> il prete morto gli ha detto <eos>
ségn che só mórt,è segno che sono morto,<sos> ségn che só mórt <eos>,<sos> è segno che sono morto <eos>
tüt prónt tüt preparàt per la sérå dòpo,tutto è pronto preparato per la sera dopo,<sos> tüt prónt tüt preparàt per la sérå dòpo <eos>,<sos> tutto è pronto preparato per la sera dopo <eos>
pòtå lü 'l la sìa mìa che éra i sò fiöi ma,non sapeva che erano figli suoi ma,<sos> pòtå lü 'l la sìa mìa che éra i sò fiöi ma <eos>,<sos> non sapeva che erano figli suoi ma <eos>
però àrdå la me perdùnå pròpe piö,ma guarda che non mi perdonerà più,<sos> però àrdå la me perdùnå pròpe piö <eos>,<sos> ma guarda che non mi perdonerà più <eos>
a hquarciagóla chèla fórmula ché,a squarciagola la formula,<sos> a hquarciagóla chèla fórmula ché <eos>,<sos> a squarciagola la formula <eos>
ha tróe ché a cà de per mé,sono qui da sola,<sos> ha tróe ché a cà de per mé <eos>,<sos> sono qui da sola <eos>
diga ca la ègne sö,a dirle di venire,<sos> diga ca la ègne sö <eos>,<sos> a dirle di venire <eos>
la h'è bötàda śó lé 'ssé 'm banda,le si è avvicinata,<sos> la h'è bötàda śó lé 'ssé 'm banda <eos>,<sos> le si è avvicinata <eos>
al vé,viene,<sos> al vé <eos>,<sos> viene <eos>
'l pasa amó 'sto casadùr,passa di nuovo il cacciatore,<sos> 'l pasa amó 'sto casadùr <eos>,<sos> passa di nuovo il cacciatore <eos>
lùr i vuléå mìå crédel,loro non volevano crederci,<sos> lùr i vuléå mìå crédel <eos>,<sos> loro non volevano crederci <eos>
e pènse ch'i sarà dré amò a fà festa,io penso che staranno facendo festa ancora adesso,<sos> e pènse ch'i sarà dré amò a fà festa <eos>,<sos> io penso che staranno facendo festa ancora adesso <eos>
l'è 'ndàt,quello è andato,<sos> l'è 'ndàt <eos>,<sos> quello è andato <eos>
té t 'ó ho — 'l dìh — chèl biànch,tu porta via quello bianco,<sos> té t 'ó ho 'l dìh chèl biànch <eos>,<sos> tu porta via quello bianco <eos>
l'è hà öna fómna töta disperada,arriva una donna disperata,<sos> l'è hà öna fómna töta disperada <eos>,<sos> arriva una donna disperata <eos>
e gh'ìa lé 'm pó de fèr de batì:,e aveva un po' di ferri da battere,<sos> e gh'ìa lé 'm pó de fèr de batì <eos>,<sos> e aveva un po' di ferri da battere <eos>
dìm chèl che te öe,— sentiamo cosa vuoi,<sos> dìm chèl che te öe <eos>,<sos> sentiamo cosa vuoi <eos>
"potà la s'è cambiàda, pò l'è 'ndacia",si è cambiata ed è andata,"<sos> potà la s'è cambiàda , pò l'è 'ndacia <eos>",<sos> si è cambiata ed è andata <eos>
t'ediré dol'àcquå,vedrai dell'acqua,<sos> t'ediré dol'àcquå <eos>,<sos> vedrai dell'acqua <eos>
"— madóna mé! — la ghe dìs lé, la l'à tràt endré de cursa la horelìnå, l'à dìt:",— mamma mia! — la sorellina ha subito tirato indietro il fratello:,"<sos> madóna mé ! la ghe dìs lé , la l'à tràt endré de cursa la horelìnå , l'à dìt <eos>",<sos> mamma mia ! la sorellina ha subito tirato indietro il fratello <eos>
l'à dìt:,ha detto:,<sos> l'à dìt <eos>,<sos> ha detto <eos>
me dé de mangià e de bìe,ci date da mangiare e da bere,<sos> me dé de mangià e de bìe <eos>,<sos> ci date da mangiare e da bere <eos>
la mé moér l'éra hènsa... »,mia moglie era senza... »,<sos> la mé moér l'éra hènsa . . . <eos>,<sos> mia moglie era senza . . . <eos>
ma biśognà-å ède!,bisognava vedere!,<sos> ma biśognà-å ède ! <eos>,<sos> bisognava vedere ! <eos>
difati,infatti,<sos> difati <eos>,<sos> infatti <eos>
la öl dì-entà la sciùra princìpèha —,vuol diventare la signora principessa —,<sos> la öl dì-entà la sciùra princìpèha <eos>,<sos> vuol diventare la signora principessa <eos>
i è 'grnìt,erano diventati,<sos> i è 'grnìt <eos>,<sos> erano diventati <eos>
è stàc ogliò cìrcå ü més,sono rimasti lì circa un mese,<sos> è stàc ogliò cìrcå ü més <eos>,<sos> sono rimasti lì circa un mese <eos>
adès cóme fói? »,adesso come faccio? »,<sos> adès cóme fói ? <eos>,<sos> adesso come faccio ? <eos>
"te ediré, ål te 'gnirà d'encùtrå",vedrai che ti verranno incontro,"<sos> te ediré , ål te 'gnirà d'encùtrå <eos>",<sos> vedrai che ti verranno incontro <eos>
pasàt ün àn,passato un anno,<sos> pasàt ün àn <eos>,<sos> passato un anno <eos>
e la l'à metìt,l'ha messo,<sos> e la l'à metìt <eos>,<sos> l'ha messo <eos>
e fìn che 'l ciapà-å ünà che 'l la spuśà-å,e finché non trovava una che lo sposasse,<sos> e fìn che 'l ciapà-å ünà che 'l la spuśà-å <eos>,<sos> e finché non trovava una che lo sposasse <eos>
'nsöma — 'l dìh —,insomma — dice —,<sos> 'nsöma 'l dìh <eos>,<sos> insomma dice <eos>
égne a fàt cumpagnìå —,— vengo a farti compagnia —,<sos> égne a fàt cumpagnìå <eos>,<sos> vengo a farti compagnia <eos>
che 'ssé 'm dorma dòpo,così poi dormiremo,<sos> che 'ssé 'm dorma dòpo <eos>,<sos> così poi dormiremo <eos>
nu-ìhå,novella,<sos> nu-ìhå <eos>,<sos> novella <eos>
la prèdå la s'è quarciàdå gió,la pietra si è richiusa,<sos> la prèdå la s'è quarciàdå gió <eos>,<sos> la pietra si è richiusa <eos>
e gliùra 'l rè 'l gh'à dìc:,allora il re le dice:,<sos> e gliùra 'l rè 'l gh'à dìc <eos>,<sos> allora il re le dice <eos>
'l ga böta hö de maià,e la getta da mangiare,<sos> 'l ga böta hö de maià <eos>,<sos> e la getta da mangiare <eos>
e 'm prümaéra,in primavera,<sos> e 'm prümaéra <eos>,<sos> in primavera <eos>
regórdet,ricordati,<sos> regórdet <eos>,<sos> ricordati <eos>
— adès m'à superàt li trèi nòc —,— adesso abbiamo superato le tre notti —,<sos> adès m'à superàt li trèi nòc <eos>,<sos> adesso abbiamo superato le tre notti <eos>
a cüntà sö la sò stória,a raccontare la loro storia,<sos> a cüntà sö la sò stória <eos>,<sos> a raccontare la loro storia <eos>
'ta lé la ga dìs ni-ènt,lei non dice niente,<sos> 'ta lé la ga dìs ni-ènt <eos>,<sos> lei non dice niente <eos>
però quàndo che te rì-et pò 'n di paìs la hérå,ma quando di sera arrivi nei paesi,<sos> però quàndo che te rì-et pò 'n di paìs la hérå <eos>,<sos> ma quando di sera arrivi nei paesi <eos>
mé de palanche te n'dó mìå nèh,che non ti dò soldi,<sos> mé de palanche te n'dó mìå nèh <eos>,<sos> che non ti dò soldi <eos>
ma hó mìa he te ga ri-eré a halvasta,ma non so se riuscirai a salvarti,<sos> ma hó mìa he te ga ri-eré a halvasta <eos>,<sos> ma non so se riuscirai a salvarti <eos>
e chi mi paleserà,e chi mi paleserà,<sos> e chi mi paleserà <eos>,<sos> e chi mi paleserà <eos>
öna s-cèta hènsa bràs,a una ragazza senza braccia,<sos> öna s-cèta hènsa bràs <eos>,<sos> a una ragazza senza braccia <eos>
per fàm möre o per fàm di-entà,per farci morire o per farci diventare,<sos> per fàm möre o per fàm di-entà <eos>,<sos> per farci morire o per farci diventare <eos>
i gh'à dàt fò de mangià,le hanno dato da mangiare,<sos> i gh'à dàt fò de mangià <eos>,<sos> le hanno dato da mangiare <eos>
perchè i l'ìa cia-àda de dét en giöna stansa,che era chiusa a chiave in una stanza,<sos> perchè i l'ìa cia-àda de dét en giöna stansa <eos>,<sos> che era chiusa a chiave in una stanza <eos>
e chèl là,quello,<sos> e chèl là <eos>,<sos> quello <eos>
ol rè lé 'l gh'à dàt sö tüc 'esti laùr che la gh'éå hercàt,il re poi le ha dato tutte le cose che aveva domandato,<sos> ol rè lé 'l gh'à dàt sö tüc 'esti laùr che la gh'éå hercàt <eos>,<sos> il re poi le ha dato tutte le cose che aveva domandato <eos>
— nò — 'l dìs —,dice:,<sos> nò 'l dìs <eos>,<sos> dice <eos>
suspéśå,incerta,<sos> suspéśå <eos>,<sos> incerta <eos>
al h'è ardàt in giro,si è guardato in giro,<sos> al h'è ardàt in giro <eos>,<sos> si è guardato in giro <eos>
del pà 'nn'è mìa,pane non ce n'è,<sos> del pà 'nn'è mìa <eos>,<sos> pane non ce n'è <eos>
perchè mé dà jà chi laùr igliò pöde mìa,perché io non posso dare queste cose,<sos> perchè mé dà jà chi laùr igliò pöde mìa <eos>,<sos> perché io non posso dare queste cose <eos>
« adès,« adesso,<sos> adès <eos>,<sos> adesso <eos>
che 'l ga dà-a 'sta s-cèta,gli avrebbe dato la figlia,<sos> che 'l ga dà-a 'sta s-cèta <eos>,<sos> gli avrebbe dato la figlia <eos>
e tüc i dé,e tutti i giorni,<sos> e tüc i dé <eos>,<sos> e tutti i giorni <eos>
o hòrse avrò śbagliàt àch a cüntài »,o forse avrò sbagliato a contarle »,<sos> o hòrse avrò śbagliàt àch a cüntài <eos>,<sos> o forse avrò sbagliato a contarle <eos>
ål tùrnå 'ndré,torna indietro,<sos> ål tùrnå 'ndré <eos>,<sos> torna indietro <eos>
ma 'l gh'à töt l'incantéśimo e l'è 'gnida bèla śùena,ma le avevano tolto l'incantesimo ed è ritornata giovane,<sos> ma 'l gh'à töt l'incantéśimo e l'è 'gnida bèla śùena <eos>,<sos> ma le avevano tolto l'incantesimo ed è ritornata giovane <eos>
quàndo ca l'è ri-àt,quando è arrivato il cestello di vimini,<sos> quàndo ca l'è ri-àt <eos>,<sos> quando è arrivato il cestello di vimini <eos>
te gh'é de spuśàl,tu dovrai sposare,<sos> te gh'é de spuśàl <eos>,<sos> tu dovrai sposare <eos>
potà alura 'l rè l'à comandàt söbet öna hquàdra,così il re ha inviato subito una squadra,<sos> potà alura 'l rè l'à comandàt söbet öna hquàdra <eos>,<sos> così il re ha inviato subito una squadra <eos>
höl sulér e lücià:,sul solaio a piangere,<sos> höl sulér e lücià <eos>,<sos> sul solaio a piangere <eos>
la séra dopo,la sera dopo,<sos> la séra dopo <eos>,<sos> la sera dopo <eos>
perchè quando arriverài alle pòrte dèlla città,perché quando arriverai alle porte della città,<sos> perchè quando arriverài alle pòrte dèlla città <eos>,<sos> perché quando arriverai alle porte della città <eos>
tàchete!,tachete!,<sos> tàchete ! <eos>,<sos> tachete ! <eos>
adì per endà,guardate per andare,<sos> adì per endà <eos>,<sos> guardate per andare <eos>
vé a rìa del màr che ói parlàt —,vieni a riva del mare che voglio parlarti —,<sos> vé a rìa del màr che ói parlàt <eos>,<sos> vieni a riva del mare che voglio parlarti <eos>
"ma lü 'sto leù l'érå famàt, ål ge diśéà:",ma il leone era affamato e rispondeva:,"<sos> ma lü 'sto leù l'érå famàt , ål ge diśéà <eos>",<sos> ma il leone era affamato e rispondeva <eos>
e gliùra śó ön'ótra htangada,allora giù un'altra bastonata,<sos> e gliùra śó ön'ótra htangada <eos>,<sos> allora giù un'altra bastonata <eos>
ål gh'érå,c'era,<sos> ål gh'érå <eos>,<sos> c'era <eos>
preparàt sà de tüt,ha apparecchiato di tutto,<sos> preparàt sà de tüt <eos>,<sos> ha apparecchiato di tutto <eos>
— élå 'gnìdå l'àgolå?,— è venuta l'aquila?,<sos> élå 'gnìdå l'àgolå ? <eos>,<sos> è venuta l'aquila ? <eos>
l'è 'ndada avanti,è andata avanti,<sos> l'è 'ndada avanti <eos>,<sos> è andata avanti <eos>
chi mi sènte,chi mi sente,<sos> chi mi sènte <eos>,<sos> chi mi sente <eos>
— perchè? — 'l dìh,— perché?,<sos> perchè ? 'l dìh <eos>,<sos> perché ? <eos>
al ga dìh ol Signùr:,il Signore gli dice:,<sos> al ga dìh ol signùr <eos>,<sos> il signore gli dice <eos>
e lü 'sto ]uanì,e Giovannino,<sos> e lü 'sto uanì <eos>,<sos> e giovannino <eos>
e pò lü,poi,<sos> e pò lü <eos>,<sos> poi <eos>
lé la gh'à dàt śó öna sciabolada,lei ha dato una sciabolata,<sos> lé la gh'à dàt śó öna sciabolada <eos>,<sos> lei ha dato una sciabolata <eos>
— hé hé,— sì,<sos> hé hé <eos>,<sos> sì <eos>
önå nèdrå éjå,una vecchia anatra,<sos> önå nèdrå éjå <eos>,<sos> una vecchia anatra <eos>
'l ne pàså sés,sei,<sos> 'l ne pàså sés <eos>,<sos> sei <eos>
sùrå tace uśilì,sopra tanti uccellini,<sos> sùrå tace uśilì <eos>,<sos> sopra tanti uccellini <eos>
"gh'è lé i servitùr, i vé hà hübet: « óh sciùra padruna",accorre la servitù: — oh signora padrona,"<sos> gh'è lé i servitùr , i vé hà hübet óh sciùra padruna <eos>",<sos> accorre la servitù oh signora padrona <eos>
e la gh'à fàt ni-ènt,e non ha fatto niente,<sos> e la gh'à fàt ni-ènt <eos>,<sos> e non ha fatto niente <eos>
gh'aró pò de dài d'entènde che è 'sto leù? »,che cosa devo raccontare al leone? »,<sos> gh'aró pò de dài d'entènde che è 'sto leù ? <eos>,<sos> che cosa devo raccontare al leone ? <eos>
e lü 'sto sciòr ål gi à dìt: — mé gh'ó ünå bèlå vìllå,e quel signore ha risposto: — io ho una bella villa,<sos> e lü 'sto sciòr ål gi à dìt mé gh'ó ünå bèlå vìllå <eos>,<sos> e quel signore ha risposto io ho una bella villa <eos>
'm vel lośarà,ve lo alloggeremo,<sos> 'm vel lośarà <eos>,<sos> ve lo alloggeremo <eos>
'nvéce de stà lé quàter dé,invece di restare quattro giorni,<sos> 'nvéce de stà lé quàter dé <eos>,<sos> invece di restare quattro giorni <eos>
fìn che dòpo i gh'è pò ri-àc,finché sono riusciti,<sos> fìn che dòpo i gh'è pò ri-àc <eos>,<sos> finché sono riusciti <eos>
i mangià-å,mangiavano,<sos> i mangià-å <eos>,<sos> mangiavano <eos>
'l ga arda,lui lo guarda,<sos> 'l ga arda <eos>,<sos> lui lo guarda <eos>
"— éh, 'à là, 'à là matahì",— va là mattacchione,"<sos> éh , 'à là , 'à là matahì <eos>",<sos> va là mattacchione <eos>
e tö jó i póm,a raccogliere le mele,<sos> e tö jó i póm <eos>,<sos> a raccogliere le mele <eos>
'l fà haltà pignate,le pignatte,<sos> 'l fà haltà pignate <eos>,<sos> le pignatte <eos>
hö 'n töc i castèi,in tutti i castelli,<sos> hö 'n töc i castèi <eos>,<sos> in tutti i castelli <eos>
che dopo,che dopo,<sos> che dopo <eos>,<sos> che dopo <eos>
l'è ri-àt a' lü 'l prìncipe,anche il principe è arrivato,<sos> l'è ri-àt a' lü 'l prìncipe <eos>,<sos> anche il principe è arrivato <eos>
e isé,così,<sos> e isé <eos>,<sos> così <eos>
che he éra anche bröc,che se anche erano brutti,<sos> che he éra anche bröc <eos>,<sos> che se anche erano brutti <eos>
i l'à metìt déter,l'hanno messo dentro,<sos> i l'à metìt déter <eos>,<sos> l'hanno messo dentro <eos>
pò i è turnàc endré,poi son tornati indietro,<sos> pò i è turnàc endré <eos>,<sos> poi son tornati indietro <eos>
a lücià,a piangere,<sos> a lücià <eos>,<sos> a piangere <eos>
giü,uno,<sos> giü <eos>,<sos> uno <eos>
e i ma coperà töi tré —,e ci ammazzeranno tutti e tre —,<sos> e i ma coperà töi tré <eos>,<sos> e ci ammazzeranno tutti e tre <eos>
sö dré ala muntàgnå,in un posto su per la montagna,<sos> sö dré ala muntàgnå <eos>,<sos> in un posto su per la montagna <eos>
m'à saìt a' tròp,abbiamo saputo anche troppo,<sos> m'à saìt a' tròp <eos>,<sos> abbiamo saputo anche troppo <eos>
'l gh'è 'gnìt en cör la tèrså nùs,si è ricordata della terza noce,<sos> 'l gh'è 'gnìt en cör la tèrså nùs <eos>,<sos> si è ricordata della terza noce <eos>
tùrnå 'ndré!,torna indietro!,<sos> tùrnå 'ndré ! <eos>,<sos> torna indietro ! <eos>
pòta gliò l'à cuminciàt a capì,lui ha cominciato a capire,<sos> pòta gliò l'à cuminciàt a capì <eos>,<sos> lui ha cominciato a capire <eos>
perchè pò te gli a diśet?,— perché lo vai a dire?,<sos> perchè pò te gli a diśet ? <eos>,<sos> perché lo vai a dire ? <eos>
per em pó i è 'ndàt bé istès,per un po' sono stati bene lo stesso,<sos> per em pó i è 'ndàt bé istès <eos>,<sos> per un po' sono stati bene lo stesso <eos>
— madóna — la dìs —,— madonna,<sos> madóna la dìs <eos>,<sos> madonna <eos>
la gh'à dìt essè:,dice al mago:,<sos> la gh'à dìt essè <eos>,<sos> dice al mago <eos>
pàså sö dré ala sò muntàgnå pacìfich e tranquìl,si è avviato pacifico e tranquillo su per la montagna,<sos> pàså sö dré ala sò muntàgnå pacìfich e tranquìl <eos>,<sos> si è avviato pacifico e tranquillo su per la montagna <eos>
e ünå regìnå,e una regina,<sos> e ünå regìnå <eos>,<sos> e una regina <eos>
perchè i tuléå sö apénå i òs,perché raccoglievano solo le ossa,<sos> perchè i tuléå sö apénå i òs <eos>,<sos> perché raccoglievano solo le ossa <eos>
"e l'óter l'è 'gnìt sà, l'à töt fò la lètra del rè",il ciabattino ha preso la lettera del re,"<sos> e l'óter l'è 'gnìt sà , l'à töt fò la lètra del rè <eos>",<sos> il ciabattino ha preso la lettera del re <eos>
per livrà ü pér de scarpe de fèr tuśèi,per consumare un paio di scarpe di ferro ragazzi,<sos> per livrà ü pér de scarpe de fèr tuśèi <eos>,<sos> per consumare un paio di scarpe di ferro ragazzi <eos>
"e l'e ri-àdå jó 'n fónt e 'sto büs, l'à ist üna bèlå pianüra, piènå de piànte de früc","è arrivata in fondo al buco, ha visto una bella pianura con tanti alberi da frutto","<sos> e l'e ri-àdå jó 'n fónt e 'sto büs , l'à ist üna bèlå pianüra , piènå de piànte de früc <eos>","<sos> è arrivata in fondo al buco , ha visto una bella pianura con tanti alberi da frutto <eos>"
la l'à purtàt on da sò cà,l'ha portato in casa,<sos> la l'à purtàt on da sò cà <eos>,<sos> l'ha portato in casa <eos>
"— pehì, bèl pehì","— pesciolino, bel pesciolino","<sos> pehì , bèl pehì <eos>","<sos> pesciolino , bel pesciolino <eos>"
la clòhå cói pu-ì d'ór!,la chioccia coi pulcini d'oro!,<sos> la clòhå cói pu-ì d'ór ! <eos>,<sos> la chioccia coi pulcini d'oro ! <eos>
l'à raspàt sö i hò dù s-cetì śgiü per bràh e vìo!,ha preso i figli in braccio,<sos> l'à raspàt sö i hò dù s-cetì śgiü per bràh e vìo ! <eos>,<sos> ha preso i figli in braccio <eos>
i gh'à dàt fò i sò piàc,e han dato loro i piatti,<sos> i gh'à dàt fò i sò piàc <eos>,<sos> e han dato loro i piatti <eos>
dòpo de 'm pó la h'è htöfàda,dopo un po' si è stancata,<sos> dòpo de 'm pó la h'è htöfàda <eos>,<sos> dopo un po' si è stancata <eos>
l'à töt sö chèl óter aśnì,ha preso l'altro asinello,<sos> l'à töt sö chèl óter aśnì <eos>,<sos> ha preso l'altro asinello <eos>
e 'l camós l'è di-entàt amò ü bèl śùen,e il camoscio è diventato di nuovo un bel giovane,<sos> e 'l camós l'è di-entàt amò ü bèl śùen <eos>,<sos> e il camoscio è diventato di nuovo un bel giovane <eos>
ü finimóndo,un finimondo,<sos> ü finimóndo <eos>,<sos> un finimondo <eos>
e ol famèi,e il famiglio,<sos> e ol famèi <eos>,<sos> e il famiglio <eos>
i hegöta a tira hö töc i temporài,si mettono a far scoppiate temporali,<sos> i hegöta a tira hö töc i temporài <eos>,<sos> si mettono a far scoppiate temporali <eos>
'ndo i combatìa,dove si combatteva,<sos> 'ndo i combatìa <eos>,<sos> dove si combatteva <eos>
fìn che i à buciàt déter en giü che 'l gh'éå li pégure,finché si sono imbattuti in uno che aveva le pecore,<sos> fìn che i à buciàt déter en giü che 'l gh'éå li pégure <eos>,<sos> finché si sono imbattuti in uno che aveva le pecore <eos>
al purtà-å li söi cavrine,portava le caprette,<sos> al purtà-å li söi cavrine <eos>,<sos> portava le caprette <eos>
— la he harà nescursìdå,— si sarà accorta,<sos> la he harà nescursìdå <eos>,<sos> si sarà accorta <eos>
chèl che te hé 'gnìt ché e fà,quello che sei venuto a fare,<sos> chèl che te hé 'gnìt ché e fà <eos>,<sos> quello che sei venuto a fare <eos>
gna' 'l tò papà,né il papà,<sos> gna' 'l tò papà <eos>,<sos> né il papà <eos>
tànt,tanto,<sos> tànt <eos>,<sos> tanto <eos>
la fà finta de és contétå,e ha finto di essere contenta,<sos> la fà finta de és contétå <eos>,<sos> e ha finto di essere contenta <eos>
'l gira a' lü 'n giro ala cà,gira attorno alla casa,<sos> 'l gira a' lü 'n giro ala cà <eos>,<sos> gira attorno alla casa <eos>
ondo gh'è 'n bèl palàs,a un bel palazzo,<sos> ondo gh'è 'n bèl palàs <eos>,<sos> a un bel palazzo <eos>
e i laha pahà nigü nigü nigü,e non lasciano passare proprio nessuno,<sos> e i laha pahà nigü nigü nigü <eos>,<sos> e non lasciano passare proprio nessuno <eos>
e adèh merà che ha mète a laurà perché,e io dovrò mettermi a lavorare perché,<sos> e adèh merà che ha mète a laurà perché <eos>,<sos> e io dovrò mettermi a lavorare perché <eos>
to é a scircà da laurà,— se vai in cerca di lavoro,<sos> to é a scircà da laurà <eos>,<sos> se vai in cerca di lavoro <eos>
"— sé sé, basta guarì! —","— sì, basta guarire! —","<sos> sé sé , basta guarì ! <eos>","<sos> sì , basta guarire ! <eos>"
'ndada a spàs om pó con de 'stå sciùrå,è andata un po' a passeggio con quella signora ,<sos> 'ndada a spàs om pó con de 'stå sciùrå <eos>,<sos> è andata un po' a passeggio con quella signora <eos>
'ndo i gh'éå de 'ndà a fale mangià,dove andare per farle mangiare,<sos> 'ndo i gh'éå de 'ndà a fale mangià <eos>,<sos> dove andare per farle mangiare <eos>
ål sét pò mìå de chi che l'è 'stå cà ché?,non sai di chi è questa casa?,<sos> ål sét pò mìå de chi che l'è 'stå cà ché ? <eos>,<sos> non sai di chi è questa casa ? <eos>
— alura — 'l dìh —,— allora,<sos> alura 'l dìh <eos>,<sos> allora <eos>
e mé pórte a cà chèla,e la porto a casa,<sos> e mé pórte a cà chèla <eos>,<sos> e la porto a casa <eos>
che 'l g'éå dìt 'esto Juanì,di Giovannino,<sos> che 'l g'éå dìt 'esto juanì <eos>,<sos> di giovannino <eos>
però 'l ve manca argótå,però vi manca qualcosa,<sos> però 'l ve manca argótå <eos>,<sos> però vi manca qualcosa <eos>
ma dòpo mórta de fàm,ed era morta di fame,<sos> ma dòpo mórta de fàm <eos>,<sos> ed era morta di fame <eos>
e i cinghiàli,e cinghiali?,<sos> e i cinghiàli <eos>,<sos> e cinghiali ? <eos>
che 'm è ché stìnch ed la fàm?,siamo morti di fame,<sos> che 'm è ché stìnch ed la fàm ? <eos>,<sos> siamo morti di fame <eos>
'l gh'è gliò 'sta egiahìnå,c'era la vecchina,<sos> 'l gh'è gliò 'sta egiahìnå <eos>,<sos> c'era la vecchina <eos>
e 'ncö 'l gh'è tucàt ala fiölå dol rè,oggi è toccato alla figlia del re,<sos> e 'ncö 'l gh'è tucàt ala fiölå dol rè <eos>,<sos> oggi è toccato alla figlia del re <eos>
che 'l ghe harà déter,cerca nella cenere del camino,<sos> che 'l ghe harà déter <eos>,<sos> cerca nella cenere del camino <eos>
gh'è ché nühü... »,qui non c'è nessuno... »,<sos> gh'è ché nühü . . . <eos>,<sos> qui non c'è nessuno . . . <eos>
lé l'è là che la spèta,lei lo sta aspettando,<sos> lé l'è là che la spèta <eos>,<sos> lei lo sta aspettando <eos>
potà ma lùr érå sènsa sòldi,ma i due erano senza soldi,<sos> potà ma lùr érå sènsa sòldi <eos>,<sos> ma i due erano senza soldi <eos>
che i à amò con de 'sto Paulì:,che vanno ancora da questo Paolino,<sos> che i à amò con de 'sto paulì <eos>,<sos> che vanno ancora da questo paolino <eos>
e po' 'l ghe i à tacài sö,poi gliele ha attaccate,<sos> e po' 'l ghe i à tacài sö <eos>,<sos> poi gliele ha attaccate <eos>
śuenòc che càntå,giovanotti che cantano,<sos> śuenòc che càntå <eos>,<sos> giovanotti che cantano <eos>
chèl che óter 'ì fàt per nóter —,quello che avete fatto per noi —,<sos> chèl che óter 'ì fàt per nóter <eos>,<sos> quello che avete fatto per noi <eos>
e l'encóntra amò,e incontra ancora,<sos> e l'encóntra amò <eos>,<sos> e incontra ancora <eos>
l'à ést ön bèl bessutì,ha visto proprio un bell'agnellino,<sos> l'à ést ön bèl bessutì <eos>,<sos> ha visto proprio un bell'agnellino <eos>
chèl che i gh'éå,quello che avevano,<sos> chèl che i gh'éå <eos>,<sos> quello che avevano <eos>
e hö e śó per la vià lónga,su e giù per una strada lunga,<sos> e hö e śó per la vià lónga <eos>,<sos> su e giù per una strada lunga <eos>
nel vedila,appena la guardava,<sos> nel vedila <eos>,<sos> appena la guardava <eos>
Öna ölta,Una volta,<sos> öna ölta <eos>,<sos> una volta <eos>
e fàm mangià di horèch — al dìh —,e farmi mangiare dai topi,<sos> e fàm mangià di horèch al dìh <eos>,<sos> e farmi mangiare dai topi <eos>
tuśilì,bambino,<sos> tuśilì <eos>,<sos> bambino <eos>
a dàgå amò la ìtå a tò fradèl,a dare ancora la vita a tuo fratello,<sos> a dàgå amò la ìtå a tò fradèl <eos>,<sos> a dare ancora la vita a tuo fratello <eos>
"he 'l vuléå pròpe spuśàlå, menemà","se volesse proprio sposarla, d'un tratto","<sos> he 'l vuléå pròpe spuśàlå , menemà <eos>","<sos> se volesse proprio sposarla , d'un tratto <eos>"
ol drago 'l se avànså,il drago avanzava,<sos> ol drago 'l se avànså <eos>,<sos> il drago avanzava <eos>
'ta 'l bèl che à dìt issé,intanto che diceva così,<sos> 'ta 'l bèl che à dìt issé <eos>,<sos> intanto che diceva così <eos>
'n del cimitero,nel cimitero,<sos> 'n del cimitero <eos>,<sos> nel cimitero <eos>
e purtài la rócå e 'l füs,a portarle la rocca e il fuso,<sos> e purtài la rócå e 'l füs <eos>,<sos> a portarle la rocca e il fuso <eos>
a girà amó 'm pó,e girare ancora un po',<sos> a girà amó 'm pó <eos>,<sos> e girare ancora un po' <eos>
e àdå che adès,adesso,<sos> e àdå che adès <eos>,<sos> adesso <eos>
"pò l'à tacàt sö amó la so minestra, la l'à hacia","poi ha messo ancora sul fuoco la minestra, l'ha preparata","<sos> pò l'à tacàt sö amó la so minestra , la l'à hacia <eos>","<sos> poi ha messo ancora sul fuoco la minestra , l'ha preparata <eos>"
e gh'éra anche öna s-cèta mìa tròp bèla,e c'era una ragazza non troppo bella,<sos> e gh'éra anche öna s-cèta mìa tròp bèla <eos>,<sos> e c'era una ragazza non troppo bella <eos>
— am fà ö pato mé e lü,— facciamo un patto,<sos> am fà ö pato mé e lü <eos>,<sos> facciamo un patto <eos>
chèl ca ó dìt mé l'è negótå,quello che ho detto io non è niente,<sos> chèl ca ó dìt mé l'è negótå <eos>,<sos> quello che ho detto io non è niente <eos>
i à cunsàt sö ü tónt de uśèi pelàc,hanno condito un piatto di uccelli pelati,<sos> i à cunsàt sö ü tónt de uśèi pelàc <eos>,<sos> hanno condito un piatto di uccelli pelati <eos>
ma 'l bastimènt l'è piö ri-àt,ma il bastimento non è più arrivato,<sos> ma 'l bastimènt l'è piö ri-àt <eos>,<sos> ma il bastimento non è più arrivato <eos>
e lü 'l gh'à dìt: — dìmol,lui gli ha risposto: — dimmelo,<sos> e lü 'l gh'à dìt dìmol <eos>,<sos> lui gli ha risposto dimmelo <eos>
o che 'l ga hape piö?,o che il pesce non ci sia più?,<sos> o che 'l ga hape piö ? <eos>,<sos> o che il pesce non ci sia più ? <eos>
i camìnå amò,camminano ancora,<sos> i camìnå amò <eos>,<sos> camminano ancora <eos>
té diglio el rè che te 'ndé,tu dì al re che vai,<sos> té diglio el rè che te 'ndé <eos>,<sos> tu dì al re che vai <eos>
"— mìa tata, hùl em pó...","— non molta, almeno un po'...","<sos> mìa tata , hùl em pó . . . <eos>","<sos> non molta , almeno un po' . . . <eos>"
và sö té a edì,va giù te a vedere,<sos> và sö té a edì <eos>,<sos> va giù te a vedere <eos>
óltå pirlå,voltala e rivoltala,<sos> óltå pirlå <eos>,<sos> voltala e rivoltala <eos>
— hó mìa cóha gh'ó de dìt,— non so cosa dirti,<sos> hó mìa cóha gh'ó de dìt <eos>,<sos> non so cosa dirti <eos>
i à bi-ìt,bevuto,<sos> i à bi-ìt <eos>,<sos> bevuto <eos>
ma dòpo,ma poi,<sos> ma dòpo <eos>,<sos> ma poi <eos>
— tè,— te,<sos> tè <eos>,<sos> te <eos>
'ntàt la guadegnà-å ergótå,intanto guadagnava qualcosa,<sos> 'ntàt la guadegnà-å ergótå <eos>,<sos> intanto guadagnava qualcosa <eos>
perchè lé l'éra brüśàt la röśa a' lé,anche a lei è bruciata la rosa,<sos> perchè lé l'éra brüśàt la röśa a' lé <eos>,<sos> anche a lei è bruciata la rosa <eos>
difati,infatti,<sos> difati <eos>,<sos> infatti <eos>
— té leù te staré cùntrå chèl pós igliò,— tu leone starai vicino al pozzo,<sos> té leù te staré cùntrå chèl pós igliò <eos>,<sos> tu leone starai vicino al pozzo <eos>
che 'ncö me fà màl ol có,oggi ho mal di testa,<sos> che 'ncö me fà màl ol có <eos>,<sos> oggi ho mal di testa <eos>
e l'à cüntàt sö la sò ìtå,ha raccontato la sua vita,<sos> e l'à cüntàt sö la sò ìtå <eos>,<sos> ha raccontato la sua vita <eos>
al pàhå dù o tré dé pò 'sto tùh,dopo due o tre giorni al ragazzo,<sos> al pàhå dù o tré dé pò 'sto tùh <eos>,<sos> dopo due o tre giorni al ragazzo <eos>
tütå 'mpas-ciunàdå,tutta arrabbiata,<sos> tütå 'mpas-ciunàdå <eos>,<sos> tutta arrabbiata <eos>
mórta d'la fàm,morta di fame,<sos> mórta d'la fàm <eos>,<sos> morta di fame <eos>
ma arda che gliò se 'l dipènt de ünå strégå,ma guarda che se dipende da una strega,<sos> ma arda che gliò se 'l dipènt de ünå strégå <eos>,<sos> ma guarda che se dipende da una strega <eos>
perchè ghéra ö canalù profónt,perché c'era un canalone profondo,<sos> perchè ghéra ö canalù profónt <eos>,<sos> perché c'era un canalone profondo <eos>
te edaré pò! —,vedrai! —,<sos> te edaré pò ! <eos>,<sos> vedrai ! <eos>
e giü l'ó mès fò 'n dol cantunsì,e uno l'ho messo nel cantuccio,<sos> e giü l'ó mès fò 'n dol cantunsì <eos>,<sos> e uno l'ho messo nel cantuccio <eos>
la fómna ala hira la 'à a mónh la aca,di sera la donna va a mungere la mucca,<sos> la fómna ala hira la 'à a mónh la aca <eos>,<sos> di sera la donna va a mungere la mucca <eos>
'l s'è mài giràt,non s'è mai girato,<sos> 'l s'è mài giràt <eos>,<sos> non s'è mai girato <eos>
e la matìnå prima de partì,"al mattino, prima di partire",<sos> e la matìnå prima de partì <eos>,"<sos> al mattino , prima di partire <eos>"
söl'acqua del mulì,sull'acqua del mulino,<sos> söl'acqua del mulì <eos>,<sos> sull'acqua del mulino <eos>
la quàrta nòt,la quarta notte,<sos> la quàrta nòt <eos>,<sos> la quarta notte <eos>
e quàndo che,e quando,<sos> e quàndo che <eos>,<sos> e quando <eos>
e i à fàt ü pastì e ü pastù,e hanno fatto pastino e pastone,<sos> e i à fàt ü pastì e ü pastù <eos>,<sos> e hanno fatto pastino e pastone <eos>
e gliùra,così,<sos> e gliùra <eos>,<sos> così <eos>
óter,altro,<sos> óter <eos>,<sos> altro <eos>
dam i sólc,dammi i soldi,<sos> dam i sólc <eos>,<sos> dammi i soldi <eos>
ol paimént ål gh'érå piö,non c'era più neanche il pavimento,<sos> ol paimént ål gh'érå piö <eos>,<sos> non c'era più neanche il pavimento <eos>
l'è rotónt,è rotondo,<sos> l'è rotónt <eos>,<sos> è rotondo <eos>
in del falhèt,attaccato dietro —,<sos> in del falhèt <eos>,<sos> attaccato dietro <eos>
dòpo l'è 'gnida granda,poi s'è fatta grande,<sos> dòpo l'è 'gnida granda <eos>,<sos> poi s'è fatta grande <eos>
e gliùrå là 'sto canarì 'l ghe dìs:,allora il canarino le dice:,<sos> e gliùrå là 'sto canarì 'l ghe dìs <eos>,<sos> allora il canarino le dice <eos>
— hé èh,— ah,<sos> hé èh <eos>,<sos> ah <eos>
— 'l dìh — egliùra fà isé,allora fai così:,<sos> 'l dìh egliùra fà isé <eos>,<sos> allora fai così <eos>
— ah Divìn Maèstro — 'l dìh — èh,— ah Divin Maestro,<sos> ah divìn maèstro 'l dìh èh <eos>,<sos> ah divin maestro <eos>
e alura lü l'è turnàt saltà höla strada,allora lui è saltato ancora sulla strada,<sos> e alura lü l'è turnàt saltà höla strada <eos>,<sos> allora lui è saltato ancora sulla strada <eos>
comunque pòtå,comunque,<sos> comunque pòtå <eos>,<sos> comunque <eos>
con sö ü sàch de carne ,con sopra un sacco di carne,<sos> con sö ü sàch de carne <eos>,<sos> con sopra un sacco di carne <eos>
'l ve d'fò Piéro töt...,Pietro esce di prigione /  /  /  /  /  /  /  /  /  /  /  /  /  /  / ,<sos> 'l ve d'fò piéro töt . . . <eos>,<sos> pietro esce di prigione <eos>
à avuto dùe bambini,ha avuto due bambini,<sos> à avuto dùe bambini <eos>,<sos> ha avuto due bambini <eos>
— ma 'ndù-e 'ndét pò té?,— ma dove vai?,<sos> ma 'ndù-e 'ndét pò té ? <eos>,<sos> ma dove vai ? <eos>
e i ghe dìs: — chèsto,dicono: — questo,<sos> e i ghe dìs chèsto <eos>,<sos> dicono questo <eos>
ål pìcå — avanti! —,bussa — avanti! —,<sos> ål pìcå avanti ! <eos>,<sos> bussa avanti ! <eos>
benedèt e pöde mìa dal già,benedetta e non posso cederla,<sos> benedèt e pöde mìa dal già <eos>,<sos> benedetta e non posso cederla <eos>
'm sa ederà śó 'n fónt —,ci vedremo in fondo —,<sos> 'm sa ederà śó 'n fónt <eos>,<sos> ci vedremo in fondo <eos>
cóha l'è che töta la śét ai cór —,"cosa è successo, tutta la gente corre... —",<sos> cóha l'è che töta la śét ai cór <eos>,"<sos> cosa è successo , tutta la gente corre . . . <eos>"
— adèh 'ndo 'm vài? —,— adesso dove andiamo? —,<sos> adèh 'ndo 'm vài ? <eos>,<sos> adesso dove andiamo ? <eos>
e la ga arda gió,l'ha guardata,<sos> e la ga arda gió <eos>,<sos> l'ha guardata <eos>
sapù,il piccone,<sos> sapù <eos>,<sos> il piccone <eos>
'hta cana,la canna,<sos> 'hta cana <eos>,<sos> la canna <eos>
dóla pàciå,del fango,<sos> dóla pàciå <eos>,<sos> del fango <eos>
e chèl pü grànt,a quello più grande,<sos> e chèl pü grànt <eos>,<sos> a quello più grande <eos>
— sé và bé,"— sì, va bene",<sos> sé và bé <eos>,"<sos> sì , va bene <eos>"
hènsa ciapà,senza prendere,<sos> hènsa ciapà <eos>,<sos> senza prendere <eos>
quàch falìe de 'stå matìnå,ci sarà qualche favilla da questa mattina,<sos> quàch falìe de 'stå matìnå <eos>,<sos> ci sarà qualche favilla da questa mattina <eos>
ün óter laùr de fà,fare un'altra cosa,<sos> ün óter laùr de fà <eos>,<sos> fare un'altra cosa <eos>
lü 'l camós ål partìå la matina e 'l 'gnìa la hérå,il camoscio partiva al mattino e tornava di sera,<sos> lü 'l camós ål partìå la matina e 'l 'gnìa la hérå <eos>,<sos> il camoscio partiva al mattino e tornava di sera <eos>
gh'à dìt:,così ha risposto:,<sos> gh'à dìt <eos>,<sos> così ha risposto <eos>
"he te ga rì-et a 'nà de déter, dòpo te ma dèrvet ol purtù","se riesci ad entrare, poi ci aprirai il portone","<sos> he te ga rì-et a 'nà de déter , dòpo te ma dèrvet ol purtù <eos>","<sos> se riesci ad entrare , poi ci aprirai il portone <eos>"
l'ànimå cunfinàdå,l'anima confinata,<sos> l'ànimå cunfinàdå <eos>,<sos> l'anima confinata <eos>
adès — ål dìs — gh'è de deśmes-ciàs fò —,ora dovete sbrigacela —,<sos> adès ål dìs gh'è de deśmes-ciàs fò <eos>,<sos> ora dovete sbrigacela <eos>
"de póm i n'éa mìå mangiàt, g'érå amò tüt famàc","non ne avevano mangiate di mele, erano affamati neri","<sos> de póm i n'éa mìå mangiàt , g'érå amò tüt famàc <eos>","<sos> non ne avevano mangiate di mele , erano affamati neri <eos>"
l'éra la égliò de Nedàl,era la vigilia di Natale,<sos> l'éra la égliò de nedàl <eos>,<sos> era la vigilia di natale <eos>
Lü l'indà-å a ènde li galine,Un tale andava a vendere le galline,<sos> lü l'indà-å a ènde li galine <eos>,<sos> un tale andava a vendere le galline <eos>
— dàmola 'à là!,"— dammela, va' là!",<sos> dàmola 'à là ! <eos>,"<sos> dammela , va' là ! <eos>"
e l'è ri-àdà a ün'ótrå capannå,arrivata a un'altra capanna,<sos> e l'è ri-àdà a ün'ótrå capannå <eos>,<sos> arrivata a un'altra capanna <eos>
— sé sé — 'l dìh,— va bene —,<sos> sé sé 'l dìh <eos>,<sos> va bene <eos>
'ntàt che lü 'l vardà-å cumè la fà-å,intanto che lui guardava cosa facesse,<sos> 'ntàt che lü 'l vardà-å cumè la fà-å <eos>,<sos> intanto che lui guardava cosa facesse <eos>
chèl — la dìs — te la sigüre che 'l ghe rìå mìå,quello te l'assicuro io,<sos> chèl la dìs te la sigüre che 'l ghe rìå mìå <eos>,<sos> quello te l'assicuro io <eos>
he l'è pròpe lé,se è proprio lei,<sos> he l'è pròpe lé <eos>,<sos> se è proprio lei <eos>
lé l'è 'ndada hö,lei è andata dal marchese,<sos> lé l'è 'ndada hö <eos>,<sos> lei è andata dal marchese <eos>
a sercà,a cercare,<sos> a sercà <eos>,<sos> a cercare <eos>
pudéå mandàghei anche ala sò màmå,poteva mandarli anche alla sua mamma,<sos> pudéå mandàghei anche ala sò màmå <eos>,<sos> poteva mandarli anche alla sua mamma <eos>
và bé,così,<sos> và bé <eos>,<sos> così <eos>
m'è restàt öna cavrìna hule!,c'è rimasta solo una capretta!,<sos> m'è restàt öna cavrìna hule ! <eos>,<sos> c'è rimasta solo una capretta ! <eos>
al và,vanno,<sos> al và <eos>,<sos> vanno <eos>
ål rìå 'l rè,arriva il re,<sos> ål rìå 'l rè <eos>,<sos> arriva il re <eos>
dòpo 'm ta metirà 'm présù,dopo ti metteremo in prigione,<sos> dòpo 'm ta metirà 'm présù <eos>,<sos> dopo ti metteremo in prigione <eos>
pöderèhef mìa egnì,non potreste venire,<sos> pöderèhef mìa egnì <eos>,<sos> non potreste venire <eos>
che l'éra partìt a 'nà glià cói sólc,che era partito con i soldi,<sos> che l'éra partìt a 'nà glià cói sólc <eos>,<sos> che era partito con i soldi <eos>
che me prepare de püdé durmì 'sta nòt,io preparo per dormire questa notte,<sos> che me prepare de püdé durmì 'sta nòt <eos>,<sos> io preparo per dormire questa notte <eos>
— födèhei mórt tüc!,— fossero tutti morti! ,<sos> födèhei mórt tüc ! <eos>,<sos> fossero tutti morti ! <eos>
dòpo de 'm pó la dìh: « pòta,dopo un po' ha pensato:,<sos> dòpo de 'm pó la dìh pòta <eos>,<sos> dopo un po' ha pensato <eos>
ma dài 'à là,ma dai,<sos> ma dài 'à là <eos>,<sos> ma dai <eos>
al dìs: — té alura t'é còntàt sö d'le stórie,— allora hai raccontato delle storie,<sos> al dìs té alura t'é còntàt sö d'le stórie <eos>,<sos> allora hai raccontato delle storie <eos>
'nó a cà,torno a casa,<sos> 'nó a cà <eos>,<sos> torno a casa <eos>
e pò i continua,poi vanno avanti,<sos> e pò i continua <eos>,<sos> poi vanno avanti <eos>
l'è 'gnìt sö come öna fiàma,è uscita come una fiamma,<sos> l'è 'gnìt sö come öna fiàma <eos>,<sos> è uscita come una fiamma <eos>
tüc i s'è metìc a lücià,tutti si sono messi a piangere,<sos> tüc i s'è metìc a lücià <eos>,<sos> tutti si sono messi a piangere <eos>
e lé l'à dìt essè:,allora s'è detta:,<sos> e lé l'à dìt essè <eos>,<sos> allora s'è detta <eos>
i l'à brüśàdå,l'han bruciata,<sos> i l'à brüśàdå <eos>,<sos> l'han bruciata <eos>
— ma ché — 'l dìh — ål gh'è 'l di-àol!,— qui c'è il diavolo!,<sos> ma ché 'l dìh ål gh'è 'l di-àol ! <eos>,<sos> qui c'è il diavolo ! <eos>
'l vörà dì,vorrà dire,<sos> 'l vörà dì <eos>,<sos> vorrà dire <eos>
dopo dumà de sérå —,dopodomani sera,<sos> dopo dumà de sérå <eos>,<sos> dopodomani sera <eos>
ma però 'sto casadùr,ma quel cacciatore,<sos> ma però 'sto casadùr <eos>,<sos> ma quel cacciatore <eos>
— óter encö,— oggi voi,<sos> óter encö <eos>,<sos> oggi voi <eos>
e ö hàch amò de ór,e un altro sacco di oro,<sos> e ö hàch amò de ór <eos>,<sos> e un altro sacco di oro <eos>
tanto mé adès,ormai,<sos> tanto mé adès <eos>,<sos> ormai <eos>
al caldi töta nòt,al caldino tutta notte,<sos> al caldi töta nòt <eos>,<sos> al caldino tutta notte <eos>
i è pahài sö cóla pòrtå,sono saliti con la porta,<sos> i è pahài sö cóla pòrtå <eos>,<sos> sono saliti con la porta <eos>
che la gh'éra mìa dài de mangià,quella che non aveva dato da mangiare,<sos> che la gh'éra mìa dài de mangià <eos>,<sos> quella che non aveva dato da mangiare <eos>
ma,ma,<sos> ma <eos>,<sos> ma <eos>
e adès al sàltå fò tüt ol marù! »,adesso si scopre tutto! »,<sos> e adès al sàltå fò tüt ol marù ! <eos>,<sos> adesso si scopre tutto ! <eos>
ma manca negóta,non ci manca niente,<sos> ma manca negóta <eos>,<sos> non ci manca niente <eos>
— mé hó la hò hurèlå e hére pròpe ché a spetà che 'l 'gnìh e cà e diśnà,quella ha aggiunto: — io sono la sorella e sto proprio aspettando che venga a casa a mangiare,<sos> mé hó la hò hurèlå e hére pròpe ché a spetà che 'l 'gnìh e cà e diśnà <eos>,<sos> quella ha aggiunto io sono la sorella e sto proprio aspettando che venga a casa a mangiare <eos>
sé sé sé sé — 'l dìh —,sì sì sì sì — dice —,<sos> sé sé sé sé 'l dìh <eos>,<sos> sì sì sì sì dice <eos>
beh pasénsia!,beh pazienza!,<sos> beh pasénsia ! <eos>,<sos> beh pazienza ! <eos>
— nò!,— no,<sos> nò ! <eos>,<sos> no <eos>
töt morèl l'éra,era proprio pieno di lividi,<sos> töt morèl l'éra <eos>,<sos> era proprio pieno di lividi <eos>
ma nóter åm ve dà piö de mangià,non vi diamo più da mangiare,<sos> ma nóter åm ve dà piö de mangià <eos>,<sos> non vi diamo più da mangiare <eos>
e difati,infatti,<sos> e difati <eos>,<sos> infatti <eos>
e i gi a brüśài töc,e li hanno bruciati tutti,<sos> e i gi a brüśài töc <eos>,<sos> e li hanno bruciati tutti <eos>
e 'l va e 'l và e 'l và e 'l camina,"va, va e va",<sos> e 'l va e 'l và e 'l và e 'l camina <eos>,"<sos> va , va e va <eos>"
pòtå l'érå la hò ómbrå,era la sua ombra,<sos> pòtå l'érå la hò ómbrå <eos>,<sos> era la sua ombra <eos>
gliò ś' và de déter,si entra,<sos> gliò ś' và de déter <eos>,<sos> si entra <eos>
e 'l gh'è rehtàt ol hò castèl,è rimasto solo il castello,<sos> e 'l gh'è rehtàt ol hò castèl <eos>,<sos> è rimasto solo il castello <eos>
ü bèl càp de furmét,un bel campo di frumento,<sos> ü bèl càp de furmét <eos>,<sos> un bel campo di frumento <eos>
e lé la gh'à dìt essè: — 'nvéce scùltem mé,la vecchina le ha detto: — ascoltami,<sos> e lé la gh'à dìt essè 'nvéce scùltem mé <eos>,<sos> la vecchina le ha detto ascoltami <eos>
hó mìa bù de ulà — 'l dìs,non sono più capace di volare,<sos> hó mìa bù de ulà 'l dìs <eos>,<sos> non sono più capace di volare <eos>
mange a' i òs! —,mangio anche le ossa! —,<sos> mange a' i òs ! <eos>,<sos> mangio anche le ossa ! <eos>
e 'l se scónt,e si nasconde,<sos> e 'l se scónt <eos>,<sos> e si nasconde <eos>
quàndo che 'l rìå a metà viàs,quando arriva a metà strada,<sos> quàndo che 'l rìå a metà viàs <eos>,<sos> quando arriva a metà strada <eos>
ogliùrå i à preparàt,così hanno stabilito,<sos> ogliùrå i à preparàt <eos>,<sos> così hanno stabilito <eos>
"öna servènta, la gh'à dìc","una serva, le chiede","<sos> öna servènta , la gh'à dìc <eos>","<sos> una serva , le chiede <eos>"
la öl vèh öna contèha —,vuole essere una contessa —,<sos> la öl vèh öna contèha <eos>,<sos> vuole essere una contessa <eos>
e la hò spuśa,e sua moglie,<sos> e la hò spuśa <eos>,<sos> e sua moglie <eos>
el campohanto —,al camposanto —,<sos> el campohanto <eos>,<sos> al camposanto <eos>
che m'endarà jó,che andrà giù,<sos> che m'endarà jó <eos>,<sos> che andrà giù <eos>
gh'ó amò ü piasér de dumandàt,ho ancora un piacere da chiederti,<sos> gh'ó amò ü piasér de dumandàt <eos>,<sos> ho ancora un piacere da chiederti <eos>
e gliùra,allora,<sos> e gliùra <eos>,<sos> allora <eos>
— sé sé,"— sì, sì",<sos> sé sé <eos>,"<sos> sì , sì <eos>"
biśógna che àe a tö,devo andare a prendere,<sos> biśógna che àe a tö <eos>,<sos> devo andare a prendere <eos>
e lü 'sto òm,quell'uomo,<sos> e lü 'sto òm <eos>,<sos> quell'uomo <eos>
Gh'éra öna ólta,C'era una volta,<sos> gh'éra öna ólta <eos>,<sos> c'era una volta <eos>
e 'l gh'éra dét chèl pehì fatàt,c'era dentro quel pesciolino fatato,<sos> e 'l gh'éra dét chèl pehì fatàt <eos>,<sos> c'era dentro quel pesciolino fatato <eos>
i ne fà-a,ne facevano,<sos> i ne fà-a <eos>,<sos> ne facevano <eos>
al gh'à 'ntimàt guèra,ha intimato guerra,<sos> al gh'à 'ntimàt guèra <eos>,<sos> ha intimato guerra <eos>
óter l'è stàdå finìdå,così è stata finita,<sos> óter l'è stàdå finìdå <eos>,<sos> così è stata finita <eos>
ma l'éra tàt brào,ma era tanto bravo,<sos> ma l'éra tàt brào <eos>,<sos> ma era tanto bravo <eos>
— vèdet là śó chèla piàna là? — 'l dìh —,— vedi quella pianura?,<sos> vèdet là śó chèla piàna là ? 'l dìh <eos>,<sos> vedi quella pianura ? <eos>
e 'l và hö,va su,<sos> e 'l và hö <eos>,<sos> va su <eos>
l'incontra śgiü,incontra un tale,<sos> l'incontra śgiü <eos>,<sos> incontra un tale <eos>
i sò pursèi,i maiali,<sos> i sò pursèi <eos>,<sos> i maiali <eos>
"— pehì, bèl pehì","— pesciolino, bel pesciolino","<sos> pehì , bèl pehì <eos>","<sos> pesciolino , bel pesciolino <eos>"
'ndo 'l gh'érå déter la stréå,dove c'era la strega,<sos> 'ndo 'l gh'érå déter la stréå <eos>,<sos> dove c'era la strega <eos>
e l'è 'nada,è andata,<sos> e l'è 'nada <eos>,<sos> è andata <eos>
anche le bòte le hé-es miga stade piéne de 'ì ma,"anche le botti non fossero piene di vino, ma",<sos> anche le bòte le hé-es miga stade piéne de 'ì ma <eos>,"<sos> anche le botti non fossero piene di vino , ma <eos>"
la ha mèt idré:,e quella si mette a gridare:,<sos> la ha mèt idré <eos>,<sos> e quella si mette a gridare <eos>
mète mé apòst! — al dìh,sistemo io,<sos> mète mé apòst ! al dìh <eos>,<sos> sistemo io <eos>
e rrrrrr!,e rrrrrr!,<sos> e rrrrrr ! <eos>,<sos> e rrrrrr ! <eos>
tìnch!,tìnch!,<sos> tìnch ! <eos>,<sos> tìnch ! <eos>
potà,pota,<sos> potà <eos>,<sos> pota <eos>
— ada ché — 'l dìh —,— guardi,<sos> ada ché 'l dìh <eos>,<sos> guardi <eos>
lü l'è pròpe stàt,è sempre stato,<sos> lü l'è pròpe stàt <eos>,<sos> è sempre stato <eos>
"al ga arda, l'è töta piéna de hólc","la guarda, è tutta piena di soldi","<sos> al ga arda , l'è töta piéna de hólc <eos>","<sos> la guarda , è tutta piena di soldi <eos>"
"— hé hé l'ó ciapàdå, l'ó ciapàdå —",— sì —,"<sos> hé hé l'ó ciapàdå , l'ó ciapàdå <eos>",<sos> sì <eos>
chèl lé 'l guarés piö èh! —,quello non guarisce più —,<sos> chèl lé 'l guarés piö èh ! <eos>,<sos> quello non guarisce più <eos>
— 'à dol tal esciòr,— vai dal tal signore,<sos> 'à dol tal esciòr <eos>,<sos> vai dal tal signore <eos>
mé,io,<sos> mé <eos>,<sos> io <eos>
te manca amà argótå:,ma ti manca ancora qualcosa,<sos> te manca amà argótå <eos>,<sos> ma ti manca ancora qualcosa <eos>
töt mòrt,tutto è morto,<sos> töt mòrt <eos>,<sos> tutto è morto <eos>
i me n'à 'nvidàt gna' ü bucù,non me ne hanno offerto neppure un boccone,<sos> i me n'à 'nvidàt gna' ü bucù <eos>,<sos> non me ne hanno offerto neppure un boccone <eos>
i ghe n'à dài ö falì hö 'n d'ö höpèl,gliene han dato un po' su uno zoccolo,<sos> i ghe n'à dài ö falì hö 'n d'ö höpèl <eos>,<sos> gliene han dato un po' su uno zoccolo <eos>
— dübitå mìa — 'l dìs — che mé faró 'ssè!,"— non dubitare, farò così!",<sos> dübitå mìa 'l dìs che mé faró 'ssè ! <eos>,"<sos> non dubitare , farò così ! <eos>"
edès,adesso,<sos> edès <eos>,<sos> adesso <eos>
— te diśe che l'à purtàt dol daérå,— ti dico che ha portato davvero,<sos> te diśe che l'à purtàt dol daérå <eos>,<sos> ti dico che ha portato davvero <eos>
i ga fà anche 'l regàl,si deve fare anche un regalo,<sos> i ga fà anche 'l regàl <eos>,<sos> si deve fare anche un regalo <eos>
'l gh'à turnàt metì dét la 'ndòrmìa,gli ha messo di nuovo il sonnifero,<sos> 'l gh'à turnàt metì dét la 'ndòrmìa <eos>,<sos> gli ha messo di nuovo il sonnifero <eos>
'ta ma hecóme lü,ma siccome lui,<sos> 'ta ma hecóme lü <eos>,<sos> ma siccome lui <eos>
tö hö i cà e i gàc,i cani e i gatti,<sos> tö hö i cà e i gàc <eos>,<sos> i cani e i gatti <eos>
s' sènt negót,non sente niente,<sos> s' sènt negót <eos>,<sos> non sente niente <eos>
co d'öna alìs de hólc,e una valigia di soldi,<sos> co d'öna alìs de hólc <eos>,<sos> e una valigia di soldi <eos>
e pò pòtå,e poi pota,<sos> e pò pòtå <eos>,<sos> e poi pota <eos>
quàndo che l'è ri-àt,quando il re è arrivato di sera...,<sos> quàndo che l'è ri-àt <eos>,<sos> quando il re è arrivato di sera . . . <eos>
— a 'ndó,— vado,<sos> a 'ndó <eos>,<sos> vado <eos>
ol rè l'è restàt,il re è rimasto di stucco,<sos> ol rè l'è restàt <eos>,<sos> il re è rimasto di stucco <eos>
— àrdega ché cóma l'è 'gnìt chèl òm lé! —,— guarda com'è diventato quell'uomo!,<sos> àrdega ché cóma l'è 'gnìt chèl òm lé ! <eos>,<sos> guarda com'è diventato quell'uomo ! <eos>
la segóndå nòt,la seconda notte,<sos> la segóndå nòt <eos>,<sos> la seconda notte <eos>
chi che śg'è,chi fossero,<sos> chi che śg'è <eos>,<sos> chi fossero <eos>
óter,altro,<sos> óter <eos>,<sos> altro <eos>
dù fradèi,due fratelli,<sos> dù fradèi <eos>,<sos> due fratelli <eos>
o chèl ch'i gh'arà dàt perchè èra pu-arì pu-arì,o quel poco che le avranno date perché erano tanto poveri,<sos> o chèl ch'i gh'arà dàt perchè èra pu-arì pu-arì <eos>,<sos> o quel poco che le avranno date perché erano tanto poveri <eos>
lü 'l Giuanì 'l gi à dìt essè:,Giovannino gli ha detto:,<sos> lü 'l giuanì 'l gi à dìt essè <eos>,<sos> giovannino gli ha detto <eos>
perchè i pöl anche mürì,perché possono anche morire,<sos> perchè i pöl anche mürì <eos>,<sos> perché possono anche morire <eos>
fàm endà tüt e piche a' i pu-ì!,farmi perdere anche tutti i pulcini!,<sos> fàm endà tüt e piche a' i pu-ì ! <eos>,<sos> farmi perdere anche tutti i pulcini ! <eos>
töt ehpelachiàt pò a' lü!,era tutto spelacchiato!,<sos> töt ehpelachiàt pò a' lü ! <eos>,<sos> era tutto spelacchiato ! <eos>
— éh ma té!,— ma,<sos> éh ma té ! <eos>,<sos> ma <eos>
e te sé sügürå che alméno i è mórc,e sei sicura che moriranno,<sos> e te sé sügürå che alméno i è mórc <eos>,<sos> e sei sicura che moriranno <eos>
e pò con d'ö cüśgianì de chèl'ègua lé 'l guarìs,e poi con un cucchiaino di quell'acqua guarirà,<sos> e pò con d'ö cüśgianì de chèl'ègua lé 'l guarìs <eos>,<sos> e poi con un cucchiaino di quell'acqua guarirà <eos>
de quàndo 'l s'éra spuśàt cóla prima spùśå,di quando si era sposato con la prima moglie,<sos> de quàndo 'l s'éra spuśàt cóla prima spùśå <eos>,<sos> di quando si era sposato con la prima moglie <eos>
gh'ìe öna fàm!,avevo una fame!,<sos> gh'ìe öna fàm ! <eos>,<sos> avevo una fame ! <eos>
a ü capitane,a un capitano,<sos> a ü capitane <eos>,<sos> a un capitano <eos>
ol capo,il capo,<sos> ol capo <eos>,<sos> il capo <eos>
éra pròpe sèmper insèma,erano proprio sempre insieme,<sos> éra pròpe sèmper insèma <eos>,<sos> erano proprio sempre insieme <eos>
préit l'è sparìt,il prete è sparito,<sos> préit l'è sparìt <eos>,<sos> il prete è sparito <eos>
"'ndà-å là lü, 'ndà-å là a' chèl óter",lui s'è avviato e anche l'altro,"<sos> 'ndà-å là lü , 'ndà-å là a' chèl óter <eos>",<sos> lui s'è avviato e anche l'altro <eos>
— madóna garantòm,— galantuomo!,<sos> madóna garantòm <eos>,<sos> galantuomo ! <eos>
ma lé,ma lei,<sos> ma lé <eos>,<sos> ma lei <eos>
e töc i ga diśìa:,e tutti le dicevano:,<sos> e töc i ga diśìa <eos>,<sos> e tutti le dicevano <eos>
e i l'à cupàt,e l'hanno ammazzato,<sos> e i l'à cupàt <eos>,<sos> e l'hanno ammazzato <eos>
e ligàm bé,fasciatemi bene,<sos> e ligàm bé <eos>,<sos> fasciatemi bene <eos>
'nà-a glià,andava,<sos> 'nà-a glià <eos>,<sos> andava <eos>
e ala rónden i gh'à dìt: — té ta hté ché,alla rondine han detto: — tu stai qui,<sos> e ala rónden i gh'à dìt té ta hté ché <eos>,<sos> alla rondine han detto tu stai qui <eos>
— e chi che 'à là? —,— chi va di là? —,<sos> e chi che 'à là ? <eos>,<sos> chi va di là ? <eos>
endóe 'ndói mé a scóndes 'ostå sérå gliùrå?,dove vado io allora a nascondermi stasera?,<sos> endóe 'ndói mé a scóndes 'ostå sérå gliùrå ? <eos>,<sos> dove vado io allora a nascondermi stasera ? <eos>
'nó hö a estìm sö,vado a vestirmi,<sos> 'nó hö a estìm sö <eos>,<sos> vado a vestirmi <eos>
éra dré a héna,e lui ha detto:,<sos> éra dré a héna <eos>,<sos> e lui ha detto <eos>
e pò la öl tròp tànt,e vuole troppo,<sos> e pò la öl tròp tànt <eos>,<sos> e vuole troppo <eos>
e alura 'l l'à heràt sö 'n preśù,così l'hanno rinchiuso in prigione,<sos> e alura 'l l'à heràt sö 'n preśù <eos>,<sos> così l'hanno rinchiuso in prigione <eos>
mé l'è la mé cà,questa è casa mia,<sos> mé l'è la mé cà <eos>,<sos> questa è casa mia <eos>
gh'éra ön infèrno!,era un inferno!,<sos> gh'éra ön infèrno ! <eos>,<sos> era un inferno ! <eos>
ål gh'érå hùl ü pós,c'era appena un pozzo,<sos> ål gh'érå hùl ü pós <eos>,<sos> c'era appena un pozzo <eos>
e pò la l'à fàt està,e poi l'ha fatto restare,<sos> e pò la l'à fàt està <eos>,<sos> e poi l'ha fatto restare <eos>
e i ghe farà nagót nigü —,non gli farà niente nessuno —,<sos> e i ghe farà nagót nigü <eos>,<sos> non gli farà niente nessuno <eos>
"— ma nò, gh'ó ni-ènt... —","— ma no, non ho niente... —","<sos> ma nò , gh'ó ni-ènt . . . <eos>","<sos> ma no , non ho niente . . . <eos>"
óter che dala meśanòt,tranne che dalla mezzanotte,<sos> óter che dala meśanòt <eos>,<sos> tranne che dalla mezzanotte <eos>
e lé la h'è metìt a' lé 'n dol có:,pure lei s'è messa in testa,<sos> e lé la h'è metìt a' lé 'n dol có <eos>,<sos> pure lei s'è messa in testa <eos>
« ma...,« ma...,<sos> ma . . . <eos>,<sos> ma . . . <eos>
e óter lü 'l se n'è gna' 'ncurśìt,lui nemmeno si era accorto,<sos> e óter lü 'l se n'è gna' 'ncurśìt <eos>,<sos> lui nemmeno si era accorto <eos>
"ö dé, dù, tré","un giorno, due, tre","<sos> ö dé , dù , tré <eos>","<sos> un giorno , due , tre <eos>"
crìt che la fà-å!,faceva versi,<sos> crìt che la fà-å ! <eos>,<sos> faceva versi <eos>
i l'à lagàt endà 'n dol lèt e pò li à dìt:,"l'hanno lasciato andare a letto, poi hanno detto:",<sos> i l'à lagàt endà 'n dol lèt e pò li à dìt <eos>,"<sos> l'hanno lasciato andare a letto , poi hanno detto <eos>"
e 'l và e 'l và e 'l và,"va, va e va",<sos> e 'l và e 'l và e 'l và <eos>,"<sos> va , va e va <eos>"
e la gh'à cüntàt sö la stória a' de lü,anche a quello ha raccontato la sua storia,<sos> e la gh'à cüntàt sö la stória a' de lü <eos>,<sos> anche a quello ha raccontato la sua storia <eos>
'l gh'è mìå d'li stórge de fà hö,non facciamo storie!,<sos> 'l gh'è mìå d'li stórge de fà hö <eos>,<sos> non facciamo storie ! <eos>
a ri-à de là?,per arrivare di là?,<sos> a ri-à de là ? <eos>,<sos> per arrivare di là ? <eos>
amò quater,sono entrati,<sos> amò quater <eos>,<sos> sono entrati <eos>
i mör dóla pùrå perché,muoiono dalla paura perché,<sos> i mör dóla pùrå perché <eos>,<sos> muoiono dalla paura perché <eos>
— madóna l'è sà 'l prét cóla crùs,madonna! arriva il prete con la croce,<sos> madóna l'è sà 'l prét cóla crùs <eos>,<sos> madonna ! arriva il prete con la croce <eos>
ma mé gh'ó gna' lànå,ma non ho né lana,<sos> ma mé gh'ó gna' lànå <eos>,<sos> ma non ho né lana <eos>
ogliùrå che fài?,allora che fanno?,<sos> ogliùrå che fài ? <eos>,<sos> allora che fanno ? <eos>
e 'l gh'à rumpìt tüt tüt tüt tüt,e le ha rotto proprio tutto,<sos> e 'l gh'à rumpìt tüt tüt tüt tüt <eos>,<sos> e le ha rotto proprio tutto <eos>
la śgi a endìå,le vendeva,<sos> la śgi a endìå <eos>,<sos> le vendeva <eos>
gh'è fò la hò fómna con giöna hcùa 'n di mà èh,c'è la sua donna con una scopa in mano,<sos> gh'è fò la hò fómna con giöna hcùa 'n di mà èh <eos>,<sos> c'è la sua donna con una scopa in mano <eos>
ca ó stüs-ciàt tàt,ho faticato tanto,<sos> ca ó stüs-ciàt tàt <eos>,<sos> ho faticato tanto <eos>
è 'ndài de déter on de 'stå caśilìnå,sono entrati in questa casina,<sos> è 'ndài de déter on de 'stå caśilìnå <eos>,<sos> sono entrati in questa casina <eos>
ölìe spuśàl...,volevo sposarlo...,<sos> ölìe spuśàl . . . <eos>,<sos> volevo sposarlo . . . <eos>
e i camìnå,e camminano,<sos> e i camìnå <eos>,<sos> e camminano <eos>
pòta lü 'l sa pi-à-a le mà 'sto di-àol,il diavolo si morsicava le mani,<sos> pòta lü 'l sa pi-à-a le mà 'sto di-àol <eos>,<sos> il diavolo si morsicava le mani <eos>
« óh-ce — 'l dìh — hó egnìt fò d'öna pansa,« sono uscito da una pancia,<sos> óh-ce 'l dìh hó egnìt fò d'öna pansa <eos>,<sos> sono uscito da una pancia <eos>
la se regurdarà de tè,si ricorderà di te,<sos> la se regurdarà de tè <eos>,<sos> si ricorderà di te <eos>
"— sé, ó durmìt —","— sì, ho dormito —","<sos> sé , ó durmìt <eos>","<sos> sì , ho dormito <eos>"
Rusca,Rusca,<sos> rusca <eos>,<sos> rusca <eos>
àm farai pò chè nóter?,cosa faremo?,<sos> àm farai pò chè nóter ? <eos>,<sos> cosa faremo ? <eos>
— scùltå Pómo,— ascolta Pomo,<sos> scùltå pómo <eos>,<sos> ascolta pomo <eos>
e gliùrå,allora,<sos> e gliùrå <eos>,<sos> allora <eos>
— 'ndo 'ndét compàr gàl,— dove vai compare gallo,<sos> 'ndo 'ndét compàr gàl <eos>,<sos> dove vai compare gallo <eos>
— éh a' mé,— eh a' me,<sos> éh a' mé <eos>,<sos> eh a' me <eos>
e badìl,e badile,<sos> e badìl <eos>,<sos> e badile <eos>
e 'l rè 'l gh'à apénå chèlå fiölå gliò,il re ha solo quella figlia,<sos> e 'l rè 'l gh'à apénå chèlå fiölå gliò <eos>,<sos> il re ha solo quella figlia <eos>
e l'à ìst e ri-à dù cà,e ha visto venire due cani,<sos> e l'à ìst e ri-à dù cà <eos>,<sos> e ha visto venire due cani <eos>
l'è 'gnìt nigü gna' stanòt,— non è venuto nessuno neppure stanotte,<sos> l'è 'gnìt nigü gna' stanòt <eos>,<sos> non è venuto nessuno neppure stanotte <eos>
e pò l'è 'ndacia,è andata,<sos> e pò l'è 'ndacia <eos>,<sos> è andata <eos>
gli à menàt ol parculì höl có,gli ha picchiato il bastoncino sulla testa,<sos> gli à menàt ol parculì höl có <eos>,<sos> gli ha picchiato il bastoncino sulla testa <eos>
"i ga dà sà i sò furchète, i sò tu-aiöi",le forchette e i tovaglioli,"<sos> i ga dà sà i sò furchète , i sò tu-aiöi <eos>",<sos> le forchette e i tovaglioli <eos>
— l'à dìt 'esto tùs —,— ha detto questo ragazzo —,<sos> l'à dìt 'esto tùs <eos>,<sos> ha detto questo ragazzo <eos>
e stasérå mé — la dìs —,e stasera,<sos> e stasérå mé la dìs <eos>,<sos> e stasera <eos>
diga 'ssè,dì' al mugnaio,<sos> diga 'ssè <eos>,<sos> dì' al mugnaio <eos>
e lü 'l prìncipe l'èra restàt màl,il principe è rimasto male,<sos> e lü 'l prìncipe l'èra restàt màl <eos>,<sos> il principe è rimasto male <eos>
e issé l'à fàt,così ha fatto,<sos> e issé l'à fàt <eos>,<sos> così ha fatto <eos>
e gliùrå la cità l'è paràdå a lütto —,così la città è parata a lutto —,<sos> e gliùrå la cità l'è paràdå a lütto <eos>,<sos> così la città è parata a lutto <eos>
fiàcå,fiacca,<sos> fiàcå <eos>,<sos> fiacca <eos>
Paulì,Paolino,<sos> paulì <eos>,<sos> paolino <eos>
e gliùra,così,<sos> e gliùra <eos>,<sos> così <eos>
gh'ó ni-ént,non ho niente,<sos> gh'ó ni-ént <eos>,<sos> non ho niente <eos>
ma che l'èra,ma che era,<sos> ma che l'èra <eos>,<sos> ma che era <eos>
'nsèma lü,insieme a lui,<sos> 'nsèma lü <eos>,<sos> insieme a lui <eos>
arda che l'è lontana,— guarda che è lontano,<sos> arda che l'è lontana <eos>,<sos> guarda che è lontano <eos>
'na hò stansa,dalla stanza del padre,<sos> 'na hò stansa <eos>,<sos> dalla stanza del padre <eos>
« cóha fói pò mé ché?,« cosa faccio qui?,<sos> cóha fói pò mé ché ? <eos>,<sos> cosa faccio qui ? <eos>
— ülif im pó de làc?,— volete un po' di latte,<sos> ülif im pó de làc ? <eos>,<sos> volete un po' di latte <eos>
volére o nò,che tu voglia o no,<sos> volére o nò <eos>,<sos> che tu voglia o no <eos>
e 'l ga dìs:,dice:,<sos> e 'l ga dìs <eos>,<sos> dice <eos>
e 'l gi à dìt essè: — 'dès,che gli ha detto: — adesso,<sos> e 'l gi à dìt essè 'dès <eos>,<sos> che gli ha detto adesso <eos>
comunque,comunque,<sos> comunque <eos>,<sos> comunque <eos>
ma prìmå tiróm pò hö ol leù,— prima tiriamo su il leone,<sos> ma prìmå tiróm pò hö ol leù <eos>,<sos> prima tiriamo su il leone <eos>
e lé a l'Ave Marìå bisugnà-å che la 'ndés,e lei al suono dell'Ave Maria doveva andare,<sos> e lé a l'ave marìå bisugnà-å che la 'ndés <eos>,<sos> e lei al suono dell'ave maria doveva andare <eos>
— pò a' dù u trì holfanèi — al dìh,— anche due o tre fiammiferi —,<sos> pò a' dù u trì holfanèi al dìh <eos>,<sos> anche due o tre fiammiferi <eos>
'm pó mé 'm pó té 'l laciù! —,"un po' a me, un po' a te il latte!",<sos> 'm pó mé 'm pó té 'l laciù ! <eos>,"<sos> un po' a me , un po' a te il latte ! <eos>"
— mài piö! canta 'à là,"— va' là, canta",<sos> mài piö ! canta 'à là <eos>,"<sos> va' là , canta <eos>"
a cüntà sö töta la sò stória,a raccontare la sua storia,<sos> a cüntà sö töta la sò stória <eos>,<sos> a raccontare la sua storia <eos>
al ha mèt idré,si mette dietro,<sos> al ha mèt idré <eos>,<sos> si mette dietro <eos>
ål gh'è sö,c'è,<sos> ål gh'è sö <eos>,<sos> c'è <eos>
e te fé 'l sègn dola Santa Crùs,e fai il segno della Santa Croce,<sos> e te fé 'l sègn dola santa crùs <eos>,<sos> e fai il segno della santa croce <eos>
él endàt bé 'l mercàt?,è andata bene al mercato?,<sos> él endàt bé 'l mercàt ? <eos>,<sos> è andata bene al mercato ? <eos>
e sche-ehà li gambe e tüte li pégure?,a rompere le gambe a tutte le pecore?,<sos> e sche-ehà li gambe e tüte li pégure ? <eos>,<sos> a rompere le gambe a tutte le pecore ? <eos>
i gh'à dìt: — quàndo che,gli hanno detto: — quando,<sos> i gh'à dìt quàndo che <eos>,<sos> gli hanno detto quando <eos>
gliùrå i à ciapàt Turco,allora han preso Turco,<sos> gliùrå i à ciapàt turco <eos>,<sos> allora han preso turco <eos>
"se ü prìncipe o chè, l'érå estìt sö bé","se principe o cosa, era ben vestito","<sos> se ü prìncipe o chè , l'érå estìt sö bé <eos>","<sos> se principe o cosa , era ben vestito <eos>"
"ma lé la öl mìa 'ndà, l'èra istìdà sö màl","ma lei non voleva andare, era malvestita","<sos> ma lé la öl mìa 'ndà , l'èra istìdà sö màl <eos>","<sos> ma lei non voleva andare , era malvestita <eos>"
ìå pò tüt śét che érå 'ndàt per rubàgå,quella era tutta gente che era andata per rubare,<sos> ìå pò tüt śét che érå 'ndàt per rubàgå <eos>,<sos> quella era tutta gente che era andata per rubare <eos>
— nò 'l lahe mìa 'gnì dét i contrabandér,— non lasci entrare i contrabbandieri,<sos> nò 'l lahe mìa 'gnì dét i contrabandér <eos>,<sos> non lasci entrare i contrabbandieri <eos>
hölå càpå dol camì,sulla cappa del camino,<sos> hölå càpå dol camì <eos>,<sos> sulla cappa del camino <eos>
che mé ói de-entà öna contèha,che io voglio diventare contessa,<sos> che mé ói de-entà öna contèha <eos>,<sos> che io voglio diventare contessa <eos>
"gna' 'l curtél, gna' ni-ént",né il coltello né altro,"<sos> gna' 'l curtél , gna' ni-ént <eos>",<sos> né il coltello né altro <eos>
che 'l völìa 'nà a cà,che voleva andare a casa,<sos> che 'l völìa 'nà a cà <eos>,<sos> che voleva andare a casa <eos>
e gliùra 'l cà cóla lèngua,allora il cane con la lingua,<sos> e gliùra 'l cà cóla lèngua <eos>,<sos> allora il cane con la lingua <eos>
ogliùrå,allora,<sos> ogliùrå <eos>,<sos> allora <eos>
pórtem on da tò càmerå,mettimi nella tua camera,<sos> pórtem on da tò càmerå <eos>,<sos> mettimi nella tua camera <eos>
'l ha möf mìa,e non si muove,<sos> 'l ha möf mìa <eos>,<sos> e non si muove <eos>
on dol sò armare,nel suo armadio,<sos> on dol sò armare <eos>,<sos> nel suo armadio <eos>
"l'à lagàt lé 'l campanilì, la h'è deśligàdå fò la córdå","ha lasciato il campanello, si è slegata la corda","<sos> l'à lagàt lé 'l campanilì , la h'è deśligàdå fò la córdå <eos>","<sos> ha lasciato il campanello , si è slegata la corda <eos>"
— eéh,— eh,<sos> eéh <eos>,<sos> eh <eos>
'l só pròpe mìå,— non so proprio dove sia il Re-Serpente,<sos> 'l só pròpe mìå <eos>,<sos> non so proprio dove sia il re-serpente <eos>
— madóna dù è hà fò lé,"— madonna, due arrivano",<sos> madóna dù è hà fò lé <eos>,"<sos> madonna , due arrivano <eos>"
"mài piö, mé bale mìå! —",— io non ballo! —,"<sos> mài piö , mé bale mìå ! <eos>",<sos> io non ballo ! <eos>
l'éra hèmper négher id fàm,era sempre nero di fame,<sos> l'éra hèmper négher id fàm <eos>,<sos> era sempre nero di fame <eos>
— i è herade hö li pégure?,— sono rinchiuse le pecore?,<sos> i è herade hö li pégure ? <eos>,<sos> sono rinchiuse le pecore ? <eos>
fìnå che 'l riå 'n d'ünà cità,finché arrivano in una città,<sos> fìnå che 'l riå 'n d'ünà cità <eos>,<sos> finché arrivano in una città <eos>
i 'ncuntra amò chèla htréa lé,incontrano ancora quella strega,<sos> i 'ncuntra amò chèla htréa lé <eos>,<sos> incontrano ancora quella strega <eos>
l'à dìc: — 'ndo 'ndìf con töta chèla processiù ché?,dice: — dove andate con questa processione?,<sos> l'à dìc 'ndo 'ndìf con töta chèla processiù ché ? <eos>,<sos> dice dove andate con questa processione ? <eos>
"i và, 'l gnìå üsto jó","si avvicinano, scendeva proprio un rigagnolo","<sos> i và , 'l gnìå üsto jó <eos>","<sos> si avvicinano , scendeva proprio un rigagnolo <eos>"
e 'l gh'à scarpàt anche 'l vistìt ala spùśa,ha rotto persino il vestito alla sposa!,<sos> e 'l gh'à scarpàt anche 'l vistìt ala spùśa <eos>,<sos> ha rotto persino il vestito alla sposa ! <eos>
pórtega chèl,portaglieli,<sos> pórtega chèl <eos>,<sos> portaglieli <eos>
'ndàt là a' lü,è andato anche lui,<sos> 'ndàt là a' lü <eos>,<sos> è andato anche lui <eos>
ada che mète — 'l dìs —,guarda che metto,<sos> ada che mète 'l dìs <eos>,<sos> guarda che metto <eos>
śbatìt già tüte li spighe,ed ha abbattuto tutte le spighe,<sos> śbatìt già tüte li spighe <eos>,<sos> ed ha abbattuto tutte le spighe <eos>
la gh'ìa picàt,di essere stata picchiata da Rosalba,<sos> la gh'ìa picàt <eos>,<sos> di essere stata picchiata da rosalba <eos>
e tènde i uśéi,a badare agli uccelli,<sos> e tènde i uśéi <eos>,<sos> a badare agli uccelli <eos>
e i ca-ài éra là ch'i maià-a 'n de piàna,i cavalli invece mangiavano in mezzo al campo,<sos> e i ca-ài éra là ch'i maià-a 'n de piàna <eos>,<sos> i cavalli invece mangiavano in mezzo al campo <eos>
töt chèl che té ta ölet,tutto quello che vuoi,<sos> töt chèl che té ta ölet <eos>,<sos> tutto quello che vuoi <eos>
al ga dìh isé öna matìna:,un mattino il capo dice:,<sos> al ga dìh isé öna matìna <eos>,<sos> un mattino il capo dice <eos>
intequàter tónc,con ventiquattro piatti,<sos> intequàter tónc <eos>,<sos> con ventiquattro piatti <eos>
e 'l padrù,il padrone,<sos> e 'l padrù <eos>,<sos> il padrone <eos>
e l'è 'ndacia gliò 'n d'ö boscàl e l'è stacia gliò,"ed è andata in un cespuglio, è rimasta là",<sos> e l'è 'ndacia gliò 'n d'ö boscàl e l'è stacia gliò <eos>,"<sos> ed è andata in un cespuglio , è rimasta là <eos>"
piàno piàno,piano piano,<sos> piàno piàno <eos>,<sos> piano piano <eos>
che 'l gh'à,che ha,<sos> che 'l gh'à <eos>,<sos> che ha <eos>
e difati,e infatti,<sos> e difati <eos>,<sos> e infatti <eos>
potana ma lü 'l n'avrèh maiàt ö chilo,ma lui ne avrebbe mangiato un chilo,<sos> potana ma lü 'l n'avrèh maiàt ö chilo <eos>,<sos> ma lui ne avrebbe mangiato un chilo <eos>
dìm chèl che gh'ó de dàt,dimmi quello che devo darti,<sos> dìm chèl che gh'ó de dàt <eos>,<sos> dimmi quello che devo darti <eos>
tütå spenachiàdå a' chèlå,anche lei tutta spennacchiata,<sos> tütå spenachiàdå a' chèlå <eos>,<sos> anche lei tutta spennacchiata <eos>
pu-arètå a' lé che érå 'ssè pu-arèt!,poveretta anche lei! erano così in miseria!,<sos> pu-arètå a' lé che érå 'ssè pu-arèt ! <eos>,<sos> poveretta anche lei ! erano così in miseria ! <eos>
perchè l'è pò gréå! »,perché è così pesante! »,<sos> perchè l'è pò gréå ! <eos>,<sos> perché è così pesante ! <eos>
gh'è śó la néf alta,ma c'è la neve alta,<sos> gh'è śó la néf alta <eos>,<sos> ma c'è la neve alta <eos>
"và mìå, và mìå!","non andare, non andare!","<sos> và mìå , và mìå ! <eos>","<sos> non andare , non andare ! <eos>"
lü al paga miga,non pagherete,<sos> lü al paga miga <eos>,<sos> non pagherete <eos>
fìn che ü dé 'l rìå,finché un giorno arriva,<sos> fìn che ü dé 'l rìå <eos>,<sos> finché un giorno arriva <eos>
e biśógna 'nà —,bisogna andarci —,<sos> e biśógna 'nà <eos>,<sos> bisogna andarci <eos>
e 'l vucurìa,e occorrevano,<sos> e 'l vucurìa <eos>,<sos> e occorrevano <eos>
e 'l ghe dìs — Turco,gli dice: — Turco,<sos> e 'l ghe dìs turco <eos>,<sos> gli dice turco <eos>
e poarèc,e poveri,<sos> e poarèc <eos>,<sos> e poveri <eos>
i à bi-ìt,bevuto,<sos> i à bi-ìt <eos>,<sos> bevuto <eos>
adèh tö hö la barca,adesso prendi la barca,<sos> adèh tö hö la barca <eos>,<sos> adesso prendi la barca <eos>
— che berechì!,— che birbone!,<sos> che berechì ! <eos>,<sos> che birbone ! <eos>
perchè l'à dìt: — essè hó piö quéta a' mé —,perché diceva: — così anch'io sono più tranquilla —,<sos> perchè l'à dìt essè hó piö quéta a' mé <eos>,<sos> perché diceva così anch'io sono più tranquilla <eos>
l'è śamò hent'àgn che hó ché,sono qui già da cent'anni,<sos> l'è śamò hent'àgn che hó ché <eos>,<sos> sono qui già da cent'anni <eos>
che non bévo acqua,che non beve acqua,<sos> che non bévo acqua <eos>,<sos> che non beve acqua <eos>
ol Signùr,il Signore,<sos> ol signùr <eos>,<sos> il signore <eos>
che anche 'hta ólta,anche per questa volta,<sos> che anche 'hta ólta <eos>,<sos> anche per questa volta <eos>
e lü gliùrå 'sto leù,il leone,<sos> e lü gliùrå 'sto leù <eos>,<sos> il leone <eos>
— i tàcå mìa,— questi zolfanelli non si accendono,<sos> i tàcå mìa <eos>,<sos> questi zolfanelli non si accendono <eos>
— g'ét tendìc i uśéi?,— hai badato agli uccelli?,<sos> g'ét tendìc i uśéi ? <eos>,<sos> hai badato agli uccelli ? <eos>
domandà-a a töc,domandava a tutti,<sos> domandà-a a töc <eos>,<sos> domandava a tutti <eos>
quàndo 'l lèå sö,quando si alza,<sos> quàndo 'l lèå sö <eos>,<sos> quando si alza <eos>
e 'l gh'à dìt:,quello gli ha detto:,<sos> e 'l gh'à dìt <eos>,<sos> quello gli ha detto <eos>
i è pò hémper istàc igliò,dove sempre sono rimasti,<sos> i è pò hémper istàc igliò <eos>,<sos> dove sempre sono rimasti <eos>
che a meśdé 'n punto,che a mezzogiorno in punto,<sos> che a meśdé 'n punto <eos>,<sos> che a mezzogiorno in punto <eos>
ol gàl:,il gallo ha detto:,<sos> ol gàl <eos>,<sos> il gallo ha detto <eos>
lé la 'à a-ànte de chèla strada che,vada avanti,<sos> lé la 'à a-ànte de chèla strada che <eos>,<sos> vada avanti <eos>
ma ta gh'é de 'ndà del pehì,ma devi andare dal pesciolino,<sos> ma ta gh'é de 'ndà del pehì <eos>,<sos> ma devi andare dal pesciolino <eos>
e he de-entéh öna papèssa?,« e se diventassi una papessa?,<sos> e he de-entéh öna papèssa ? <eos>,<sos> e se diventassi una papessa ? <eos>
fin tüte li gambe,fino alle gambe,<sos> fin tüte li gambe <eos>,<sos> fino alle gambe <eos>
— ma,— ma,<sos> ma <eos>,<sos> ma <eos>
menemà,d'un tratto,<sos> menemà <eos>,<sos> d'un tratto <eos>
'l ma laha 'ndà — 'l dìh —,mi lascia,<sos> 'l ma laha 'ndà 'l dìh <eos>,<sos> mi lascia <eos>
che 'nà-a e ègn de l'Amèrica,che andavano e venivano dall'America,<sos> che 'nà-a e ègn de l'amèrica <eos>,<sos> che andavano e venivano dall'america <eos>
maledèta,maledetta,<sos> maledèta <eos>,<sos> maledetta <eos>
tütå pièna de füm,tutta piena di fumo,<sos> tütå pièna de füm <eos>,<sos> tutta piena di fumo <eos>
la fà per 'gnì fò,fa per uscire,<sos> la fà per 'gnì fò <eos>,<sos> fa per uscire <eos>
menemà 'l sét ca 'l rùncå,d'un tratto lo sente russare,<sos> menemà 'l sét ca 'l rùncå <eos>,<sos> d'un tratto lo sente russare <eos>
ca la ègne sö,che venga,<sos> ca la ègne sö <eos>,<sos> che venga <eos>
ål sént ch'i sùnå de mórt,sente che suonano da morto,<sos> ål sént ch'i sùnå de mórt <eos>,<sos> sente che suonano da morto <eos>
e lü l'è ri-àt e ri-à,il ragazzo è riuscito ad arrivare,<sos> e lü l'è ri-àt e ri-à <eos>,<sos> il ragazzo è riuscito ad arrivare <eos>
— và bé — 'l dìh —,— va bene,<sos> và bé 'l dìh <eos>,<sos> va bene <eos>
e la ve dà l'incantéśim,vi dà l'incantesimo,<sos> e la ve dà l'incantéśim <eos>,<sos> vi dà l'incantesimo <eos>
lé la gh'è stada śgió tànt,è rimasta laggiù a lungo,<sos> lé la gh'è stada śgió tànt <eos>,<sos> è rimasta laggiù a lungo <eos>
a l'è 'ndàt là 'm pó e pò,il ragazzo è andato avanti un po',<sos> a l'è 'ndàt là 'm pó e pò <eos>,<sos> il ragazzo è andato avanti un po' <eos>
jó hót el paìs,in fondo al paese,<sos> jó hót el paìs <eos>,<sos> in fondo al paese <eos>
ol rè,il re,<sos> ol rè <eos>,<sos> il re <eos>
che quàndo la hò s-cèta la compéh i 'entü àgn,quando sua figlia compirà ventun'anni,<sos> che quàndo la hò s-cèta la compéh i 'entü àgn <eos>,<sos> quando sua figlia compirà ventun'anni <eos>
e 'l ciàmå la hò màmå:,e chiama la mamma:,<sos> e 'l ciàmå la hò màmå <eos>,<sos> e chiama la mamma <eos>
śbindelétå,sbrindellata,<sos> śbindelétå <eos>,<sos> sbrindellata <eos>
e la ga dìs:,e dice:,<sos> e la ga dìs <eos>,<sos> e dice <eos>
pò l' rìa chi óter,poi arrivano le altre,<sos> pò l' rìa chi óter <eos>,<sos> poi arrivano le altre <eos>
— mé öe 'ndà,— voglio passare,<sos> mé öe 'ndà <eos>,<sos> voglio passare <eos>
— 'm pó mé 'm pó té 'l laciù!,"— un po' a me, un po' a te il latte!",<sos> 'm pó mé 'm pó té 'l laciù ! <eos>,"<sos> un po' a me , un po' a te il latte ! <eos>"
mé gh'ó la mórt,io muoio,<sos> mé gh'ó la mórt <eos>,<sos> io muoio <eos>
l'è per chèl che 'ncö i m'à purtàt ché,è per questo che oggi hanno portato alla festa,<sos> l'è per chèl che 'ncö i m'à purtàt ché <eos>,<sos> è per questo che oggi hanno portato alla festa <eos>
e copà chèl,ammazzavano questo,<sos> e copà chèl <eos>,<sos> ammazzavano questo <eos>
ö falinì i à rehpiràt e po',"hanno respirato un po', poi",<sos> ö falinì i à rehpiràt e po' <eos>,"<sos> hanno respirato un po' , poi <eos>"
e lü 'l dìh: — eéh 'à là,— va' là,<sos> e lü 'l dìh eéh 'à là <eos>,<sos> va' là <eos>
— mé ó fàt ciumbà jó 'n dol pòh ol leù,— io ho fatto piombare il leone nel pozzo,<sos> mé ó fàt ciumbà jó 'n dol pòh ol leù <eos>,<sos> io ho fatto piombare il leone nel pozzo <eos>
e pò dòpo,poi,<sos> e pò dòpo <eos>,<sos> poi <eos>
d'li béstie,delle bestie,<sos> d'li béstie <eos>,<sos> delle bestie <eos>
'm gh'à dù cà de dàgå de mangià,ora abbiamo due cani da sfamare,<sos> 'm gh'à dù cà de dàgå de mangià <eos>,<sos> ora abbiamo due cani da sfamare <eos>
e anche lü,così pure lui,<sos> e anche lü <eos>,<sos> così pure lui <eos>
— sculta Paulì,— ascolta Paolino,<sos> sculta paulì <eos>,<sos> ascolta paolino <eos>
e la mangia la Bèlla-Pastóra »,e mangia la Bella-Pastora »,<sos> e la mangia la bèlla-pastóra <eos>,<sos> e mangia la bella-pastora <eos>
credèndo de taiàghel śó töt,credendo di tagliargliela,<sos> credèndo de taiàghel śó töt <eos>,<sos> credendo di tagliargliela <eos>
che te gh'é mìå de mangià,tu non mangerai,<sos> che te gh'é mìå de mangià <eos>,<sos> tu non mangerai <eos>
e lü l'à purtàt già tüc i hólc e l'órco —,e lui ha rubato tutti i soldi all'orco,<sos> e lü l'à purtàt già tüc i hólc e l'órco <eos>,<sos> e lui ha rubato tutti i soldi all'orco <eos>
me l' sà mìa,questo non lo sappiamo,<sos> me l' sà mìa <eos>,<sos> questo non lo sappiamo <eos>
perchè töt ol mónt,perché tutto il mondo,<sos> perchè töt ol mónt <eos>,<sos> perché tutto il mondo <eos>
— àdå che l'è ché la vià,— questa è la strada,<sos> àdå che l'è ché la vià <eos>,<sos> questa è la strada <eos>
per fà che ì füdés stàc,perché fossero,<sos> per fà che ì füdés stàc <eos>,<sos> perché fossero <eos>
ma l'è tànt tànt,ma è tanto tanto,<sos> ma l'è tànt tànt <eos>,<sos> ma è tanto tanto <eos>
ì fai trebülà 'm pó...,avete fatto tribulare,<sos> ì fai trebülà 'm pó . . . <eos>,<sos> avete fatto tribulare <eos>
chisà quàte fèste che i fà!,chissà quante feste faranno!,<sos> chisà quàte fèste che i fà ! <eos>,<sos> chissà quante feste faranno ! <eos>
'm pó de minèhtra,un po' di minestra,<sos> 'm pó de minèhtra <eos>,<sos> un po' di minestra <eos>
d'ògne mangià,da mangiare,<sos> d'ògne mangià <eos>,<sos> da mangiare <eos>
l'è 'ndàt en dol lèt,s'è messo a letto,<sos> l'è 'ndàt en dol lèt <eos>,<sos> s'è messo a letto <eos>
pès de pès,peggio che peggio,<sos> pès de pès <eos>,<sos> peggio che peggio <eos>
té ìgå mìå pùrå,tu non avere paura,<sos> té ìgå mìå pùrå <eos>,<sos> tu non avere paura <eos>
'l h'è hcundìt hóta i héme,e si nasconde sotto le cime,<sos> 'l h'è hcundìt hóta i héme <eos>,<sos> e si nasconde sotto le cime <eos>
la nùs del prìm eremitå,del primo eremita,<sos> la nùs del prìm eremitå <eos>,<sos> del primo eremita <eos>
te dó amó ü cà,ti dò ancora un cane,<sos> te dó amó ü cà <eos>,<sos> ti dò ancora un cane <eos>
ål gh'érå śgió ü büs,s'era aperto un buco,<sos> ål gh'érå śgió ü büs <eos>,<sos> s'era aperto un buco <eos>
— mé hó bù 'm pó de nudà —,— io so nuotare un po' —,<sos> mé hó bù 'm pó de nudà <eos>,<sos> io so nuotare un po' <eos>
però quàndo l'à ìst che spuntà-å l'àlbå,ma quando ha visto che spuntava l'alba,<sos> però quàndo l'à ìst che spuntà-å l'àlbå <eos>,<sos> ma quando ha visto che spuntava l'alba <eos>
però 'l h'è fàt coragio,però si è fatto coraggio,<sos> però 'l h'è fàt coragio <eos>,<sos> però si è fatto coraggio <eos>
per sercà li sòi surèle,le sue sorelle,<sos> per sercà li sòi surèle <eos>,<sos> le sue sorelle <eos>
ai và,vanno ,<sos> ai và <eos>,<sos> vanno <eos>
al vèt lé on'ótra bórsa,vede un'altra borsa,<sos> al vèt lé on'ótra bórsa <eos>,<sos> vede un'altra borsa <eos>
a 'ndó al tò — 'l dìh —,passo al tuo,<sos> a 'ndó al tò 'l dìh <eos>,<sos> passo al tuo <eos>
e preparativi!,e preparativi!,<sos> e preparativi ! <eos>,<sos> e preparativi ! <eos>
tùrnå 'ndré!,torna indietro!,<sos> tùrnå 'ndré ! <eos>,<sos> torna indietro ! <eos>
i ghe l'diséå mài,non gli dicevano mai,<sos> i ghe l'diséå mài <eos>,<sos> non gli dicevano mai <eos>
lungo l' dé,nella giornata,<sos> lungo l' dé <eos>,<sos> nella giornata <eos>
Śbranafèrro,e Sbranaferro,<sos> śbranafèrro <eos>,<sos> e sbranaferro <eos>
se 'nì óter dù,se andate voi,<sos> se 'nì óter dù <eos>,<sos> se andate voi <eos>
e pò 'm piö la gh'éå anche 'm punì de mangià 'n dola sò bigarölå,e in più aveva anche un po' di cibo nel grembiule,<sos> e pò 'm piö la gh'éå anche 'm punì de mangià 'n dola sò bigarölå <eos>,<sos> e in più aveva anche un po' di cibo nel grembiule <eos>
— ét mìa hintìt,— non hai sentito,<sos> ét mìa hintìt <eos>,<sos> non hai sentito <eos>
l'è ri-àt la fortünå —,è arrivata la fortuna —,<sos> l'è ri-àt la fortünå <eos>,<sos> è arrivata la fortuna <eos>
e i paha pròpe lùr,e passano proprio loro,<sos> e i paha pròpe lùr <eos>,<sos> e passano proprio loro <eos>
ma a l'àriå,ma picchiavano l'aria,<sos> ma a l'àriå <eos>,<sos> ma picchiavano l'aria <eos>
'l ghe rincrehéå e lagàl dedré,gli rincresceva abbandonarlo,<sos> 'l ghe rincrehéå e lagàl dedré <eos>,<sos> gli rincresceva abbandonarlo <eos>
tré cüśgià,tre cucchiai,<sos> tré cüśgià <eos>,<sos> tre cucchiai <eos>
t'egniré e cà che i ta dumandarà 'l rè,tornerai a casa e il re ti domanderà,<sos> t'egniré e cà che i ta dumandarà 'l rè <eos>,<sos> tornerai a casa e il re ti domanderà <eos>
e pasénsia 'm pó,pazienza per un bel po',<sos> e pasénsia 'm pó <eos>,<sos> pazienza per un bel po' <eos>
ol có l'è 'nàt źó lé,la testa è caduta,<sos> ol có l'è 'nàt źó lé <eos>,<sos> la testa è caduta <eos>
a prehapóch i hìa 'l tép ch'i ga 'mpiegà-a,sapeva pressappoco il tempo che impiegava,<sos> a prehapóch i hìa 'l tép ch'i ga 'mpiegà-a <eos>,<sos> sapeva pressappoco il tempo che impiegava <eos>
— am sè dà contrabandér,— siamo due contrabbandieri,<sos> am sè dà contrabandér <eos>,<sos> siamo due contrabbandieri <eos>
ala hira i paha,quelli alla sera passano davvero,<sos> ala hira i paha <eos>,<sos> quelli alla sera passano davvero <eos>
he ó de ìs bùnå mé!,se io devo essere capace!,<sos> he ó de ìs bùnå mé ! <eos>,<sos> se io devo essere capace ! <eos>
te 'ndé déter on fónt,entra fino in fondo,<sos> te 'ndé déter on fónt <eos>,<sos> entra fino in fondo <eos>
però,però,<sos> però <eos>,<sos> però <eos>
e 'l ga dìh,dice,<sos> e 'l ga dìh <eos>,<sos> dice <eos>
ma chèla lé la gh'à i bràs!,« ma quella ha le braccia!,<sos> ma chèla lé la gh'à i bràs ! <eos>,<sos> ma quella ha le braccia ! <eos>
éi pò hcapàc,scappati,<sos> éi pò hcapàc <eos>,<sos> scappati <eos>
l'à he rat fò la hò cantìnå,ha chiuso la cantina,<sos> l'à he rat fò la hò cantìnå <eos>,<sos> ha chiuso la cantina <eos>
e fà hö méda de rüt,continuava ad ammucchiare letame,<sos> e fà hö méda de rüt <eos>,<sos> continuava ad ammucchiare letame <eos>
ó cupàt ol serpént,ho ammazzato il serpente,<sos> ó cupàt ol serpént <eos>,<sos> ho ammazzato il serpente <eos>
ol col,il collo,<sos> ol col <eos>,<sos> il collo <eos>
che la 'llüminà-a tüta la càmerå,che illuminavano tutta la camera,<sos> che la 'llüminà-a tüta la càmerå <eos>,<sos> che illuminavano tutta la camera <eos>
e 'n da tò càmerå 'l gh'è déter ni-ént,dove non c'è niente,<sos> e 'n da tò càmerå 'l gh'è déter ni-ént <eos>,<sos> dove non c'è niente <eos>
mé ve farò sciòr,io vi farò ricchi,<sos> mé ve farò sciòr <eos>,<sos> io vi farò ricchi <eos>
a i dìs:,dicono:,<sos> a i dìs <eos>,<sos> dicono <eos>
l'éra töta,era,<sos> l'éra töta <eos>,<sos> era <eos>
giü 'l fà:,uno dice:,<sos> giü 'l fà <eos>,<sos> uno dice <eos>
ogliùrå,allora,<sos> ogliùrå <eos>,<sos> allora <eos>
he durmì,— a dormire,<sos> he durmì <eos>,<sos> a dormire <eos>
te s'é salvàt ünå óltå,per una volta ti sei salvato,<sos> te s'é salvàt ünå óltå <eos>,<sos> per una volta ti sei salvato <eos>
i 'ncuntra öna rónden,incontrano una rondine,<sos> i 'ncuntra öna rónden <eos>,<sos> incontrano una rondine <eos>
che scu-à-å cula lènguå perché,"che scopavano con la lingua, perché",<sos> che scu-à-å cula lènguå perché <eos>,"<sos> che scopavano con la lingua , perché <eos>"
tanto te sé pu-arì,tu sei povero,<sos> tanto te sé pu-arì <eos>,<sos> tu sei povero <eos>
e gliùrå,allora,<sos> e gliùrå <eos>,<sos> allora <eos>
"— padróne, padróne! —","— padrone, padrone! —","<sos> padróne , padróne ! <eos>","<sos> padrone , padrone ! <eos>"
"l'éra śó 'n, fónta anche lé",era giù in fondo anche lei,"<sos> l'éra śó 'n , fónta anche lé <eos>",<sos> era giù in fondo anche lei <eos>
la stórgiå l'è finida,la storia è finita,<sos> la stórgiå l'è finida <eos>,<sos> la storia è finita <eos>
partìc,che sono partiti,<sos> partìc <eos>,<sos> che sono partiti <eos>
al valsa le müre,alza le mura,<sos> al valsa le müre <eos>,<sos> alza le mura <eos>
con töta chèla compagnìa?,con tutta quella compagnia?,<sos> con töta chèla compagnìa ? <eos>,<sos> con tutta quella compagnia ? <eos>
a l'è crolàt źó töt,tutto è crollato,<sos> a l'è crolàt źó töt <eos>,<sos> tutto è crollato <eos>
ilò — 'l dìh — ål gh'è déter,là c'è dentro,<sos> ilò 'l dìh ål gh'è déter <eos>,<sos> là c'è dentro <eos>
càetöla de ché e và a l'infèrno che ché,togliti di qua e vai all'inferno,<sos> càetöla de ché e và a l'infèrno che ché <eos>,<sos> togliti di qua e vai all'inferno <eos>
chèl che te ghe n'é òia,quello che vuoi,<sos> chèl che te ghe n'é òia <eos>,<sos> quello che vuoi <eos>
ü tùh,un ragazzo,<sos> ü tùh <eos>,<sos> un ragazzo <eos>
lü l'è pahàt,lui è passato oltre,<sos> lü l'è pahàt <eos>,<sos> lui è passato oltre <eos>
per tö de maià —,per comperare da mangiare —,<sos> per tö de maià <eos>,<sos> per comperare da mangiare <eos>
— a hó ché cargàt come ü fachì!,— sono carico come un facchino!,<sos> a hó ché cargàt come ü fachì ! <eos>,<sos> sono carico come un facchino ! <eos>
— öe tütå 'stå śu-entü ché,— voglio che tutta questa gioventù,<sos> öe tütå 'stå śu-entü ché <eos>,<sos> voglio che tutta questa gioventù <eos>
la rì-å 'n d'ünà capànnå,arriva a una capanna,<sos> la rì-å 'n d'ünà capànnå <eos>,<sos> arriva a una capanna <eos>
— diga ca 'l lüce hò 'sto fazzülì,— digli che pianga in questo fazzolettino,<sos> diga ca 'l lüce hò 'sto fazzülì <eos>,<sos> digli che pianga in questo fazzolettino <eos>
— öet chè? —,— cosa vuoi? —,<sos> öet chè ? <eos>,<sos> cosa vuoi ? <eos>
lü 'l gh'à de fàm öna firma a mé,lei deve mettermi una firma,<sos> lü 'l gh'à de fàm öna firma a mé <eos>,<sos> lei deve mettermi una firma <eos>
e alura lü 'l ga dìs: — adès ta ègnet a cà con mé,lui le dice: — adesso vieni a casa con me,<sos> e alura lü 'l ga dìs adès ta ègnet a cà con mé <eos>,<sos> lui le dice adesso vieni a casa con me <eos>
dòpo de quàch dé,dopo qualche giorno,<sos> dòpo de quàch dé <eos>,<sos> dopo qualche giorno <eos>
perchè l'al mèritå la céśå,lo merita anche lei,<sos> perchè l'al mèritå la céśå <eos>,<sos> lo merita anche lei <eos>
'l gi à dìt essè:,e il diavolo ha detto:,<sos> 'l gi à dìt essè <eos>,<sos> e il diavolo ha detto <eos>
"'n fó 'n pìl de piö, i mangia magare","ne faccio un po' di più, magari ne mangiano","<sos> 'n fó 'n pìl de piö , i mangia magare <eos>","<sos> ne faccio un po' di più , magari ne mangiano <eos>"
tu vài in cérca dèlla Bèlla-Pastora,tu vai in cerca della Bella-Pastora,<sos> tu vài in cérca dèlla bèlla-pastora <eos>,<sos> tu vai in cerca della bella-pastora <eos>
"la ciàma 'l hò òm, la gh'à dìt: — tè","chiama il suo uomo, gli dice:","<sos> la ciàma 'l hò òm , la gh'à dìt tè <eos>","<sos> chiama il suo uomo , gli dice <eos>"
pacìfich e tranquìl,pacifico e tranquillo,<sos> pacìfich e tranquìl <eos>,<sos> pacifico e tranquillo <eos>
— éh 'ndóm — al dìh — 'à là — 'l dìh —,— andiamo,<sos> éh 'ndóm al dìh 'à là 'l dìh <eos>,<sos> andiamo <eos>
l'è 'ndacia là 'sta fómna,questa donna è tornata,<sos> l'è 'ndacia là 'sta fómna <eos>,<sos> questa donna è tornata <eos>
té e la tò strégå... —,tu e la tua strega… —,<sos> té e la tò strégå . . . <eos>,<sos> tu e la tua strega <eos>
con de 'sta acqua:,con quell'acqua:,<sos> con de 'sta acqua <eos>,<sos> con quell'acqua <eos>
« ma...,« ma...,<sos> ma . . . <eos>,<sos> ma . . . <eos>
e l'è 'ndàt źó,ed è sceso,<sos> e l'è 'ndàt źó <eos>,<sos> ed è sceso <eos>
ol Rè-Serpènte? —,il Re-Serpente? —,<sos> ol rè-serpènte ? <eos>,<sos> il re-serpente ? <eos>
lé al pòs' de nà de hura a estìs sö,invece di salire a vestirsi,<sos> lé al pòs' de nà de hura a estìs sö <eos>,<sos> invece di salire a vestirsi <eos>
de ri-à,di arrivare,<sos> de ri-à <eos>,<sos> di arrivare <eos>
e quindi i ma diśerà,e mi dirà,<sos> e quindi i ma diśerà <eos>,<sos> e mi dirà <eos>
picinìnå,piccolina,<sos> picinìnå <eos>,<sos> piccolina <eos>
e lé la dìh: « haralå pò de chi 'stå cà ché? »,lei si è detta: « di chi sarà questa casa? »,<sos> e lé la dìh haralå pò de chi 'stå cà ché ? <eos>,<sos> lei si è detta di chi sarà questa casa ? <eos>
— èco — 'l dìs — åm vé dumà de sérå,— ecco — dice — veniamo domani sera,<sos> èco 'l dìs åm vé dumà de sérå <eos>,<sos> ecco dice veniamo domani sera <eos>
marüc,mature,<sos> marüc <eos>,<sos> mature <eos>
e và bé,e va bene,<sos> e và bé <eos>,<sos> e va bene <eos>
pènse mé,ci penso io,<sos> pènse mé <eos>,<sos> ci penso io <eos>
dòpo 'sto tùs màt,il matto,<sos> dòpo 'sto tùs màt <eos>,<sos> il matto <eos>
la Bèlla-Pastórå,la Bella-Pastora,<sos> la bèlla-pastórå <eos>,<sos> la bella-pastora <eos>
l'à dormìt,ha dormito,<sos> l'à dormìt <eos>,<sos> ha dormito <eos>
per l'amùr di dio,per l'amor di dio,<sos> per l'amùr di dio <eos>,<sos> per l'amor di dio <eos>
ma la hérå èh,poi di sera,<sos> ma la hérå èh <eos>,<sos> poi di sera <eos>
perchè nóter am se ciàmà,perché ci chiamiamo,<sos> perchè nóter am se ciàmà <eos>,<sos> perché ci chiamiamo <eos>
chi öl ondà 'n céśå,di andare in chiesa,<sos> chi öl ondà 'n céśå <eos>,<sos> di andare in chiesa <eos>
— pòta ma,— pota ma,<sos> pòta ma <eos>,<sos> pota ma <eos>
l'è ri-àt a l'ura del suldàt,è arrivata l'ora del servizio militare,<sos> l'è ri-àt a l'ura del suldàt <eos>,<sos> è arrivata l'ora del servizio militare <eos>
e lü daga öna stangada a hò fredèl,quello gli ha dato una bastonata,<sos> e lü daga öna stangada a hò fredèl <eos>,<sos> quello gli ha dato una bastonata <eos>
e i ghe dìs:,quelli dicono:,<sos> e i ghe dìs <eos>,<sos> quelli dicono <eos>
ol scarpulì l'è 'gnìt sa,il ciabattino,<sos> ol scarpulì l'è 'gnìt sa <eos>,<sos> il ciabattino <eos>
e gliò,e lì,<sos> e gliò <eos>,<sos> e lì <eos>
"che he éra anche bröi, de tegnì-i de cönt",che se anche erano brutti doveva tenerli ben da conto,"<sos> che he éra anche bröi , de tegnì-i de cönt <eos>",<sos> che se anche erano brutti doveva tenerli ben da conto <eos>
'maśginàs!,immaginatevi!,<sos> 'maśginàs ! <eos>,<sos> immaginatevi ! <eos>
mé te fó ni-ént,non ti faccio niente,<sos> mé te fó ni-ént <eos>,<sos> non ti faccio niente <eos>
— ma,— però,<sos> ma <eos>,<sos> però <eos>
per la guèra,per la guerra,<sos> per la guèra <eos>,<sos> per la guerra <eos>
ma l'à mài dìt e nigü,ma non ha mai detto a nessuno,<sos> ma l'à mài dìt e nigü <eos>,<sos> ma non ha mai detto a nessuno <eos>
e 'l và śó a derviga,vanno ad aprire,<sos> e 'l và śó a derviga <eos>,<sos> vanno ad aprire <eos>
'sto curtèl,questo coltello,<sos> 'sto curtèl <eos>,<sos> questo coltello <eos>
dòpo fórse la càvrå,poi forse la capra,<sos> dòpo fórse la càvrå <eos>,<sos> poi forse la capra <eos>
lé la ga tirà-a śó i peöc,così gli toglieva i pidocchi,<sos> lé la ga tirà-a śó i peöc <eos>,<sos> così gli toglieva i pidocchi <eos>
gh'è là tri ca-àì,là ci sono tre cavalli,<sos> gh'è là tri ca-àì <eos>,<sos> là ci sono tre cavalli <eos>
èdet — ål dìs — capìset ol perchè che gh'é-e la spàdå in àriå?,capisci perché avevo la spada in aria?,<sos> èdet ål dìs capìset ol perchè che gh'é-e la spàdå in àriå ? <eos>,<sos> capisci perché avevo la spada in aria ? <eos>
e l'è 'ndàdå śgió,così è discesa,<sos> e l'è 'ndàdå śgió <eos>,<sos> così è discesa <eos>
con giö cüsgià,con un cucchiaio,<sos> con giö cüsgià <eos>,<sos> con un cucchiaio <eos>
che la fà-a i ventü àgn,che aveva compiuto i ventun'anni,<sos> che la fà-a i ventü àgn <eos>,<sos> che aveva compiuto i ventun'anni <eos>
ol nòs' prìncipe malàt —,il nostro principe ammalato —,<sos> ol nòs' prìncipe malàt <eos>,<sos> il nostro principe ammalato <eos>
"i à cuminciàt, i à ciapàt córde",allora hanno cominciato a prendere delle corde,"<sos> i à cuminciàt , i à ciapàt córde <eos>",<sos> allora hanno cominciato a prendere delle corde <eos>
gh'è hö negót,non c'è niente,<sos> gh'è hö negót <eos>,<sos> non c'è niente <eos>
ü laùr benedèt —,una cosa benedetta —,<sos> ü laùr benedèt <eos>,<sos> una cosa benedetta <eos>
— òcio che büte!,— spostati che butto!,<sos> òcio che büte ! <eos>,<sos> spostati che butto ! <eos>
gliùra śó töc a hircàl,allora tutti sono andati a cercarlo,<sos> gliùra śó töc a hircàl <eos>,<sos> allora tutti sono andati a cercarlo <eos>
pasa amò sö de 'ste eremìtå,sale ancora dall'eremita,<sos> pasa amò sö de 'ste eremìtå <eos>,<sos> sale ancora dall'eremita <eos>
tanto 'l mé fradèl l'è mórt,tanto mio fratello è morto,<sos> tanto 'l mé fradèl l'è mórt <eos>,<sos> tanto mio fratello è morto <eos>
fórse argótå de piö a' de mangià,qualcosa di più da mangiare,<sos> fórse argótå de piö a' de mangià <eos>,<sos> qualcosa di più da mangiare <eos>
e i fà:,dicono:,<sos> e i fà <eos>,<sos> dicono <eos>
però mé,ma io,<sos> però mé <eos>,<sos> ma io <eos>
— hé hé,— sì,<sos> hé hé <eos>,<sos> sì <eos>
tìgnel perchè àrdå che dòpo i he n'encurśirà —,"tienila, perché poi ci scopriranno! —",<sos> tìgnel perchè àrdå che dòpo i he n'encurśirà <eos>,"<sos> tienila , perché poi ci scopriranno ! <eos>"
'l la cüntà-å sö tàt bé,gliel'ha raccontata tanto bene,<sos> 'l la cüntà-å sö tàt bé <eos>,<sos> gliel'ha raccontata tanto bene <eos>
'ndó mìå mé perchè,— io non ci vado perché,<sos> 'ndó mìå mé perchè <eos>,<sos> io non ci vado perché <eos>
l'è chèlå che te gh'é de mangià —,sarà quello che tu dovrai mangiare —,<sos> l'è chèlå che te gh'é de mangià <eos>,<sos> sarà quello che tu dovrai mangiare <eos>
làghem endà che te faró nénte! —,— lasciami andare che non ti farò niente! —,<sos> làghem endà che te faró nénte ! <eos>,<sos> lasciami andare che non ti farò niente ! <eos>
e 'l pèc l'è 'ndài de fò de l'öh dela htala perchè l'éra de-èrt l'öh,che è uscita dalla porta aperta della stalla,<sos> e 'l pèc l'è 'ndài de fò de l'öh dela htala perchè l'éra de-èrt l'öh <eos>,<sos> che è uscita dalla porta aperta della stalla <eos>
« adès fói po' cumè e spi-à fò?,« ora come faccio a spiare?,<sos> adès fói po' cumè e spi-à fò ? <eos>,<sos> ora come faccio a spiare ? <eos>
e 'm piö dòpo gh'arés de dàgå de mangia àch al cà!,in più poi dovrei dare da mangiare anche al cane!,<sos> e 'm piö dòpo gh'arés de dàgå de mangia àch al cà ! <eos>,<sos> in più poi dovrei dare da mangiare anche al cane ! <eos>
— 'isto fà pò cumè edès?,— adesso come facciamo?,<sos> 'isto fà pò cumè edès ? <eos>,<sos> adesso come facciamo ? <eos>
ma nehü,ma nessuno,<sos> ma nehü <eos>,<sos> ma nessuno <eos>
tüt ospacàt sö,e rotto ogni cosa,<sos> tüt ospacàt sö <eos>,<sos> e rotto ogni cosa <eos>
e pò la gh'à spödàt gió söl có,e poi le ha sputato sulla testa,<sos> e pò la gh'à spödàt gió söl có <eos>,<sos> e poi le ha sputato sulla testa <eos>
perchè quàndo l'è ri-àt al ghe i ìa piö... —,quando è arrivato non li aveva più... —,<sos> perchè quàndo l'è ri-àt al ghe i ìa piö . . . <eos>,<sos> quando è arrivato non li aveva più . . . <eos>
e mé — la dìh — 'nvéce — la dìh —,e io invece,<sos> e mé la dìh 'nvéce la dìh <eos>,<sos> e io invece <eos>
lé la gh'è 'ndada 'ncuntra con d'ö servitùr,lei gli è venuta incontro con un servitore,<sos> lé la gh'è 'ndada 'ncuntra con d'ö servitùr <eos>,<sos> lei gli è venuta incontro con un servitore <eos>
meśanòt u mesanòt e argótå,poco più della mezzanotte,<sos> meśanòt u mesanòt e argótå <eos>,<sos> poco più della mezzanotte <eos>
se i uréå mangià,se volevano mangiare,<sos> se i uréå mangià <eos>,<sos> se volevano mangiare <eos>
e 'l sét:,e sente:,<sos> e 'l sét <eos>,<sos> e sente <eos>
'l na 'ncóntrå jü,ne incontra uno,<sos> 'l na 'ncóntrå jü <eos>,<sos> ne incontra uno <eos>
— stà eténtå — 'l dìs —,— stai attento — gli dice —,<sos> stà eténtå 'l dìs <eos>,<sos> stai attento gli dice <eos>
sbranate quella fiéra che siéte ancóra a tèmpo! —,sbranate quella fiera che siete ancora in tempo! —,<sos> sbranate quella fiéra che siéte ancóra a tèmpo ! <eos>,<sos> sbranate quella fiera che siete ancora in tempo ! <eos>
i ghe n'à dai gnè' de bì-er,non gli han dato neppure da bere,<sos> i ghe n'à dai gnè' de bì-er <eos>,<sos> non gli han dato neppure da bere <eos>
e gliùrå 'l cumìnciå 'l ghe dìs:,allora si mette a dirgli:,<sos> e gliùrå 'l cumìnciå 'l ghe dìs <eos>,<sos> allora si mette a dirgli <eos>
lü 'n fastide 'l pianśìa,lui piangeva tutto preoccupato,<sos> lü 'n fastide 'l pianśìa <eos>,<sos> lui piangeva tutto preoccupato <eos>
al gh'à dìt:,ha detto:,<sos> al gh'à dìt <eos>,<sos> ha detto <eos>
e i dù cà,e i due cani,<sos> e i dù cà <eos>,<sos> e i due cani <eos>
gliùrå cul purtù:,allora col portone:,<sos> gliùrå cul purtù <eos>,<sos> allora col portone <eos>
i ria lé: — 'ndo éla Rośalba? —,loro arrivano: — dov'è Rosalba? —,<sos> i ria lé 'ndo éla rośalba ? <eos>,<sos> loro arrivano dov'è rosalba ? <eos>
pòtå 'sti tuśi i ghe l'diśéå mìa el bubà,loro non lo dicevano al papà,<sos> pòtå 'sti tuśi i ghe l'diśéå mìa el bubà <eos>,<sos> loro non lo dicevano al papà <eos>
e l'està-å sö a spi-àlå śgió,e stava a spiarla,<sos> e l'està-å sö a spi-àlå śgió <eos>,<sos> e stava a spiarla <eos>
al fà: « adès,Rusca dice: « adesso,<sos> al fà adès <eos>,<sos> rusca dice adesso <eos>
và amò de chèl pehì,— vai ancora da quel pesciolino,<sos> và amò de chèl pehì <eos>,<sos> vai ancora da quel pesciolino <eos>
i ghe l'éå cambiàt,gliel'avevano cambiato,<sos> i ghe l'éå cambiàt <eos>,<sos> gliel'avevano cambiato <eos>
e i óter śó hóta,e gli altri,<sos> e i óter śó hóta <eos>,<sos> e gli altri <eos>
e lé l'è 'ndàdå a cà la sérå disperàdå,e lei la sera è andata a casa disperata,<sos> e lé l'è 'ndàdå a cà la sérå disperàdå <eos>,<sos> e lei la sera è andata a casa disperata <eos>
lé la ha fà-a batì le mà de töc,si faceva battere le mani da tutti,<sos> lé la ha fà-a batì le mà de töc <eos>,<sos> si faceva battere le mani da tutti <eos>
'l s'è bötàt źó,s'è sdraiato,<sos> 'l s'è bötàt źó <eos>,<sos> s'è sdraiato <eos>
perchè la prima nòtte di matrimònio,perché la prima notte di matrimonio,<sos> perchè la prima nòtte di matrimònio <eos>,<sos> perché la prima notte di matrimonio <eos>
li hune per lé,suonino per lei,<sos> li hune per lé <eos>,<sos> suonino per lei <eos>
l'ìa fò na hò stansa ö dé,un giorno era nella sua stanza,<sos> l'ìa fò na hò stansa ö dé <eos>,<sos> un giorno era nella sua stanza <eos>
con tüt 'osto ór che,con tutto quest'oro,<sos> con tüt 'osto ór che <eos>,<sos> con tutto quest'oro <eos>
la l'ciamà-å:,chiamava:,<sos> la l'ciamà-å <eos>,<sos> chiamava <eos>
Gh'éra öna ólta ö sciòr,C'era una volta un signore,<sos> gh'éra öna ólta ö sciòr <eos>,<sos> c'era una volta un signore <eos>
sénsa papà,senza papà,<sos> sénsa papà <eos>,<sos> senza papà <eos>
on d'üna catedrale,in una cattedrale,<sos> on d'üna catedrale <eos>,<sos> in una cattedrale <eos>
e pò tö sö la tò casèta e 'à 'n sö,e poi porta la cassetta,<sos> e pò tö sö la tò casèta e 'à 'n sö <eos>,<sos> e poi porta la cassetta <eos>
e alura lùr i va hö,loro salgono,<sos> e alura lùr i va hö <eos>,<sos> loro salgono <eos>
ma i picà-å l'àriå,ma picchiavano l'aria,<sos> ma i picà-å l'àriå <eos>,<sos> ma picchiavano l'aria <eos>
— l'ét troàt?,— l'hai trovato?,<sos> l'ét troàt ? <eos>,<sos> l'hai trovato ? <eos>
la l'à fle-elàt,l'ha bastonato,<sos> la l'à fle-elàt <eos>,<sos> l'ha bastonato <eos>
'ssé i à ciapade amó Piéro,così le ha prese ancora Pietro,<sos> 'ssé i à ciapade amó piéro <eos>,<sos> così le ha prese ancora pietro <eos>
e gliò 'sto Juanì l'è stàt amò 'n dul lèt,ed è rimasto a letto,<sos> e gliò 'sto juanì l'è stàt amò 'n dul lèt <eos>,<sos> ed è rimasto a letto <eos>
l'à oltrepahàt l'albèrgo,ha oltrepassato l'albergo,<sos> l'à oltrepahàt l'albèrgo <eos>,<sos> ha oltrepassato l'albergo <eos>
le à dìt che he te bé-et chèl'àiguå lé te di-èntet ü lüf!,ha detto che se bevi quest'acqua diventerai un lupo!,<sos> le à dìt che he te bé-et chèl'àiguå lé te di-èntet ü lüf ! <eos>,<sos> ha detto che se bevi quest'acqua diventerai un lupo ! <eos>
hpètel dù,due,<sos> hpètel dù <eos>,<sos> due <eos>
i ghe dìh:,gli dicono:,<sos> i ghe dìh <eos>,<sos> gli dicono <eos>
e i sarà dré amà a fà fèsta,staranno facendo ancora festa,<sos> e i sarà dré amà a fà fèsta <eos>,<sos> staranno facendo ancora festa <eos>
urì 'ndà sö,volete,<sos> urì 'ndà sö <eos>,<sos> volete <eos>
che l'è hö dré al bóhch,che era nel bosco,<sos> che l'è hö dré al bóhch <eos>,<sos> che era nel bosco <eos>
diga ca ói de-entà sciùra,digli che voglio diventare signora,<sos> diga ca ói de-entà sciùra <eos>,<sos> digli che voglio diventare signora <eos>
e lü l'à dìt essè: — hé ah! mé gh'ó mìå üt pùrå!,e Giovannino: — ah! io non ho avuto paura!,<sos> e lü l'à dìt essè hé ah ! mé gh'ó mìå üt pùrå ! <eos>,<sos> e giovannino ah ! io non ho avuto paura ! <eos>
— ah te sé té 'l padrù di cà!,— ah sei tu il padrone dei cani!,<sos> ah te sé té 'l padrù di cà ! <eos>,<sos> ah sei tu il padrone dei cani ! <eos>
la ói tö i vestìt bèi,prendere dei bei vestiti,<sos> la ói tö i vestìt bèi <eos>,<sos> prendere dei bei vestiti <eos>
— arda che 'l se ciàmå,— guarda che si chiama,<sos> arda che 'l se ciàmå <eos>,<sos> guarda che si chiama <eos>
l'éra pròpe dré a 'gniga fastide,le stava propri venendo fastidio,<sos> l'éra pròpe dré a 'gniga fastide <eos>,<sos> le stava propri venendo fastidio <eos>
l'à fàt aśili,ha costruito asili,<sos> l'à fàt aśili <eos>,<sos> ha costruito asili <eos>
l'érå éjå,era vecchia,<sos> l'érå éjå <eos>,<sos> era vecchia <eos>
pò l'è contéta a' lé,e anche lei,<sos> pò l'è contéta a' lé <eos>,<sos> e anche lei <eos>
"e lùr tè 'ndàc ilo, 'l gh'érå pròpe ünå cà",e in quel posto c'era proprio,"<sos> e lùr tè 'ndàc ilo , 'l gh'érå pròpe ünå cà <eos>",<sos> e in quel posto c'era proprio <eos>
t'é pò fàt prèst...,hai fatto presto...,<sos> t'é pò fàt prèst . . . <eos>,<sos> hai fatto presto . . . <eos>
mé mè che àe là perchè he nò,"« devo andarci ora, altrimenti",<sos> mé mè che àe là perchè he nò <eos>,"<sos> devo andarci ora , altrimenti <eos>"
he gh'ìe botép! — al dìh —,che buontempo avevo!,<sos> he gh'ìe botép ! al dìh <eos>,<sos> che buontempo avevo ! <eos>
che l'érå 'l sò fradèl:,che era suo fratello:,<sos> che l'érå 'l sò fradèl <eos>,<sos> che era suo fratello <eos>
perchè 'l crodà-a,perché era maturo,<sos> perchè 'l crodà-a <eos>,<sos> perché era maturo <eos>
che la öl de-entà,che vuol diventare,<sos> che la öl de-entà <eos>,<sos> che vuol diventare <eos>
t'edaré ca té te haré bù,vedrai che ci riuscirai,<sos> t'edaré ca té te haré bù <eos>,<sos> vedrai che ci riuscirai <eos>
öna pìcula caśèta che gh'éra déter,una piccola casetta con dentro,<sos> öna pìcula caśèta che gh'éra déter <eos>,<sos> una piccola casetta con dentro <eos>
— ma cóme mài,— come mai,<sos> ma cóme mài <eos>,<sos> come mai <eos>
però chèl che ma dispiàs,quello che mi dispiace,<sos> però chèl che ma dispiàs <eos>,<sos> quello che mi dispiace <eos>
'ndóe 'm gh'à de 'nà a durmì —,dove andremo a dormire —,<sos> 'ndóe 'm gh'à de 'nà a durmì <eos>,<sos> dove andremo a dormire <eos>
i à dìt: — edès em và là! —,— adesso bandiamo! —,<sos> i à dìt edès em và là ! <eos>,<sos> adesso bandiamo ! <eos>
— 'm ghe n'à ché tante nù de palanche!,— noi abbiamo tanti soldi,<sos> 'm ghe n'à ché tante nù de palanche ! <eos>,<sos> noi abbiamo tanti soldi <eos>
se de nò,altrimenti,<sos> se de nò <eos>,<sos> altrimenti <eos>
— pàrlå mìå! —,— non parlare! —,<sos> pàrlå mìå ! <eos>,<sos> non parlare ! <eos>
ói faga ö regàl —,voglio farle un regalo —,<sos> ói faga ö regàl <eos>,<sos> voglio farle un regalo <eos>
chèla lé,quella lì,<sos> chèla lé <eos>,<sos> quella lì <eos>
se só rispuśàt,mi sono risposato,<sos> se só rispuśàt <eos>,<sos> mi sono risposato <eos>
finå che t'é livràt 'östi scarpe ché de fèr,finché avrai consumato queste scarpe di ferro,<sos> finå che t'é livràt 'östi scarpe ché de fèr <eos>,<sos> finché avrai consumato queste scarpe di ferro <eos>
de che banda l'è 'nada —,da che parte è andata —,<sos> de che banda l'è 'nada <eos>,<sos> da che parte è andata <eos>
fina che lùr g'è ri-àc sö 'n Paradìs,finché sono arrivati in paradiso,<sos> fina che lùr g'è ri-àc sö 'n paradìs <eos>,<sos> finché sono arrivati in paradiso <eos>
e gliùrà lü tüt cuntét,Giovannino tutto contento,<sos> e gliùrà lü tüt cuntét <eos>,<sos> giovannino tutto contento <eos>
ma giü hùl en töt ol mónt!,ma uno solo in tutto il mondo,<sos> ma giü hùl en töt ol mónt ! <eos>,<sos> ma uno solo in tutto il mondo <eos>
ala tò cà —,a casa tua —,<sos> ala tò cà <eos>,<sos> a casa tua <eos>
pöde mìa mé,io non posso,<sos> pöde mìa mé <eos>,<sos> io non posso <eos>
'n d'ö cestèllo di vimini,in un cestello di vimini,<sos> 'n d'ö cestèllo di vimini <eos>,<sos> in un cestello di vimini <eos>
e lü,e lui,<sos> e lü <eos>,<sos> e lui <eos>
'gnì 'n gió,a venire giù,<sos> 'gnì 'n gió <eos>,<sos> a venire giù <eos>
che lé,e lei,<sos> che lé <eos>,<sos> e lei <eos>
"quàndo l'è glià 'm pó, lü 'l và là a ca-àl",il corriere andava a cavallo,"<sos> quàndo l'è glià 'm pó , lü 'l và là a ca-àl <eos>",<sos> il corriere andava a cavallo <eos>
ca 'l ghe stà-a śgió üna surèlå,dove ci poteva stare una sorella,<sos> ca 'l ghe stà-a śgió üna surèlå <eos>,<sos> dove ci poteva stare una sorella <eos>
e 'l gh'à dìt:,e l'orco ha gridato:,<sos> e 'l gh'à dìt <eos>,<sos> e l'orco ha gridato <eos>
de-enteró piö rè,diventerò più re,<sos> de-enteró piö rè <eos>,<sos> diventerò più re <eos>
e 'sto leù l'à ìst che la 'ndà-å là bèl'àśe bèl'àśe,e il leone ha notato che camminava pian piano,<sos> e 'sto leù l'à ìst che la 'ndà-å là bèl'àśe bèl'àśe <eos>,<sos> e il leone ha notato che camminava pian piano <eos>
diga che mé ói de-entà öna marchéśa —,digli che io voglio diventare marchesa —,<sos> diga che mé ói de-entà öna marchéśa <eos>,<sos> digli che io voglio diventare marchesa <eos>
ghe l' dé,lo date,<sos> ghe l' dé <eos>,<sos> lo date <eos>
"sciùr Pietro Pigliar di, 'l ga dìh: — al varde che sciùr Piétro Bigliardi la hò firma","dal signor Bigliardi, dice: — guardi signor Pietro Bigliardi la firma","<sos> sciùr pietro pigliar di , 'l ga dìh al varde che sciùr piétro bigliardi la hò firma <eos>","<sos> dal signor bigliardi , dice guardi signor pietro bigliardi la firma <eos>"
e 'n paìh,in paese,<sos> e 'n paìh <eos>,<sos> in paese <eos>
anche he éra bröc,anche se sono brutti,<sos> anche he éra bröc <eos>,<sos> anche se sono brutti <eos>
dòpo te l' pórtet a cà —,poi lo porti a casa —,<sos> dòpo te l' pórtet a cà <eos>,<sos> poi lo porti a casa <eos>
ol formét?,il frumento?,<sos> ol formét ? <eos>,<sos> il frumento ? <eos>
ma quàndo 'l ria 'n fónt ala scala 'l s'e 'nsapàt,"ma quando è arrivato in fondo alla scala, ha inciampato",<sos> ma quàndo 'l ria 'n fónt ala scala 'l s'e 'nsapàt <eos>,"<sos> ma quando è arrivato in fondo alla scala , ha inciampato <eos>"
— nò nò,— no,<sos> nò nò <eos>,<sos> no <eos>
e lé la gh'à tràt,lei ha dato una sciabolata,<sos> e lé la gh'à tràt <eos>,<sos> lei ha dato una sciabolata <eos>
ni-ènte!,niente,<sos> ni-ènte ! <eos>,<sos> niente <eos>
ca ói viga öna cà ö falì bèla,voglio avere una casa un po' bella,<sos> ca ói viga öna cà ö falì bèla <eos>,<sos> voglio avere una casa un po' bella <eos>
la sérå,di sera,<sos> la sérå <eos>,<sos> di sera <eos>
e l'è 'ndàt là,ed è andato,<sos> e l'è 'ndàt là <eos>,<sos> ed è andato <eos>
preparàt ol sò taulì gliò:,lui ha preparato il suo tavolino:,<sos> preparàt ol sò taulì gliò <eos>,<sos> lui ha preparato il suo tavolino <eos>
l'è ri-àt sö 'n sìmå,arrivato in cima,<sos> l'è ri-àt sö 'n sìmå <eos>,<sos> arrivato in cima <eos>
mé gh'ó tace tuśèi,io ho tanti ragazzi,<sos> mé gh'ó tace tuśèi <eos>,<sos> io ho tanti ragazzi <eos>
e la l'à tràdå śgió,l'ha trascinata giù,<sos> e la l'à tràdå śgió <eos>,<sos> l'ha trascinata giù <eos>
— ah — 'l dìs — se 'l gh'à hòn,— se ha sonno,<sos> ah 'l dìs se 'l gh'à hòn <eos>,<sos> se ha sonno <eos>
e i s'è spuśàc,e si sono sposati,<sos> e i s'è spuśàc <eos>,<sos> e si sono sposati <eos>
dù tuśèi,due bambini,<sos> dù tuśèi <eos>,<sos> due bambini <eos>
"— ma la ha férme, la ha férme ö moment",— si fermi un momento,"<sos> ma la ha férme , la ha férme ö moment <eos>",<sos> si fermi un momento <eos>
e la ghe dìs:,dice:,<sos> e la ghe dìs <eos>,<sos> dice <eos>
e pòtå quàndo,e pota quando,<sos> e pòtå quàndo <eos>,<sos> e pota quando <eos>
hó 'n bolpatù amò piö èi de tè,sono un volpone ancora più vecchio di te,<sos> hó 'n bolpatù amò piö èi de tè <eos>,<sos> sono un volpone ancora più vecchio di te <eos>
e l'è partìt,ed è partito,<sos> e l'è partìt <eos>,<sos> ed è partito <eos>
'ssè to 'mparet!,così imparerai!,<sos> 'ssè to 'mparet ! <eos>,<sos> così imparerai ! <eos>
té gàt,tu gatto,<sos> té gàt <eos>,<sos> tu gatto <eos>
'hte fundine e śó,i piatti e versa,<sos> 'hte fundine e śó <eos>,<sos> i piatti e versa <eos>
e lü gliùrå 'l Giuanì,allora Giovannino,<sos> e lü gliùrå 'l giuanì <eos>,<sos> allora giovannino <eos>
e quàndo i à finìt de mangià,quando ha finito di mangiare,<sos> e quàndo i à finìt de mangià <eos>,<sos> quando ha finito di mangiare <eos>
con giö cüśgià,con un cucchiaio,<sos> con giö cüśgià <eos>,<sos> con un cucchiaio <eos>
sculté pò bé,ascoltate bene,<sos> sculté pò bé <eos>,<sos> ascoltate bene <eos>
al dìs: — ma hét mài fermàt en negölöch durante 'l viàs l a 'nà o egnì?,gli chiedono — non ti sei mai fermato in nessun posto durante il viaggio andando o venendo?,<sos> al dìs ma hét mài fermàt en negölöch durante 'l viàs l a 'nà o egnì ? <eos>,<sos> gli chiedono non ti sei mai fermato in nessun posto durante il viaggio andando o venendo ? <eos>
mé — 'l dìh — fó öm bèl hògn »,io farò un bel sonnellino »,<sos> mé 'l dìh fó öm bèl hògn <eos>,<sos> io farò un bel sonnellino <eos>
e lü 'l fà: — finalménte l'ó troàt —,— finalmente ti ho trovato! —,<sos> e lü 'l fà finalménte l'ó troàt <eos>,<sos> finalmente ti ho trovato ! <eos>
e l'à dìt: « cóme mài ol mé bubà l'à lahàt 'gnì de déter?...,ha pensato: «chissà come mai mio papà li ha lasciati entrare!,<sos> e l'à dìt cóme mài ol mé bubà l'à lahàt 'gnì de déter ? . . . <eos>,<sos> ha pensato chissà come mai mio papà li ha lasciati entrare ! <eos>
— ma ói de dì che mé gliùrå?,— allora cosa devo dire?,<sos> ma ói de dì che mé gliùrå ? <eos>,<sos> allora cosa devo dire ? <eos>
turnaró prèst,tornerò presto,<sos> turnaró prèst <eos>,<sos> tornerò presto <eos>
— ma...,— ma...,<sos> ma . . . <eos>,<sos> ma . . . <eos>
— ma nò,— ma no,<sos> ma nò <eos>,<sos> ma no <eos>
— ol Rè-Serpènte? nò èh,— il Re-Serpente?,<sos> ol rè-serpènte ? nò èh <eos>,<sos> il re-serpente ? <eos>
öna tempèsta,nella tempesta,<sos> öna tempèsta <eos>,<sos> nella tempesta <eos>
gh'éra öna cà négra,aveva una casa nera,<sos> gh'éra öna cà négra <eos>,<sos> aveva una casa nera <eos>
éra öna compagnìa a quaranta,era una compagnia di quaranta,<sos> éra öna compagnìa a quaranta <eos>,<sos> era una compagnia di quaranta <eos>
— apónto — la dìh — perchè ghe n'è giü 'n töt ol mónt,— appunto perché ce n'è uno solo in tutto il mondo,<sos> apónto la dìh perchè ghe n'è giü 'n töt ol mónt <eos>,<sos> appunto perché ce n'è uno solo in tutto il mondo <eos>
la paga,la paga,<sos> la paga <eos>,<sos> la paga <eos>
mé — 'l dìh — a cante mìa! —,io non canto più,<sos> mé 'l dìh a cante mìa ! <eos>,<sos> io non canto più <eos>
turna 'ndré ala hvèlta,torna indietro alla svelta,<sos> turna 'ndré ala hvèlta <eos>,<sos> torna indietro alla svelta <eos>
i la tìgn cóme üna resgìnå,è tenuta come una regina,<sos> i la tìgn cóme üna resgìnå <eos>,<sos> è tenuta come una regina <eos>
la sö surèlå,sua sorella,<sos> la sö surèlå <eos>,<sos> sua sorella <eos>
pòtå li lèngue li gh'è déter mìå,le lingue non ci sono,<sos> pòtå li lèngue li gh'è déter mìå <eos>,<sos> le lingue non ci sono <eos>
dòpo 'l dìh — gh'ére hòn,poi avevo sonno,<sos> dòpo 'l dìh gh'ére hòn <eos>,<sos> poi avevo sonno <eos>
chèl che l'éra mórt e purtàt on Paradìs,dall'eremita che era morto e andato in paradiso,<sos> chèl che l'éra mórt e purtàt on paradìs <eos>,<sos> dall'eremita che era morto e andato in paradiso <eos>
ünå pegurìnå,una pecorella,<sos> ünå pegurìnå <eos>,<sos> una pecorella <eos>
l'è 'gnìt en sö lü,è tornato in su,<sos> l'è 'gnìt en sö lü <eos>,<sos> è tornato in su <eos>
— àrdå che bèi póm,— guarda che belle mele,<sos> àrdå che bèi póm <eos>,<sos> guarda che belle mele <eos>
gliùra 'l prìncipe 'l h'è metìt dré a uśà:,così il principe s'è messo a gridare:,<sos> gliùra 'l prìncipe 'l h'è metìt dré a uśà <eos>,<sos> così il principe s'è messo a gridare <eos>
'ssé cóla mé chitàrå pöde girà e fà di-ertì tüc,e con la chitarra potrei girare a far divertire tutti,<sos> 'ssé cóla mé chitàrå pöde girà e fà di-ertì tüc <eos>,<sos> e con la chitarra potrei girare a far divertire tutti <eos>
— 'ta ma s'pöl mìa,— ma non si può!,<sos> 'ta ma s'pöl mìa <eos>,<sos> ma non si può ! <eos>
mé öe ü pér de materàs de lànà,voglio un paio di materassi di lana,<sos> mé öe ü pér de materàs de lànà <eos>,<sos> voglio un paio di materassi di lana <eos>
l'è 'ndàt,è andato,<sos> l'è 'ndàt <eos>,<sos> è andato <eos>
tate piantiline,tante pianticelle,<sos> tate piantiline <eos>,<sos> tante pianticelle <eos>
gh'à dìt lü 'l rè,gli ha detto il re,<sos> gh'à dìt lü 'l rè <eos>,<sos> gli ha detto il re <eos>
menemà 'l vé de fò üna egiahìnå d'ü vestére,"d'un tratto, da un armadio esce una vecchina",<sos> menemà 'l vé de fò üna egiahìnå d'ü vestére <eos>,"<sos> d'un tratto , da un armadio esce una vecchina <eos>"
e gliùrå l'à ciamàt la hegóndå,ha chiamato la seconda,<sos> e gliùrå l'à ciamàt la hegóndå <eos>,<sos> ha chiamato la seconda <eos>
chi che gh'éra dét,quelli che erano dentro,<sos> chi che gh'éra dét <eos>,<sos> quelli che erano dentro <eos>
sura la röda del mulì,sopra la ruota del mulino,<sos> sura la röda del mulì <eos>,<sos> sopra la ruota del mulino <eos>
l'è 'ndàt on dol risturànt,è andato al ristorante,<sos> l'è 'ndàt on dol risturànt <eos>,<sos> è andato al ristorante <eos>
di oreśgì,degli orecchini,<sos> di oreśgì <eos>,<sos> degli orecchini <eos>
e gliò 'sto di-àol ål diśéå:,e diceva:,<sos> e gliò 'sto di-àol ål diśéå <eos>,<sos> e diceva <eos>
e 'sti tuśe,e tra queste,<sos> e 'sti tuśe <eos>,<sos> e tra queste <eos>
Öna ölta gh'éra,C'era una volta,<sos> öna ölta gh'éra <eos>,<sos> c'era una volta <eos>
dù u trì dé,due o tre giorni,<sos> dù u trì dé <eos>,<sos> due o tre giorni <eos>
che l'è jó gliò chèl óter leù pü gròs,laggiù c'è l'altro leone più grosso di te,<sos> che l'è jó gliò chèl óter leù pü gròs <eos>,<sos> laggiù c'è l'altro leone più grosso di te <eos>
e nóter em sé chilò,e noi,<sos> e nóter em sé chilò <eos>,<sos> e noi <eos>
l'à durmìt sóta sùrå 'm pó de pàiå,sopra un po' di paglia,<sos> l'à durmìt sóta sùrå 'm pó de pàiå <eos>,<sos> sopra un po' di paglia <eos>
perchè fét chi laùr lé?,perché fai queste cose?,<sos> perchè fét chi laùr lé ? <eos>,<sos> perché fai queste cose ? <eos>
— la dìs — ma i afare i ta 'à bé o nò?,gli affari ti vanno bene,<sos> la dìs ma i afare i ta 'à bé o nò ? <eos>,<sos> gli affari ti vanno bene <eos>
e pò l'à ciamàt a' 'l leù,ha invitato anche il leone,<sos> e pò l'à ciamàt a' 'l leù <eos>,<sos> ha invitato anche il leone <eos>
Gh'érå dù tuśéi,C'erano due ragazzi,<sos> gh'érå dù tuśéi <eos>,<sos> c'erano due ragazzi <eos>
la 'l séå mìå,non sapeva,<sos> la 'l séå mìå <eos>,<sos> non sapeva <eos>
mé òi de-entà la sciùra principèha,io voglio diventare la signora principessa,<sos> mé òi de-entà la sciùra principèha <eos>,<sos> io voglio diventare la signora principessa <eos>
turna a naga 'n téra,la sciabola cade di nuovo in terra,<sos> turna a naga 'n téra <eos>,<sos> la sciabola cade di nuovo in terra <eos>
he ga piàśe,se gli piaccio,<sos> he ga piàśe <eos>,<sos> se gli piaccio <eos>
al gh'érå öna s-cèta che ha ciamà-a Rośalba,che aveva una figlia di nome Rosalba,<sos> al gh'érå öna s-cèta che ha ciamà-a rośalba <eos>,<sos> che aveva una figlia di nome rosalba <eos>
gnè' hervitùr,né servitori,<sos> gnè' hervitùr <eos>,<sos> né servitori <eos>
fina che è saltài fò,finché loro si sono alzati,<sos> fina che è saltài fò <eos>,<sos> finché loro si sono alzati <eos>
sö 'n dol pülpit,sul pulpito,<sos> sö 'n dol pülpit <eos>,<sos> sul pulpito <eos>
e 'm te darà la cundànå —,e ti daremo la condanna —,<sos> e 'm te darà la cundànå <eos>,<sos> e ti daremo la condanna <eos>
l'à töt sö la sà àcquå,ha preso la sua acqua,<sos> l'à töt sö la sà àcquå <eos>,<sos> ha preso la sua acqua <eos>
con giö cüśgià,con un cucchiaio,<sos> con giö cüśgià <eos>,<sos> con un cucchiaio <eos>
— pòta epür bisognerà fàl — la gh'à dìt chèla h-cèta mìa tròp bèla,— eppure bisognerà farlo — ha detto quella ragazza non troppo bella,<sos> pòta epür bisognerà fàl la gh'à dìt chèla h-cèta mìa tròp bèla <eos>,<sos> eppure bisognerà farlo ha detto quella ragazza non troppo bella <eos>
"— nò nò, ha stöfe mìa mé a 'nà a pè","— no, io non mi stanco di camminare","<sos> nò nò , ha stöfe mìa mé a 'nà a pè <eos>","<sos> no , io non mi stanco di camminare <eos>"
e secóme la gh'ìa 'l söspèt che,e siccome aveva il sospetto che,<sos> e secóme la gh'ìa 'l söspèt che <eos>,<sos> e siccome aveva il sospetto che <eos>
al vé piö a töm a scöla,non viene più a prendermi a scuola,<sos> al vé piö a töm a scöla <eos>,<sos> non viene più a prendermi a scuola <eos>
l'è negàt,ed è annegato,<sos> l'è negàt <eos>,<sos> ed è annegato <eos>
quando che,quando,<sos> quando che <eos>,<sos> quando <eos>
"— a 'ndó, a 'ndó","— vado, vado","<sos> a 'ndó , a 'ndó <eos>","<sos> vado , vado <eos>"
a troàl:,a trovarlo:,<sos> a troàl <eos>,<sos> a trovarlo <eos>
hó piö 'nte 'ndà a tirala mé! —,non so più dove stenderla! —,<sos> hó piö 'nte 'ndà a tirala mé ! <eos>,<sos> non so più dove stenderla ! <eos>
l'è 'nada śó,lei è scesa,<sos> l'è 'nada śó <eos>,<sos> lei è scesa <eos>
con giöna s-cèta mìa tròp bèla,con una ragazza non tanto bella,<sos> con giöna s-cèta mìa tròp bèla <eos>,<sos> con una ragazza non tanto bella <eos>
öna ròba miga tròp giösta,una cosa non tanto giusta,<sos> öna ròba miga tròp giösta <eos>,<sos> una cosa non tanto giusta <eos>
— e và bé — 'l dis — te diśe chi che só,"— va bene, te lo dico",<sos> e và bé 'l dis te diśe chi che só <eos>,"<sos> va bene , te lo dico <eos>"
i 'à e tö i òs dol Paulì,vanno a prendere le ossa di Paolino,<sos> i 'à e tö i òs dol paulì <eos>,<sos> vanno a prendere le ossa di paolino <eos>
"— ah 'm gh'à pórå dèi cavrignér nóter, se 'm sa 'ncuntra déter magare","— abbiamo paura dei carabinieri, se li incontriamo","<sos> ah 'm gh'à pórå dèi cavrignér nóter , se 'm sa 'ncuntra déter magare <eos>","<sos> abbiamo paura dei carabinieri , se li incontriamo <eos>"
al rìa là ala sò cà,arriva a casa sua /  /  /  /  /  /  /  /  /  /  /  /  /  /  /  /  /  /  / ,<sos> al rìa là ala sò cà <eos>,<sos> arriva a casa sua <eos>
— adèh — al dìs —,— adesso — dice —,<sos> adèh al dìs <eos>,<sos> adesso dice <eos>
lü 'l Giuanì 'l gì à dìt:,ma Giovannino:,<sos> lü 'l giuanì 'l gì à dìt <eos>,<sos> ma giovannino <eos>
de mangià,da mangiare,<sos> de mangià <eos>,<sos> da mangiare <eos>
e lé la s'è signàdå,lei si è segnata,<sos> e lé la s'è signàdå <eos>,<sos> lei si è segnata <eos>
te l'laghe dàgå brasèt a té,te la lascio portare a braccetto,<sos> te l'laghe dàgå brasèt a té <eos>,<sos> te la lascio portare a braccetto <eos>
e quàndo 'l vé a durmì,e quando il marito è venuto a dormire,<sos> e quàndo 'l vé a durmì <eos>,<sos> e quando il marito è venuto a dormire <eos>
adès cumè 'm la mètei?,adesso come la mettiamo?,<sos> adès cumè 'm la mètei ? <eos>,<sos> adesso come la mettiamo ? <eos>
la matìnå,al mattino,<sos> la matìnå <eos>,<sos> al mattino <eos>
gliò i l'à ringrasiàdå,l'hanno ringraziata,<sos> gliò i l'à ringrasiàdå <eos>,<sos> l'hanno ringraziata <eos>
— òcio che büte!,— spostati che butto!,<sos> òcio che büte ! <eos>,<sos> spostati che butto ! <eos>
e 'l gh'à dìt:,e lui ha detto:,<sos> e 'l gh'à dìt <eos>,<sos> e lui ha detto <eos>
pòta 'l vé hà mehdé,pota arriva mezzogiorno,<sos> pòta 'l vé hà mehdé <eos>,<sos> pota arriva mezzogiorno <eos>
lü ål vuréå ède cumè la fà-å,lui voleva vedere come faceva,<sos> lü ål vuréå ède cumè la fà-å <eos>,<sos> lui voleva vedere come faceva <eos>
e gliùra,allora,<sos> e gliùra <eos>,<sos> allora <eos>
ah pòtå 'l furmét ål capìå mìa èh,ma il frumento non capiva,<sos> ah pòtå 'l furmét ål capìå mìa èh <eos>,<sos> ma il frumento non capiva <eos>
— ah mé 'l ma tóca laurà perchè — 'l dìh —,— devo lavorare perché,<sos> ah mé 'l ma tóca laurà perchè 'l dìh <eos>,<sos> devo lavorare perché <eos>
edarét,vedrete,<sos> edarét <eos>,<sos> vedrete <eos>
mé só 'l tò papà,io sono il tuo papà,<sos> mé só 'l tò papà <eos>,<sos> io sono il tuo papà <eos>
"— pehì, bèl pehì","— pesciolino, bel pesciolino","<sos> pehì , bèl pehì <eos>","<sos> pesciolino , bel pesciolino <eos>"
la i à minestrài fò,li ha messi nel piatto,<sos> la i à minestrài fò <eos>,<sos> li ha messi nel piatto <eos>
e gliò,e lì,<sos> e gliò <eos>,<sos> e lì <eos>
giü l'érå ulàt gió,uno era caduto,<sos> giü l'érå ulàt gió <eos>,<sos> uno era caduto <eos>
pòtå hö 'n d'ü balcù 'l gh'érå hö,a un balcone c'era,<sos> pòtå hö 'n d'ü balcù 'l gh'érå hö <eos>,<sos> a un balcone c'era <eos>
pròpe cume üna galarìå,proprio come una galleria,<sos> pròpe cume üna galarìå <eos>,<sos> proprio come una galleria <eos>
— scùltå che gh'ó argótå de dìt!,— ascoltami che ho qualcosa da dirti! —,<sos> scùltå che gh'ó argótå de dìt ! <eos>,<sos> ascoltami che ho qualcosa da dirti ! <eos>
— gh'avrèhef mìa öna hcödèla de minèhtra de dàm?,— non avreste una scodella di minestra da darci?,<sos> gh'avrèhef mìa öna hcödèla de minèhtra de dàm ? <eos>,<sos> non avreste una scodella di minestra da darci ? <eos>
ol fìdech,il fegato,<sos> ol fìdech <eos>,<sos> il fegato <eos>
l'è pasàt ün àśen cargàt de stópå,è passato un asino carico di stoppa,<sos> l'è pasàt ün àśen cargàt de stópå <eos>,<sos> è passato un asino carico di stoppa <eos>
méśa gòba,mezza gobba,<sos> méśa gòba <eos>,<sos> mezza gobba <eos>
— ah pòtå,— ah,<sos> ah pòtå <eos>,<sos> ah <eos>
òi metì öna curuna de di-amanti höl mé có,mettere una corona di diamanti sulla mia testa,<sos> òi metì öna curuna de di-amanti höl mé có <eos>,<sos> mettere una corona di diamanti sulla mia testa <eos>
ål fà: — a hète udùr de carne de cris-cià,grida: — sento odore di carne di cristiano,<sos> ål fà a hète udùr de carne de cris-cià <eos>,<sos> grida sento odore di carne di cristiano <eos>
incréduli tüc,tutti erano increduli,<sos> incréduli tüc <eos>,<sos> tutti erano increduli <eos>
'm sarà epòst! —,siamo a posto! —,<sos> 'm sarà epòst ! <eos>,<sos> siamo a posto ! <eos>
chìgå śechì! »,caga zecchini! » —,<sos> chìgå śechì ! <eos>,<sos> caga zecchini ! <eos>
'nsóma 'l gh'avrà üt quìndeh o hédeś'àgn,avrà avuto quindici o sedici anni,<sos> 'nsóma 'l gh'avrà üt quìndeh o hédeś'àgn <eos>,<sos> avrà avuto quindici o sedici anni <eos>
la gh'à dàc ü strepù a 'sto gabüs,ha dato uno strappo al cavolo,<sos> la gh'à dàc ü strepù a 'sto gabüs <eos>,<sos> ha dato uno strappo al cavolo <eos>
lùr i dù lader i hpehéga a diga:,i due ladri si sono affrettati a dirle:,<sos> lùr i dù lader i hpehéga a diga <eos>,<sos> i due ladri si sono affrettati a dirle <eos>
'l gh'à davrìt,ha aperto,<sos> 'l gh'à davrìt <eos>,<sos> ha aperto <eos>
che pàså,che passerà,<sos> che pàså <eos>,<sos> che passerà <eos>
perché biśugnà-å che 'l füdés puntuàle,perché doveva essere puntuale,<sos> perché biśugnà-å che 'l füdés puntuàle <eos>,<sos> perché doveva essere puntuale <eos>
al gh'à dit: nò nò — 'l dih — ì è velenàs,"ha detto: — no, sono velenosi",<sos> al gh'à dit nò nò 'l dih ì è velenàs <eos>,"<sos> ha detto no , sono velenosi <eos>"
e l'è ri-àdå el palàs,ed è arrivata al palazzo,<sos> e l'è ri-àdå el palàs <eos>,<sos> ed è arrivata al palazzo <eos>
e 'ndó e mé cà colà mé màmå che,vado a casa con la mia mamma,<sos> e 'ndó e mé cà colà mé màmå che <eos>,<sos> vado a casa con la mia mamma <eos>
ali sés la matìnå,alle sei di mattino,<sos> ali sés la matìnå <eos>,<sos> alle sei di mattino <eos>
lùr i la ciamà-a mama,la chiamavano mamma,<sos> lùr i la ciamà-a mama <eos>,<sos> la chiamavano mamma <eos>
l'à dìt: « te ederé che 'sta óltå,« vedrai che stavolta,<sos> l'à dìt te ederé che 'sta óltå <eos>,<sos> vedrai che stavolta <eos>
"ma nóter m'à sentìt negótå, m'à durmìt tütå nòt!","noi non abbiamo sentito niente, abbiamo dormito tutta notte!","<sos> ma nóter m'à sentìt negótå , m'à durmìt tütå nòt ! <eos>","<sos> noi non abbiamo sentito niente , abbiamo dormito tutta notte ! <eos>"
óter,altro,<sos> óter <eos>,<sos> altro <eos>
'l mürirà a' 'l Rè-Serpènte,e il Re-Serpente,<sos> 'l mürirà a' 'l rè-serpènte <eos>,<sos> e il re-serpente <eos>
am ha difènt,ci difenderemo,<sos> am ha difènt <eos>,<sos> ci difenderemo <eos>
adèh la gàmbå l'è guarìdå,adesso la gamba è guarita,<sos> adèh la gàmbå l'è guarìdå <eos>,<sos> adesso la gamba è guarita <eos>
i l'à ligàt,l'hanno legato,<sos> i l'à ligàt <eos>,<sos> l'hanno legato <eos>
i cahadùr dol prìncipe,i cacciatori del principe,<sos> i cahadùr dol prìncipe <eos>,<sos> i cacciatori del principe <eos>
— 'l ga dìh ol Signùr —,— dice il Signore —,<sos> 'l ga dìh ol signùr <eos>,<sos> dice il signore <eos>
piö öna bórsa nèh!,non più una borsa,<sos> piö öna bórsa nèh ! <eos>,<sos> non più una borsa <eos>
pòtå lü l'è 'ndàt sö e palpà högliò e ardà,quello va di nuovo a cercare,<sos> pòtå lü l'è 'ndàt sö e palpà högliò e ardà <eos>,<sos> quello va di nuovo a cercare <eos>
e gliùra le hò guàrdìe i l'à compagnàt fina a ó cèrto punto,così le sue guardie l'hanno accompagnato fino a un certo punto,<sos> e gliùra le hò guàrdìe i l'à compagnàt fina a ó cèrto punto <eos>,<sos> così le sue guardie l'hanno accompagnato fino a un certo punto <eos>
e 'l ciàmå la hò màmå:,chiama la mamma:,<sos> e 'l ciàmå la hò màmå <eos>,<sos> chiama la mamma <eos>
'nà a derviga,per andare ad aprire,<sos> 'nà a derviga <eos>,<sos> per andare ad aprire <eos>
chèl lé,un figlio,<sos> chèl lé <eos>,<sos> un figlio <eos>
istìt de biànch e de négher,vestito di bianco e di nero,<sos> istìt de biànch e de négher <eos>,<sos> vestito di bianco e di nero <eos>
— éh tìgnelå per l'amùr di dìo,— tienila per l'amor di dio,<sos> éh tìgnelå per l'amùr di dìo <eos>,<sos> tienila per l'amor di dio <eos>
"— hé, mé he ulé 'gnì ve töe dré che","— se volete, io vi prendo con me","<sos> hé , mé he ulé 'gnì ve töe dré che <eos>","<sos> se volete , io vi prendo con me <eos>"
te 'ndé déter en mèh éla hènder,andrai in mezzo alla cenere,<sos> te 'ndé déter en mèh éla hènder <eos>,<sos> andrai in mezzo alla cenere <eos>
la l'à menàt de déter,l'ha portato dentro,<sos> la l'à menàt de déter <eos>,<sos> l'ha portato dentro <eos>
menemà i hét ü fracàs,quando sentono un fracasso,<sos> menemà i hét ü fracàs <eos>,<sos> quando sentono un fracasso <eos>
"e dòpo 'l gh'è gnìt en mént, magare",e hanno pensato che forse,"<sos> e dòpo 'l gh'è gnìt en mént , magare <eos>",<sos> e hanno pensato che forse <eos>
che he 'm ga ri-erà mìa — 'l dìh —,che se non ci riusciremo,<sos> che he 'm ga ri-erà mìa 'l dìh <eos>,<sos> che se non ci riusciremo <eos>
'sto ssiùr a ca-àl,quel signore a cavallo,<sos> 'sto ssiùr a ca-àl <eos>,<sos> quel signore a cavallo <eos>
fìf mócio hé o nò?,volete tacere?,<sos> fìf mócio hé o nò ? <eos>,<sos> volete tacere ? <eos>
la pensà-a hule,pensava solo,<sos> la pensà-a hule <eos>,<sos> pensava solo <eos>
strüśgiå,sporca,<sos> strüśgiå <eos>,<sos> sporca <eos>
prìmå che 'l gnìs fósch,prima che si facesse buio,<sos> prìmå che 'l gnìs fósch <eos>,<sos> prima che si facesse buio <eos>
menemà,e d'un tratto,<sos> menemà <eos>,<sos> e d'un tratto <eos>
e i gh'à metìt nòm,gli han dato nome,<sos> e i gh'à metìt nòm <eos>,<sos> gli han dato nome <eos>
ma però óltes mài 'ndré per quàt ch'i te ciàmå,però non voltarti mai per quanto ti chiamino,<sos> ma però óltes mài 'ndré per quàt ch'i te ciàmå <eos>,<sos> però non voltarti mai per quanto ti chiamino <eos>
'l mé óm al vé a cà ca l'è htöf èh!,perché mio marito torna a casa stanco,<sos> 'l mé óm al vé a cà ca l'è htöf èh ! <eos>,<sos> perché mio marito torna a casa stanco <eos>
quànt a l'è ri-àt tré che 'n có al paìh,quando è arrivato all'inizio del paese,<sos> quànt a l'è ri-àt tré che 'n có al paìh <eos>,<sos> quando è arrivato all'inizio del paese <eos>
i rìa chèi che è 'nàt a mésa,arrivano quelli che erano andati a messa,<sos> i rìa chèi che è 'nàt a mésa <eos>,<sos> arrivano quelli che erano andati a messa <eos>
che 'l ghe l'à dìt al prìncipe,e l'ha detto al principe,<sos> che 'l ghe l'à dìt al prìncipe <eos>,<sos> e l'ha detto al principe <eos>
e i à ciapàt anche chèl,a prendere anche quello,<sos> e i à ciapàt anche chèl <eos>,<sos> a prendere anche quello <eos>
m'é fàt desedà fò óter,voi ci avete fatto svegliare,<sos> m'é fàt desedà fò óter <eos>,<sos> voi ci avete fatto svegliare <eos>
l'érå mìå a brasèt al prìncipe,non era a braccetto del principe,<sos> l'érå mìå a brasèt al prìncipe <eos>,<sos> non era a braccetto del principe <eos>
— macché,macché,<sos> macché <eos>,<sos> macché <eos>
pòta lù,pota lui,<sos> pòta lù <eos>,<sos> pota lui <eos>
e gliùrå 'sti tuśèi i à spetàt che 'l füdés bèl nòt che,allora i ragazzi hanno aspettato che fosse notte alta,<sos> e gliùrå 'sti tuśèi i à spetàt che 'l füdés bèl nòt che <eos>,<sos> allora i ragazzi hanno aspettato che fosse notte alta <eos>
e pò — 'l dìh — anche amò,e ancora,<sos> e pò 'l dìh anche amò <eos>,<sos> e ancora <eos>
a fà hö la rata?,per fare la salita?,<sos> a fà hö la rata ? <eos>,<sos> per fare la salita ? <eos>
pàrlå mìå!,non parlare!,<sos> pàrlå mìå ! <eos>,<sos> non parlare ! <eos>
e gliùra,allora,<sos> e gliùra <eos>,<sos> allora <eos>
e la ha di-ertìa,si divertiva,<sos> e la ha di-ertìa <eos>,<sos> si divertiva <eos>
li gh'è ri-àde a ciapà,son riuscite a prendere,<sos> li gh'è ri-àde a ciapà <eos>,<sos> son riuscite a prendere <eos>
"— nò, l'ó cupàt mé","— no, l'ho ammazzato io","<sos> nò , l'ó cupàt mé <eos>","<sos> no , l'ho ammazzato io <eos>"
e ś' và a töi,e si va a prenderlo,<sos> e ś' và a töi <eos>,<sos> e si va a prenderlo <eos>
poarì töt ò carbunì l'è 'ndàt,"poveretto, è rimasto tutto carbonizzato!",<sos> poarì töt ò carbunì l'è 'ndàt <eos>,"<sos> poveretto , è rimasto tutto carbonizzato ! <eos>"
chèl òm em pó ansiàno 'l ga dìs:,l'uomo anziano ha detto:,<sos> chèl òm em pó ansiàno 'l ga dìs <eos>,<sos> l'uomo anziano ha detto <eos>
"l'è furàt gió, l'è sparìt",è sprofondato ed è sparito,"<sos> l'è furàt gió , l'è sparìt <eos>",<sos> è sprofondato ed è sparito <eos>
mé gh'ó de chèl sét! —,— io ho tanta di quella sete! —,<sos> mé gh'ó de chèl sét ! <eos>,<sos> io ho tanta di quella sete ! <eos>
maginàs!,immaginatevi,<sos> maginàs ! <eos>,<sos> immaginatevi <eos>
— e mé 'nvéce — 'l dìs — 'nó a hercà 'l laorà,— io invece vado in cerca di lavoro,<sos> e mé 'nvéce 'l dìs 'nó a hercà 'l laorà <eos>,<sos> io invece vado in cerca di lavoro <eos>
dù śömèi,due gemelli,<sos> dù śömèi <eos>,<sos> due gemelli <eos>
àidem! »,aiutami! »,<sos> àidem ! <eos>,<sos> aiutami ! <eos>
che 'ssé — 'l dìh — he i ciàpe,così le prenderò io,<sos> che 'ssé 'l dìh he i ciàpe <eos>,<sos> così le prenderò io <eos>
li sèt lèngue,le sette lingue,<sos> li sèt lèngue <eos>,<sos> le sette lingue <eos>
e lü l'à dìt: — ah mé gh'ó gna' 'm pó pùrå,Giovannino ha detto: — io non ho affatto paura,<sos> e lü l'à dìt ah mé gh'ó gna' 'm pó pùrå <eos>,<sos> giovannino ha detto io non ho affatto paura <eos>
al culunèl,al colonnello,<sos> al culunèl <eos>,<sos> al colonnello <eos>
'nó a troàla,a trovarla,<sos> 'nó a troàla <eos>,<sos> a trovarla <eos>
vé a rìa del màr che ói parlàt —,vieni a riva del mare che voglio parlarti —,<sos> vé a rìa del màr che ói parlàt <eos>,<sos> vieni a riva del mare che voglio parlarti <eos>
ùh che 'l cahà-a fò,e come gridava,<sos> ùh che 'l cahà-a fò <eos>,<sos> e come gridava <eos>
e 'l ga dìs:,e le dice:,<sos> e 'l ga dìs <eos>,<sos> e le dice <eos>
e lo,e lui,<sos> e lo <eos>,<sos> e lui <eos>
làgå mìå pahà chèlå tùśå che la m'à purtàt già,non lasciar passare quella ragazza che mi ha portato via,<sos> làgå mìå pahà chèlå tùśå che la m'à purtàt già <eos>,<sos> non lasciar passare quella ragazza che mi ha portato via <eos>
che mé là — 'l dìh — haró cumudàt piö bé — 'l dìh —,là starò meglio,<sos> che mé là 'l dìh haró cumudàt piö bé 'l dìh <eos>,<sos> là starò meglio <eos>
la sérå dòpo,la sera dopo,<sos> la sérå dòpo <eos>,<sos> la sera dopo <eos>
la l'éö heràt de déter chèlå egiahìnå,l'aveva rinchiuso quella vecchina,<sos> la l'éö heràt de déter chèlå egiahìnå <eos>,<sos> l'aveva rinchiuso quella vecchina <eos>
— éh ma,— ma,<sos> éh ma <eos>,<sos> ma <eos>
— mé só cristiànå,— sono cristiana,<sos> mé só cristiànå <eos>,<sos> sono cristiana <eos>
la surèlå,la sorella,<sos> la surèlå <eos>,<sos> la sorella <eos>
e l'à dìt: — se té te ö stà ché con mé,poi ha aggiunto: — se vuoi stare qui con me,<sos> e l'à dìt se té te ö stà ché con mé <eos>,<sos> poi ha aggiunto se vuoi stare qui con me <eos>
pòtå,pota,<sos> pòtå <eos>,<sos> pota <eos>
'ssé òna brà-a spuśina... —,una sposina così brava...,<sos> 'ssé òna brà-a spuśina . . . <eos>,<sos> una sposina così brava . . . <eos>
màl vistìdå,malvestita,<sos> màl vistìdå <eos>,<sos> malvestita <eos>
e i l'arà troàda i óter,e l'avranno trovata gli altri,<sos> e i l'arà troàda i óter <eos>,<sos> e l'avranno trovata gli altri <eos>
espért,sveglio,<sos> espért <eos>,<sos> sveglio <eos>
sé tüc deśübidiénc pòtå dòpo,siete tutti disubbidienti poi,<sos> sé tüc deśübidiénc pòtå dòpo <eos>,<sos> siete tutti disubbidienti poi <eos>
e la domanda: — chi è? —,e domanda: — chi è? —,<sos> e la domanda chi è ? <eos>,<sos> e domanda chi è ? <eos>
e dunque l'è testimone,dunque è la prova,<sos> e dunque l'è testimone <eos>,<sos> dunque è la prova <eos>
al dìh: — 'nì fò a fa amó,— andate a dormire,<sos> al dìh 'nì fò a fa amó <eos>,<sos> andate a dormire <eos>
'l ne pàså sèt,sette,<sos> 'l ne pàså sèt <eos>,<sos> sette <eos>
— cos'àl fàc?,— cosa ha fatto?,<sos> cos'àl fàc ? <eos>,<sos> cosa ha fatto ? <eos>
— nò nò — l'à dìt — biśògna che 'l vègne hö,"— no, deve venire di sopra",<sos> nò nò l'à dìt biśògna che 'l vègne hö <eos>,"<sos> no , deve venire di sopra <eos>"
che me fà de mangià —,che mi prepari da mangiare —,<sos> che me fà de mangià <eos>,<sos> che mi prepari da mangiare <eos>
la gh'à dìt: — åm mangerài pò chè?,gli ha detto: — cosa mangeremo?,<sos> la gh'à dìt åm mangerài pò chè ? <eos>,<sos> gli ha detto cosa mangeremo ? <eos>
gh'ó la rabbia a' mé cuntra de lé! —,anch'io ho della rabbia contro di lei! —,<sos> gh'ó la rabbia a' mé cuntra de lé ! <eos>,<sos> anch'io ho della rabbia contro di lei ! <eos>
— pensà 'maginàs!,— figurarsi!,<sos> pensà 'maginàs ! <eos>,<sos> figurarsi ! <eos>
mé pöde mìå —,io non ce la faccio —,<sos> mé pöde mìå <eos>,<sos> io non ce la faccio <eos>
che l'éå cupàt ol drago-dèle-sètte-tèste!,ad ammazzare il drago-delle-sette-teste!,<sos> che l'éå cupàt ol drago-dèle-sètte-tèste ! <eos>,<sos> ad ammazzare il drago-delle-sette-teste ! <eos>
là i s'è metìt dré a fà lotta,si son messi a far lotta,<sos> là i s'è metìt dré a fà lotta <eos>,<sos> si son messi a far lotta <eos>
eia fàc ö pahtì e ö pahtù,hanno fatto pastino e pastone,<sos> eia fàc ö pahtì e ö pahtù <eos>,<sos> hanno fatto pastino e pastone <eos>
la sàpå,la zappa,<sos> la sàpå <eos>,<sos> la zappa <eos>
lü 'l ciàma,lui chiama,<sos> lü 'l ciàma <eos>,<sos> lui chiama <eos>
e nóter i me n'à 'nvidàt gna' ü bucù,non ce ne hanno offerto nemmeno un boccone,<sos> e nóter i me n'à 'nvidàt gna' ü bucù <eos>,<sos> non ce ne hanno offerto nemmeno un boccone <eos>
'l me caharà 'n preśù! —,ci caccerà in prigione,<sos> 'l me caharà 'n preśù ! <eos>,<sos> ci caccerà in prigione <eos>
l'è di-entàt prìncipe lü,lui è diventato principe,<sos> l'è di-entàt prìncipe lü <eos>,<sos> lui è diventato principe <eos>
'l la portà-a,la portavano,<sos> 'l la portà-a <eos>,<sos> la portavano <eos>
nóter,noi,<sos> nóter <eos>,<sos> noi <eos>
lü 'l t'à prometìt che 'l ta dà,lui ha promesso di darti,<sos> lü 'l t'à prometìt che 'l ta dà <eos>,<sos> lui ha promesso di darti <eos>
chìgå śechì!,caga zecchini! —,<sos> chìgå śechì ! <eos>,<sos> caga zecchini ! <eos>
"nóter am gh'à üt la fürtüna de turnà 'ndré, adèh cóme 'm fài?","noi abbiamo avuto la fortuna di tornare, ma adesso cosa facciamo?","<sos> nóter am gh'à üt la fürtüna de turnà 'ndré , adèh cóme 'm fài ? <eos>","<sos> noi abbiamo avuto la fortuna di tornare , ma adesso cosa facciamo ? <eos>"
l'à ciapàt in di mà 'l ràs-c,ha preso in mano il forcone,<sos> l'à ciapàt in di mà 'l ràs-c <eos>,<sos> ha preso in mano il forcone <eos>
la sérå,alla sera,<sos> la sérå <eos>,<sos> alla sera <eos>
'ndomà de matina te partiré,partirai domani mattina,<sos> 'ndomà de matina te partiré <eos>,<sos> partirai domani mattina <eos>
al föch:,vicino al fuoco,<sos> al föch <eos>,<sos> vicino al fuoco <eos>
l'è 'ndàt tüt in àriå,ha buttato tutto per aria,<sos> l'è 'ndàt tüt in àriå <eos>,<sos> ha buttato tutto per aria <eos>
'n sima la röda,in cima alla ruota,<sos> 'n sima la röda <eos>,<sos> in cima alla ruota <eos>
e l'è 'ndàt sö e durmì 'n de 'stå cà,e lui è andato a dormire in questa casa,<sos> e l'è 'ndàt sö e durmì 'n de 'stå cà <eos>,<sos> e lui è andato a dormire in questa casa <eos>
— te l' diśe,— te lo dirò,<sos> te l' diśe <eos>,<sos> te lo dirò <eos>
ala séra,alla sera,<sos> ala séra <eos>,<sos> alla sera <eos>
— fühei fò tüddù!,— fossero fuori tutti e due!,<sos> fühei fò tüddù ! <eos>,<sos> fossero fuori tutti e due ! <eos>
che i l'éra robada amò,che loro avevano rapito,<sos> che i l'éra robada amò <eos>,<sos> che loro avevano rapito <eos>
l'è mé papà — 'l dìh —,se riusciamo a salvare,<sos> l'è mé papà 'l dìh <eos>,<sos> se riusciamo a salvare <eos>
l'à mìå cugnuhìt che l'éra amò chèl,non l'ha riconosciuto per quello,<sos> l'à mìå cugnuhìt che l'éra amò chèl <eos>,<sos> non l'ha riconosciuto per quello <eos>
i vèntra piö nihü! —,non entra più nessuno! —,<sos> i vèntra piö nihü ! <eos>,<sos> non entra più nessuno ! <eos>
cóme l'à tràt ol gabüs,ma appena l'ha tirato fuori,<sos> cóme l'à tràt ol gabüs <eos>,<sos> ma appena l'ha tirato fuori <eos>
he te hé pò mìå bù ta lagaré pò stà,"se invece non sarai capace, tralascerai",<sos> he te hé pò mìå bù ta lagaré pò stà <eos>,"<sos> se invece non sarai capace , tralascerai <eos>"
e töta la mé śét — al dìh —,e tutta la mia gente,<sos> e töta la mé śét al dìh <eos>,<sos> e tutta la mia gente <eos>
Adès tuśèi scultém bé chèl che mé ve cünte sö,Adesso ragazzi ascoltate bene quello che vi racconto,<sos> adès tuśèi scultém bé chèl che mé ve cünte sö <eos>,<sos> adesso ragazzi ascoltate bene quello che vi racconto <eos>
chi lo hà cóme l'è ché? »,chissà com'è questa storia? »,<sos> chi lo hà cóme l'è ché ? <eos>,<sos> chissà com'è questa storia ? <eos>
e Giacumì la matina 'l lèa hö,Giacomino al mattino si alza,<sos> e giacumì la matina 'l lèa hö <eos>,<sos> giacomino al mattino si alza <eos>
e 'l fà e:,e il Signore chiede:,<sos> e 'l fà e <eos>,<sos> e il signore chiede <eos>
óter dòpo,dopo un po',<sos> óter dòpo <eos>,<sos> dopo un po' <eos>
"« pehì, bèl pehì","« pesciolino, bel pesciolino","<sos> pehì , bèl pehì <eos>","<sos> pesciolino , bel pesciolino <eos>"
e pò la fà per partì,fa per avviarsi,<sos> e pò la fà per partì <eos>,<sos> fa per avviarsi <eos>
cópa 'sto bessutì,lo ammazza,<sos> cópa 'sto bessutì <eos>,<sos> lo ammazza <eos>
— adès comincé,— adesso cominciate,<sos> adès comincé <eos>,<sos> adesso cominciate <eos>
ì 'ndà-a a predicà,a predicare,<sos> ì 'ndà-a a predicà <eos>,<sos> a predicare <eos>
d'ògne bé-e,da bere,<sos> d'ògne bé-e <eos>,<sos> da bere <eos>
e dopo,dopo,<sos> e dopo <eos>,<sos> dopo <eos>
ma 'l rè,ma il re,<sos> ma 'l rè <eos>,<sos> ma il re <eos>
"— sé sé, 'ndó a scircàl, a 'ndó a scircàl","— sì, vado a cercarlo","<sos> sé sé , 'ndó a scircàl , a 'ndó a scircàl <eos>","<sos> sì , vado a cercarlo <eos>"
— te se scóndet,— ti nasconderai,<sos> te se scóndet <eos>,<sos> ti nasconderai <eos>
la sarà contéta dòpo!...,allora sarà contenta!,<sos> la sarà contéta dòpo ! . . . <eos>,<sos> allora sarà contenta ! <eos>
l'érå tüta contétà,era tutta contenta,<sos> l'érå tüta contétà <eos>,<sos> era tutta contenta <eos>
— 'ndo mètela,— dove dobbiamo mettere,<sos> 'ndo mètela <eos>,<sos> dove dobbiamo mettere <eos>
durmì,dormite,<sos> durmì <eos>,<sos> dormite <eos>
— se té te ghe l' diśet,— se tu glielo dici,<sos> se té te ghe l' diśet <eos>,<sos> se tu glielo dici <eos>
quàndo l'à ést 'ostå tabachérå,quando ha visto quella tabacchiera,<sos> quàndo l'à ést 'ostå tabachérå <eos>,<sos> quando ha visto quella tabacchiera <eos>
'l rè,re,<sos> 'l rè <eos>,<sos> re <eos>
e pò è partìc,e poi sono partiti,<sos> e pò è partìc <eos>,<sos> e poi sono partiti <eos>
püdì 'ndàgå sö,potete andarci,<sos> püdì 'ndàgå sö <eos>,<sos> potete andarci <eos>
e lü 'l gh'à dìt esè:,e lui le ha detto così:,<sos> e lü 'l gh'à dìt esè <eos>,<sos> e lui le ha detto così <eos>
perchè hó de chèl famàt che purtàe fò li pégore e dói e dói! —,"perché sono tanto affamato, portavo le pecore a due a due! —",<sos> perchè hó de chèl famàt che purtàe fò li pégore e dói e dói ! <eos>,"<sos> perché sono tanto affamato , portavo le pecore a due a due ! <eos>"
a 'gnì 'ssè śgió söl còrp,fin giù sul corpo,<sos> a 'gnì 'ssè śgió söl còrp <eos>,<sos> fin giù sul corpo <eos>
che i töe fò apénå,che prenda solo,<sos> che i töe fò apénå <eos>,<sos> che prenda solo <eos>
verrà la iéna e la morderà,verrà la iena e la morderà,<sos> verrà la iéna e la morderà <eos>,<sos> verrà la iena e la morderà <eos>
— sé,— sì,<sos> sé <eos>,<sos> sì <eos>
ala fì,alla fine,<sos> ala fì <eos>,<sos> alla fine <eos>
lé l'e 'ndacia gió,lei è andata,<sos> lé l'e 'ndacia gió <eos>,<sos> lei è andata <eos>
— próe lü —,— provi anche lei —,<sos> próe lü <eos>,<sos> provi anche lei <eos>
e lü 'l gh'à dìt:,lui risponde:,<sos> e lü 'l gh'à dìt <eos>,<sos> lui risponde <eos>
ma tanta tanta tanta!,una grande,<sos> ma tanta tanta tanta ! <eos>,<sos> una grande <eos>
— 'm pò mé 'm pò té 'l laciù!,"— un po' a me, un po' a te il latte!",<sos> 'm pò mé 'm pò té 'l laciù ! <eos>,"<sos> un po' a me , un po' a te il latte ! <eos>"
gh'ó pùrå —,ho paura —,<sos> gh'ó pùrå <eos>,<sos> ho paura <eos>
pòtå ma i canarì,ma dei canarini,<sos> pòtå ma i canarì <eos>,<sos> ma dei canarini <eos>
verrà un serpènte e la morderà,verrà un serpente e la morderà,<sos> verrà un serpènte e la morderà <eos>,<sos> verrà un serpente e la morderà <eos>
chi hét té? —,chi sei? —,<sos> chi hét té ? <eos>,<sos> chi sei ? <eos>
gh'érå pròpe restàt piö,non era rimasto proprio,<sos> gh'érå pròpe restàt piö <eos>,<sos> non era rimasto proprio <eos>
li à cuminciàt:,hanno cominciato a domandarle:,<sos> li à cuminciàt <eos>,<sos> hanno cominciato a domandarle <eos>
e 'l ghe dìh:,e gli chiedono:,<sos> e 'l ghe dìh <eos>,<sos> e gli chiedono <eos>
scapa perchè,scappa perché,<sos> scapa perchè <eos>,<sos> scappa perché <eos>
e 'l ghe dìh ala hò màmà:,e ha detto alla mamma:,<sos> e 'l ghe dìh ala hò màmà <eos>,<sos> e ha detto alla mamma <eos>
Barba-di-tórdo rè?,Barba-di-tordo re? —,<sos> barba-di-tórdo rè ? <eos>,<sos> barba-di-tordo re ? <eos>
i ciàpe mé — 'l dìh —,le prendo io — dice —,<sos> i ciàpe mé 'l dìh <eos>,<sos> le prendo io dice <eos>
anche 'sta ólta la tò fómna l'è eśaudida —,anche questa volta è esaudita —,<sos> anche 'sta ólta la tò fómna l'è eśaudida <eos>,<sos> anche questa volta è esaudita <eos>
gliùra i à ciapàt chèl falì che gh'éra de mangià,hanno mangiato quel po' che c'era,<sos> gliùra i à ciapàt chèl falì che gh'éra de mangià <eos>,<sos> hanno mangiato quel po' che c'era <eos>
pòtå i h'è metìc ensèma tüc,si sono messi tutti assieme,<sos> pòtå i h'è metìc ensèma tüc <eos>,<sos> si sono messi tutti assieme <eos>
dòpo la h'è fàdå ligà,poi la bambina si è fatta legare,<sos> dòpo la h'è fàdå ligà <eos>,<sos> poi la bambina si è fatta legare <eos>
— 'l prìm mehtér che h' meterì dré a fa,— il primo mestiere che comincerete a fare,<sos> 'l prìm mehtér che h' meterì dré a fa <eos>,<sos> il primo mestiere che comincerete a fare <eos>
"stài lé, i a henàt anche lùr lé",hanno cenato anche loro,"<sos> stài lé , i a henàt anche lùr lé <eos>",<sos> hanno cenato anche loro <eos>
l'à dìt esé: — mé ta dighe le paròle dèla fórmula,— allora come devo fare? — io ti dico le parole della formula,<sos> l'à dìt esé mé ta dighe le paròle dèla fórmula <eos>,<sos> allora come devo fare ? io ti dico le parole della formula <eos>
e tüt cridùr,di gridare:,<sos> e tüt cridùr <eos>,<sos> di gridare <eos>
che mé hó öna bólp vèśgia,che io sono una volpe vecchia,<sos> che mé hó öna bólp vèśgia <eos>,<sos> che io sono una volpe vecchia <eos>
e alura lü 'l ga respónt,allora le ha risposto,<sos> e alura lü 'l ga respónt <eos>,<sos> allora le ha risposto <eos>
e te 'ndaré 'n d'üna stansa,andrai in una stanza,<sos> e te 'ndaré 'n d'üna stansa <eos>,<sos> andrai in una stanza <eos>
e quìndi lahe 'gnì edét negü,e quindi non lascio entrare nessuno,<sos> e quìndi lahe 'gnì edét negü <eos>,<sos> e quindi non lascio entrare nessuno <eos>
— eéh,— eh,<sos> eéh <eos>,<sos> eh <eos>
de hura dèle ónde,sopra le onde,<sos> de hura dèle ónde <eos>,<sos> sopra le onde <eos>
'esto préit l'è 'gnìt sö amò de lé,quel prete è uscito di nuovo,<sos> 'esto préit l'è 'gnìt sö amò de lé <eos>,<sos> quel prete è uscito di nuovo <eos>
quàndo i è prónt,quando è il momento,<sos> quàndo i è prónt <eos>,<sos> quando è il momento <eos>
che ederì,vedrete,<sos> che ederì <eos>,<sos> vedrete <eos>
— 'ta,— pota,<sos> 'ta <eos>,<sos> pota <eos>
perchè mé só la fatå e la strìå,io sono la fata e la strega,<sos> perchè mé só la fatå e la strìå <eos>,<sos> io sono la fata e la strega <eos>
alura i à ciapàt la hò barca,così hanno preso la barca,<sos> alura i à ciapàt la hò barca <eos>,<sos> così hanno preso la barca <eos>
de parlà —,di parlare —,<sos> de parlà <eos>,<sos> di parlare <eos>
dunque,dunque,<sos> dunque <eos>,<sos> dunque <eos>
e difati,infatti,<sos> e difati <eos>,<sos> infatti <eos>
po' l'è di-entàt a' rè,poi anche re,<sos> po' l'è di-entàt a' rè <eos>,<sos> poi anche re <eos>
e lü 'l gh'à dìt esè:,e lui le ha detto così:,<sos> e lü 'l gh'à dìt esè <eos>,<sos> e lui le ha detto così <eos>
e chèl vècio e chèla èśgia che gh'éra lé,il vecchio e la vecchia,<sos> e chèl vècio e chèla èśgia che gh'éra lé <eos>,<sos> il vecchio e la vecchia <eos>
Rośalba,Rosalba,<sos> rośalba <eos>,<sos> rosalba <eos>
te 'ndé fìnå sö 'n sìmå,fino in cima,<sos> te 'ndé fìnå sö 'n sìmå <eos>,<sos> fino in cima <eos>
ma regórdet,ma ricordati,<sos> ma regórdet <eos>,<sos> ma ricordati <eos>
e i óter i pàrt töc,gli altri partiranno tutti,<sos> e i óter i pàrt töc <eos>,<sos> gli altri partiranno tutti <eos>
l'éå mandàt fò 'l bando,aveva emesso il bando,<sos> l'éå mandàt fò 'l bando <eos>,<sos> aveva emesso il bando <eos>
chi mi vede,chi mi vede,<sos> chi mi vede <eos>,<sos> chi mi vede <eos>
quàt dèla fì,alla fine,<sos> quàt dèla fì <eos>,<sos> alla fine <eos>
t'i é metìc on dol cestèllo di vimini,li hai messi nel cestello di vimini,<sos> t'i é metìc on dol cestèllo di vimini <eos>,<sos> li hai messi nel cestello di vimini <eos>
'l vaghe fò a durmì fò hö 'n sima 'l mé lèt ö momènt,vada a dormire un po' nel mio letto,<sos> 'l vaghe fò a durmì fò hö 'n sima 'l mé lèt ö momènt <eos>,<sos> vada a dormire un po' nel mio letto <eos>
ghe n'è mìa!,non ce n'è,<sos> ghe n'è mìa ! <eos>,<sos> non ce n'è <eos>
ål ge l'à cahàdå trè 'n sé,gliel'ha messa in seno,<sos> ål ge l'à cahàdå trè 'n sé <eos>,<sos> gliel'ha messa in seno <eos>
i à cantàt,hanno cantato,<sos> i à cantàt <eos>,<sos> hanno cantato <eos>
gliò i à mangiai di paste,hanno mangiato dei dolci,<sos> gliò i à mangiai di paste <eos>,<sos> hanno mangiato dei dolci <eos>
chèl che l'éå,quello che aveva,<sos> chèl che l'éå <eos>,<sos> quello che aveva <eos>
Rùscå,Rusca,<sos> rùscå <eos>,<sos> rusca <eos>
al te farà cumpagnìå,ti farà compagnia,<sos> al te farà cumpagnìå <eos>,<sos> ti farà compagnia <eos>
sìa fàt isé —,sia fatto —,<sos> sìa fàt isé <eos>,<sos> sia fatto <eos>
"e l'è 'ndàdå jó, la gh'à dìt el rè",è andata dal re e gli ha detto,"<sos> e l'è 'ndàdå jó , la gh'à dìt el rè <eos>",<sos> è andata dal re e gli ha detto <eos>
però — 'l dìs — sö de ché — 'l dìs —,però di là,<sos> però 'l dìs sö de ché 'l dìs <eos>,<sos> però di là <eos>
e pò l'è 'ndàt sö,poi è andato,<sos> e pò l'è 'ndàt sö <eos>,<sos> poi è andato <eos>
e 'l và amò e fà l'istèhå stórgiå,va alla casa e ancora la stessa storia,<sos> e 'l và amò e fà l'istèhå stórgiå <eos>,<sos> va alla casa e ancora la stessa storia <eos>
con de 'stå fómnå lé 'sta óltå l'éra ustinàdà,"con la sorella del mago, lei stavolta era ostinata",<sos> con de 'stå fómnå lé 'sta óltå l'éra ustinàdà <eos>,"<sos> con la sorella del mago , lei stavolta era ostinata <eos>"
'ndàdå là a' lé,cosi è andata con loro,<sos> 'ndàdå là a' lé <eos>,<sos> cosi è andata con loro <eos>
fin che 'm ga rìa a 'ndà de là,finché riusciremo ad andare di là,<sos> fin che 'm ga rìa a 'ndà de là <eos>,<sos> finché riusciremo ad andare di là <eos>
piò al fósch,più al buio,<sos> piò al fósch <eos>,<sos> più al buio <eos>
la l'à seràt déter bé,l'ho rinchiuso bene,<sos> la l'à seràt déter bé <eos>,<sos> l'ho rinchiuso bene <eos>
e lü 'l gh'à dìt: — àrdå,lui gli ha risposto: — guarda,<sos> e lü 'l gh'à dìt àrdå <eos>,<sos> lui gli ha risposto guarda <eos>
al ha 'ncuntra con hò fredèl,incontra suo fratello,<sos> al ha 'ncuntra con hò fredèl <eos>,<sos> incontra suo fratello <eos>
— pòta — 'l dìh — am gh'ài de 'ndà 'ndóe?,— dove dobbiamo andare?,<sos> pòta 'l dìh am gh'ài de 'ndà 'ndóe ? <eos>,<sos> dove dobbiamo andare ? <eos>
ma ü laùr che,ma una cosa che,<sos> ma ü laùr che <eos>,<sos> ma una cosa che <eos>
e lé gliùrå tüte li nòt,così lei tutte le notti,<sos> e lé gliùrå tüte li nòt <eos>,<sos> così lei tutte le notti <eos>
öna quàch dé — 'l dìh — ala tó cà?,per qualche giorno a casa tua?,<sos> öna quàch dé 'l dìh ala tó cà ? <eos>,<sos> per qualche giorno a casa tua ? <eos>
agliùra,così,<sos> agliùra <eos>,<sos> così <eos>
e lü 'l và là menando amò:,e lui va ancora dicendo:,<sos> e lü 'l và là menando amò <eos>,<sos> e lui va ancora dicendo <eos>
'l paréjå nogót,non ha apparecchiato niente,<sos> 'l paréjå nogót <eos>,<sos> non ha apparecchiato niente <eos>
dré el büs,giù per il buco,<sos> dré el büs <eos>,<sos> giù per il buco <eos>
öe 'ndà,— voglio andare,<sos> öe 'ndà <eos>,<sos> voglio andare <eos>
fà-å sö ü furmaśgilì de càvrå,preparavano un piccolo formaggio di capra,<sos> fà-å sö ü furmaśgilì de càvrå <eos>,<sos> preparavano un piccolo formaggio di capra <eos>
i nà-a hura le bòte,sarebbero andati sopra le botti,<sos> i nà-a hura le bòte <eos>,<sos> sarebbero andati sopra le botti <eos>
e gliùra 'l s'è rampegàt sö,allora lui ci si è arrampicato,<sos> e gliùra 'l s'è rampegàt sö <eos>,<sos> allora lui ci si è arrampicato <eos>
al bu-ìa hö i pèh,venivano su i pesci,<sos> al bu-ìa hö i pèh <eos>,<sos> venivano su i pesci <eos>
ö famèi,un famiglio,<sos> ö famèi <eos>,<sos> un famiglio <eos>
ål gh'érå ü rè,c'era un re,<sos> ål gh'érå ü rè <eos>,<sos> c'era un re <eos>
— ma bùnå fómnå,— buona donna,<sos> ma bùnå fómnå <eos>,<sos> buona donna <eos>
hènsa negót höla tàola de mangià,con niente da mangiare sulla tavola,<sos> hènsa negót höla tàola de mangià <eos>,<sos> con niente da mangiare sulla tavola <eos>
litìgå,litiga,<sos> litìgå <eos>,<sos> litiga <eos>
ma ùh che 'l cahà-a fò!,quello gridava,<sos> ma ùh che 'l cahà-a fò ! <eos>,<sos> quello gridava <eos>
fina de tàt ca l'érå bèlå,fine da tanto che era bella,<sos> fina de tàt ca l'érå bèlå <eos>,<sos> fine da tanto che era bella <eos>
e la néf l'éra 'nada 'm pó,la neve si era un po' sciolta,<sos> e la néf l'éra 'nada 'm pó <eos>,<sos> la neve si era un po' sciolta <eos>
e la gh'à dìt:,e ha detto:,<sos> e la gh'à dìt <eos>,<sos> e ha detto <eos>
ål s'è pròpe deciśo,si è proprio deciso,<sos> ål s'è pròpe deciśo <eos>,<sos> si è proprio deciso <eos>
e i à töt sö 'l sò canarì,hanno preso il loro canarino,<sos> e i à töt sö 'l sò canarì <eos>,<sos> hanno preso il loro canarino <eos>
una trùppå de gàc,una truppa di gatti,<sos> una trùppå de gàc <eos>,<sos> una truppa di gatti <eos>
è pasàt gió 'n d'ü soteràneo,sono passati da un sotterraneo,<sos> è pasàt gió 'n d'ü soteràneo <eos>,<sos> sono passati da un sotterraneo <eos>
i gh'à domandàt,gli hanno domandato,<sos> i gh'à domandàt <eos>,<sos> gli hanno domandato <eos>
chèl là 'l gh'à dìt:,ha detto:,<sos> chèl là 'l gh'à dìt <eos>,<sos> ha detto <eos>
'l dumàndå cume mài,domanda il perché,<sos> 'l dumàndå cume mài <eos>,<sos> domanda il perché <eos>
che dòpo 'l m'avrès dàt espiegassiù,che poi mi avrebbe dato delle spiegazioni,<sos> che dòpo 'l m'avrès dàt espiegassiù <eos>,<sos> che poi mi avrebbe dato delle spiegazioni <eos>
jà che te m'é fàt a' chèstå,ora che mi hai combinato anche questa,<sos> jà che te m'é fàt a' chèstå <eos>,<sos> ora che mi hai combinato anche questa <eos>
t'é durmìt,"— sì, ho dormito —",<sos> t'é durmìt <eos>,"<sos> sì , ho dormito <eos>"
a dèstra o a sinistra,a destra o a sinistra,<sos> a dèstra o a sinistra <eos>,<sos> a destra o a sinistra <eos>
"gna' 'm pó, gna' 'm pó",per niente bene,"<sos> gna' 'm pó , gna' 'm pó <eos>",<sos> per niente bene <eos>
— pòta mé — la dìs —,— io,<sos> pòta mé la dìs <eos>,<sos> io <eos>
de persune,di persone,<sos> de persune <eos>,<sos> di persone <eos>
l'è rehtàt mórt,è rimasto morto,<sos> l'è rehtàt mórt <eos>,<sos> è rimasto morto <eos>
"i và, i và, i 'ncóntrå","vanno e vanno, incontrano","<sos> i và , i và , i 'ncóntrå <eos>","<sos> vanno e vanno , incontrano <eos>"
— canarì pàrlå amò!,— canarino parla ancora!,<sos> canarì pàrlå amò ! <eos>,<sos> canarino parla ancora ! <eos>
— mé dumà de matina,— per domani mattina,<sos> mé dumà de matina <eos>,<sos> per domani mattina <eos>
"m'à girai töt ol dé, 'm he htöf... —","abbiamo girato tutto il giorno, siamo stanchi... —","<sos> m'à girai töt ol dé , 'm he htöf . . . <eos>","<sos> abbiamo girato tutto il giorno , siamo stanchi . . . <eos>"
e té àśen,l'asino,<sos> e té àśen <eos>,<sos> l'asino <eos>
'l dé dopo,il giorno dopo,<sos> 'l dé dopo <eos>,<sos> il giorno dopo <eos>
la gh'à dìt: — té!...,le ha detto: — tu!...,<sos> la gh'à dìt té ! . . . <eos>,<sos> le ha detto tu ! . . . <eos>
ål gh'è 'gnìt on mént,è venuto in mente,<sos> ål gh'è 'gnìt on mént <eos>,<sos> è venuto in mente <eos>
"e brillanti, gh'éra dét de töt en chèl hàch","brillanti, c'era di tutto in quel sacco","<sos> e brillanti , gh'éra dét de töt en chèl hàch <eos>","<sos> brillanti , c'era di tutto in quel sacco <eos>"
l'à dìt: — che fòśå pò? —,ha detto: — come mai? —,<sos> l'à dìt che fòśå pò ? <eos>,<sos> ha detto come mai ? <eos>
'l saltà-å jó 'n térå,e saltava per terra,<sos> 'l saltà-å jó 'n térå <eos>,<sos> e saltava per terra <eos>
dòpo i rìa a ö hentér bröt,poi arrivano a un brutto sentiero,<sos> dòpo i rìa a ö hentér bröt <eos>,<sos> poi arrivano a un brutto sentiero <eos>
ol palàs,il palazzo,<sos> ol palàs <eos>,<sos> il palazzo <eos>
t'ederé che,vedrai che,<sos> t'ederé che <eos>,<sos> vedrai che <eos>
e 'l fà:,e Giovannino dice:,<sos> e 'l fà <eos>,<sos> e giovannino dice <eos>
prìmå de 'ndà 'n céśå,prima di andare in chiesa,<sos> prìmå de 'ndà 'n céśå <eos>,<sos> prima di andare in chiesa <eos>
e là g'è stàc gió bén pacìfich,e tutti quegli animali sono rimasti là tranquilli e beati,<sos> e là g'è stàc gió bén pacìfich <eos>,<sos> e tutti quegli animali sono rimasti là tranquilli e beati <eos>
'ndóm —,andiamo —,<sos> 'ndóm <eos>,<sos> andiamo <eos>
m'è mórt töc i bes-ciàm,ci sono morte tutte le bestie,<sos> m'è mórt töc i bes-ciàm <eos>,<sos> ci sono morte tutte le bestie <eos>
e gliùrå l'è 'ndàdå 'n d'ün óter paìs,allora è andata in un altro paese,<sos> e gliùrå l'è 'ndàdå 'n d'ün óter paìs <eos>,<sos> allora è andata in un altro paese <eos>
a fà chi laùr ogliò,a fare quelle cose lì,<sos> a fà chi laùr ogliò <eos>,<sos> a fare quelle cose lì <eos>
alura i ciàma,chiamano,<sos> alura i ciàma <eos>,<sos> chiamano <eos>
pòtå 'l vèt che gliò denàh el balcù d'la cuśìnå,e vede davanti al balcone della cucina,<sos> pòtå 'l vèt che gliò denàh el balcù d'la cuśìnå <eos>,<sos> e vede davanti al balcone della cucina <eos>
tö hö le caròhe,le carrozze,<sos> tö hö le caròhe <eos>,<sos> le carrozze <eos>
'l sa baha śó,si è abbassato,<sos> 'l sa baha śó <eos>,<sos> si è abbassato <eos>
— di chi sarà tutto quèsto campo,— di chi sarà tutto questo campo,<sos> di chi sarà tutto quèsto campo <eos>,<sos> di chi sarà tutto questo campo <eos>
e la rónden,la rondine,<sos> e la rónden <eos>,<sos> la rondine <eos>
la sta gliò,è rimasta là,<sos> la sta gliò <eos>,<sos> è rimasta là <eos>
la matìnå la pìcå,al mattino la strega bussa:,<sos> la matìnå la pìcå <eos>,<sos> al mattino la strega bussa <eos>
pòta dopo,poi,<sos> pòta dopo <eos>,<sos> poi <eos>
Signùr per carità perdoném! —,Signore per carità perdonatemi! —,<sos> signùr per carità perdoném ! <eos>,<sos> signore per carità perdonatemi ! <eos>
ol mulinér l'à dìt:,il mugnaio ha detto:,<sos> ol mulinér l'à dìt <eos>,<sos> il mugnaio ha detto <eos>
ma prìmå pórtem ché i hólc,ma prima portami i soldi,<sos> ma prìmå pórtem ché i hólc <eos>,<sos> ma prima portami i soldi <eos>
— e perchè?,— perché?,<sos> e perchè ? <eos>,<sos> perché ? <eos>
só mórt,sono morto,<sos> só mórt <eos>,<sos> sono morto <eos>
quàndo l'è ri-àt gió la dìs:,quando è tornato giù lei gli chiede:,<sos> quàndo l'è ri-àt gió la dìs <eos>,<sos> quando è tornato giù lei gli chiede <eos>
da söl có,dalla testa,<sos> da söl có <eos>,<sos> dalla testa <eos>
ol dé dopo,il giorno dopo,<sos> ol dé dopo <eos>,<sos> il giorno dopo <eos>
de balà,da ballare,<sos> de balà <eos>,<sos> da ballare <eos>
e pò dopo,poi,<sos> e pò dopo <eos>,<sos> poi <eos>
che nigü è mài stàt bù de 'ndà e purtàgå 'ìà 'stå clòhå?,nessuno è mai stato capace di rubare questa chioccia,<sos> che nigü è mài stàt bù de 'ndà e purtàgå 'ìà 'stå clòhå ? <eos>,<sos> nessuno è mai stato capace di rubare questa chioccia <eos>
potà ma,ma,<sos> potà ma <eos>,<sos> ma <eos>
« só pò hé curgiùs mé de ède,« sono ben curioso di vedere,<sos> só pò hé curgiùs mé de ède <eos>,<sos> sono ben curioso di vedere <eos>
cóha höcédel ché?,— cosa succede? —,<sos> cóha höcédel ché ? <eos>,<sos> cosa succede ? <eos>
ö pehcadùr,un pescatore,<sos> ö pehcadùr <eos>,<sos> un pescatore <eos>
perchè nóter ha 'm gh'à ri-arèh a 'ndà de là,ma se riuscissimo ad andare di là,<sos> perchè nóter ha 'm gh'à ri-arèh a 'ndà de là <eos>,<sos> ma se riuscissimo ad andare di là <eos>
dèi al lüf!,dagli al lupo!,<sos> dèi al lüf ! <eos>,<sos> dagli al lupo ! <eos>
am paha de lé —,passiamo di là —,<sos> am paha de lé <eos>,<sos> passiamo di là <eos>
"e resterèhef ché, he möre mé","stareste qui, se muoio io","<sos> e resterèhef ché , he möre mé <eos>","<sos> stareste qui , se muoio io <eos>"
per dàgå 'ndré la ca-àgnå,per restituire la cesta,<sos> per dàgå 'ndré la ca-àgnå <eos>,<sos> per restituire la cesta <eos>
la gh'éa i öc de-érc,aveva gli occhi aperti,<sos> la gh'éa i öc de-érc <eos>,<sos> aveva gli occhi aperti <eos>
— öh perchè nò ? — 'l dìh —,— oh perché no?,<sos> öh perchè nò ? 'l dìh <eos>,<sos> oh perché no ? <eos>
l'à metìt apòst a' tüc i scagne,ha messo a posto tutte le sedie,<sos> l'à metìt apòst a' tüc i scagne <eos>,<sos> ha messo a posto tutte le sedie <eos>
al rè,al re,<sos> al rè <eos>,<sos> al re <eos>
fato stà e tè,fatto sta,<sos> fato stà e tè <eos>,<sos> fatto sta <eos>
am và a tö Rośalba,andremo a prendere Rosalba,<sos> am và a tö rośalba <eos>,<sos> andremo a prendere rosalba <eos>
a meśanòt on punto,a mezzanotte in punto,<sos> a meśanòt on punto <eos>,<sos> a mezzanotte in punto <eos>
e pò a' 'l cà,con il cane,<sos> e pò a' 'l cà <eos>,<sos> con il cane <eos>
menemà ì 'ncuntra öna bröta èśgia,ad un tratto incontrano una brutta vecchia,<sos> menemà ì 'ncuntra öna bröta èśgia <eos>,<sos> ad un tratto incontrano una brutta vecchia <eos>
« o che hape dehmentegàt la fórmula,« che mi sia dimenticato la formula,<sos> o che hape dehmentegàt la fórmula <eos>,<sos> che mi sia dimenticato la formula <eos>
e lé l'à dìt essè: — he te égnet con mé te spuśe —,il cavaliere ha continuato: — se vieni con me ti sposerò,<sos> e lé l'à dìt essè he te égnet con mé te spuśe <eos>,<sos> il cavaliere ha continuato se vieni con me ti sposerò <eos>
'nó a tö amò 'm pó de hólc,prendo un po' di soldi,<sos> 'nó a tö amò 'm pó de hólc <eos>,<sos> prendo un po' di soldi <eos>
e lé la dìh: — éh cume fói — l'à dìt — adès?,lei ha risposto: — come faccio adesso?,<sos> e lé la dìh éh cume fói l'à dìt adès ? <eos>,<sos> lei ha risposto come faccio adesso ? <eos>
che te dó amó 'l mé cà? —,che ti dò ancora un cane? —,<sos> che te dó amó 'l mé cà ? <eos>,<sos> che ti dò ancora un cane ? <eos>
adès öe finì:,adesso voglio finire,<sos> adès öe finì <eos>,<sos> adesso voglio finire <eos>
e la i a férmå,lei li ferma,<sos> e la i a férmå <eos>,<sos> lei li ferma <eos>
só che de hura,sono qui di sopra,<sos> só che de hura <eos>,<sos> sono qui di sopra <eos>
al dìs: « 'nó de déter amò a bìf amò 'n bicér fò che de chèl scarpulì »,pensa: « entro ancora a bere un bicchiere da quel ciabattino »,<sos> al dìs 'nó de déter amò a bìf amò 'n bicér fò che de chèl scarpulì <eos>,<sos> pensa entro ancora a bere un bicchiere da quel ciabattino <eos>
— ada che 'm hè śamò sciòr nèh,— guarda che siamo già ricchi,<sos> ada che 'm hè śamò sciòr nèh <eos>,<sos> guarda che siamo già ricchi <eos>
gnè' grànt,né grande,<sos> gnè' grànt <eos>,<sos> né grande <eos>
la séra dòpo è 'ndàc a sénå,la sera dopo sono andati a cena,<sos> la séra dòpo è 'ndàc a sénå <eos>,<sos> la sera dopo sono andati a cena <eos>
e pò mètel sö,e lo mette sul fuoco,<sos> e pò mètel sö <eos>,<sos> e lo mette sul fuoco <eos>
chèl śùen al ga dìs:,il giovane le dice:,<sos> chèl śùen al ga dìs <eos>,<sos> il giovane le dice <eos>
'ndì a laurà che hì śùegn!,lavorate che siete giovani,<sos> 'ndì a laurà che hì śùegn ! <eos>,<sos> lavorate che siete giovani <eos>
s'vèt che 'l se séå durmentàt,si era addormentato,<sos> s'vèt che 'l se séå durmentàt <eos>,<sos> si era addormentato <eos>
pòta l'ìa gna' finìt che l'è hà l'órco,"non aveva ancora finito, arriva l'orco",<sos> pòta l'ìa gna' finìt che l'è hà l'órco <eos>,"<sos> non aveva ancora finito , arriva l'orco <eos>"
'sto fiöl al fà:,il ragazzo dice:,<sos> 'sto fiöl al fà <eos>,<sos> il ragazzo dice <eos>
mè che a cà...,in questa casa...,<sos> mè che a cà . . . <eos>,<sos> in questa casa . . . <eos>
de lé 'm pó 'l ga turna a dì:,dice ancora:,<sos> de lé 'm pó 'l ga turna a dì <eos>,<sos> dice ancora <eos>
l'è 'ndàt fò,si è avvicinato,<sos> l'è 'ndàt fò <eos>,<sos> si è avvicinato <eos>
mìa tàt grànt,non molto grande,<sos> mìa tàt grànt <eos>,<sos> non molto grande <eos>
"gh'érå piö nigü, piö nigü, piö nigü",non c'era proprio più nessuno,"<sos> gh'érå piö nigü , piö nigü , piö nigü <eos>",<sos> non c'era proprio più nessuno <eos>
— perchè?,— perché?,<sos> perchè ? <eos>,<sos> perché ? <eos>
e lü 'l gh'à dìt:,il mago le ha risposto:,<sos> e lü 'l gh'à dìt <eos>,<sos> il mago le ha risposto <eos>
i holfanèi i tacà-a miga,i fiammiferi non si accendevano,<sos> i holfanèi i tacà-a miga <eos>,<sos> i fiammiferi non si accendevano <eos>
la sò surèlå,la sorella,<sos> la sò surèlå <eos>,<sos> la sorella <eos>
ma chèl tùh ilò l'è matahì,quel ragazzo è proprio matto,<sos> ma chèl tùh ilò l'è matahì <eos>,<sos> quel ragazzo è proprio matto <eos>
però — 'l dìs — te l' tru-aré,però lo troverai,<sos> però 'l dìs te l' tru-aré <eos>,<sos> però lo troverai <eos>
e śg'è 'ndài de déter,sono entrati,<sos> e śg'è 'ndài de déter <eos>,<sos> sono entrati <eos>
l'éra mìa tàt làrch ol fiöm,il fiume non era molto largo,<sos> l'éra mìa tàt làrch ol fiöm <eos>,<sos> il fiume non era molto largo <eos>
ché è stàt cambiàt dét le lètre!,chi sarà stato?,<sos> ché è stàt cambiàt dét le lètre ! <eos>,<sos> chi sarà stato ? <eos>
tira hà 'sta scàtola de holfanèi,prendono la scatola di fiammiferi,<sos> tira hà 'sta scàtola de holfanèi <eos>,<sos> prendono la scatola di fiammiferi <eos>
chèl lé l'è 'l lader! »,quello è il ladro! »,<sos> chèl lé l'è 'l lader ! <eos>,<sos> quello è il ladro ! <eos>
che l'érå tüt,che Rusca era tutto,<sos> che l'érå tüt <eos>,<sos> che rusca era tutto <eos>
al ha gira per tö hö i rémi,si gira per prendere i remi,<sos> al ha gira per tö hö i rémi <eos>,<sos> si gira per prendere i remi <eos>
he to ö hénå,se vuoi cenare,<sos> he to ö hénå <eos>,<sos> se vuoi cenare <eos>
òstrega! — 'l dìh,ostrega! — dice,<sos> òstrega ! 'l dìh <eos>,<sos> ostrega ! dice <eos>
— e pò te l' töet sö hö 'n sìmà a ü bastù,— lo attacchi in cima a un bastone,<sos> e pò te l' töet sö hö 'n sìmà a ü bastù <eos>,<sos> lo attacchi in cima a un bastone <eos>
e pò 'l fà: « l'è màt chèhto ché — 'l dìh —,pensa: « questo è matto!,<sos> e pò 'l fà l'è màt chèhto ché 'l dìh <eos>,<sos> pensa questo è matto ! <eos>
'l fà-å 'ssè a' lü,faceva lo stesso,<sos> 'l fà-å 'ssè a' lü <eos>,<sos> faceva lo stesso <eos>
« òhtrega — 'l dìh — che — 'l dìh —,« ostrega,<sos> òhtrega 'l dìh che 'l dìh <eos>,<sos> ostrega <eos>
màmå,mamma,<sos> màmå <eos>,<sos> mamma <eos>
"'l la ciàmå, no 'l la ciàmå",la chiama e richiama,"<sos> 'l la ciàmå , no 'l la ciàmå <eos>",<sos> la chiama e richiama <eos>
la màmå,e la mamma,<sos> la màmå <eos>,<sos> e la mamma <eos>
e quàndo ca l'è,quando,<sos> e quàndo ca l'è <eos>,<sos> quando <eos>
érå tüc caminàc,se n'erano andati,<sos> érå tüc caminàc <eos>,<sos> se n'erano andati <eos>
am se scalderà là fò,ci scalderemo là,<sos> am se scalderà là fò <eos>,<sos> ci scalderemo là <eos>
chèl che öl ospuśàs,quello che voleva sposarsi,<sos> chèl che öl ospuśàs <eos>,<sos> quello che voleva sposarsi <eos>
« madóna dìh — he gh'ó botép! »,« madonna che buontempo! »,<sos> madóna dìh he gh'ó botép ! <eos>,<sos> madonna che buontempo ! <eos>
e la gh'à dàt sà 'm pó de mangià,gli ha dato qualcosa da mangiare,<sos> e la gh'à dàt sà 'm pó de mangià <eos>,<sos> gli ha dato qualcosa da mangiare <eos>
de töt i gh'ìa portàt,di tutto,<sos> de töt i gh'ìa portàt <eos>,<sos> di tutto <eos>
e la ga dìh: — té hculta!,e gli dice: — ascolta!,<sos> e la ga dìh té hculta ! <eos>,<sos> e gli dice ascolta ! <eos>
ehtida hö de htràh,vestita di stracci,<sos> ehtida hö de htràh <eos>,<sos> vestita di stracci <eos>
e lùr i lader i ghe dìs:,i ladri dicono:,<sos> e lùr i lader i ghe dìs <eos>,<sos> i ladri dicono <eos>
— ada — 'l dìh — 'ndóm hö töc enhèma — 'l dìh — am và a et,— andiamo tutti insieme a vedere,<sos> ada 'l dìh 'ndóm hö töc enhèma 'l dìh am và a et <eos>,<sos> andiamo tutti insieme a vedere <eos>
— ma cóha cöntìf sö mama?,— cosa raccontate mamma?,<sos> ma cóha cöntìf sö mama ? <eos>,<sos> cosa raccontate mamma ? <eos>
e óter?,— e voi?,<sos> e óter ? <eos>,<sos> e voi ? <eos>
"l'è 'ndacia gió, l'à portàt gió","è scesa, gliel'ha portata","<sos> l'è 'ndacia gió , l'à portàt gió <eos>","<sos> è scesa , gliel'ha portata <eos>"
e 'l vé nigü —,e non viene nessuno —,<sos> e 'l vé nigü <eos>,<sos> e non viene nessuno <eos>
adèh ai a ciàpa chèhto ché! —,adesso le prenderà l'altro —,<sos> adèh ai a ciàpa chèhto ché ! <eos>,<sos> adesso le prenderà l'altro <eos>
e üna regìnå,e una regina,<sos> e üna regìnå <eos>,<sos> e una regina <eos>
— madóna — la dìs —,— madonna — dice —,<sos> madóna la dìs <eos>,<sos> madonna dice <eos>
adès te gh'é de 'ndà! —,adesso devi andare! —,<sos> adès te gh'é de 'ndà ! <eos>,<sos> adesso devi andare ! <eos>
'l pàhå jó dré,s'avvia,<sos> 'l pàhå jó dré <eos>,<sos> s'avvia <eos>
che lé la fà nogót,lei non fa niente,<sos> che lé la fà nogót <eos>,<sos> lei non fa niente <eos>
e ö famèi che ga aidà-a,e un famiglio che lo aiutava,<sos> e ö famèi che ga aidà-a <eos>,<sos> e un famiglio che lo aiutava <eos>
a spetàl,ad aspettarlo,<sos> a spetàl <eos>,<sos> ad aspettarlo <eos>
'ndarèh ontéra,andrei volentieri,<sos> 'ndarèh ontéra <eos>,<sos> andrei volentieri <eos>
quàch ròbe mìa bèle »,qualche brutto tiro»,<sos> quàch ròbe mìa bèle <eos>,<sos> qualche brutto tiro <eos>
gliùrå l'è 'ndàt gió 'n sigristìå,è andato in sagrestia,<sos> gliùrå l'è 'ndàt gió 'n sigristìå <eos>,<sos> è andato in sagrestia <eos>
Turco,Turco,<sos> turco <eos>,<sos> turco <eos>
Pastore mio tu in bocca mi tien,— pastore mio tu in bocca mi tien,<sos> pastore mio tu in bocca mi tien <eos>,<sos> pastore mio tu in bocca mi tien <eos>
e lü 'l gh'à dìt:,e lui ha risposto:,<sos> e lü 'l gh'à dìt <eos>,<sos> e lui ha risposto <eos>
"'l rìa a cà 'l sò òm, al ghe dìs: — gh'ét che? —","arriva a casa il marito, le dice: — cos'hai? —","<sos> 'l rìa a cà 'l sò òm , al ghe dìs gh'ét che ? <eos>","<sos> arriva a casa il marito , le dice cos'hai ? <eos>"
— pòtå ma 'ndà pò 'ndoè?,— ma dove andare?,<sos> pòtå ma 'ndà pò 'ndoè ? <eos>,<sos> ma dove andare ? <eos>
è burlàt gió 'n mès ala sàlå 'ndoè i balà-å,proprio nel mezzo della sala dove ballavano,<sos> è burlàt gió 'n mès ala sàlå 'ndoè i balà-å <eos>,<sos> proprio nel mezzo della sala dove ballavano <eos>
i à fàt óter ch'i à seràt tüte li pórte dèla caśa reale,non hanno fatto altro che chiudere tutte le porte della casa reale,<sos> i à fàt óter ch'i à seràt tüte li pórte dèla caśa reale <eos>,<sos> non hanno fatto altro che chiudere tutte le porte della casa reale <eos>
perchè mé gh'ó mìa de eh marchéśa? »,perché io non devo essere marchesa? »,<sos> perchè mé gh'ó mìa de eh marchéśa ? <eos>,<sos> perché io non devo essere marchesa ? <eos>
a t'ö śgió la röśå,a cogliere la rosa,<sos> a t'ö śgió la röśå <eos>,<sos> a cogliere la rosa <eos>
l'è 'ndacia a tö 'l sò papà,è andata a prendere suo papà,<sos> l'è 'ndacia a tö 'l sò papà <eos>,<sos> è andata a prendere suo papà <eos>
a mèt in bóca 'sta cana,a mettere in bocca lò zufolo,<sos> a mèt in bóca 'sta cana <eos>,<sos> a mettere in bocca lò zufolo <eos>
e la gh'à dìt: — dórmå,- dormi,<sos> e la gh'à dìt dórmå <eos>,<sos> - dormi <eos>
e i à tràc,e li han portati,<sos> e i à tràc <eos>,<sos> e li han portati <eos>
potà lé töc a parlà:,tutti dicevano:,<sos> potà lé töc a parlà <eos>,<sos> tutti dicevano <eos>
e lé la ga dìh e: — pòta,lei risponde:,<sos> e lé la ga dìh e pòta <eos>,<sos> lei risponde <eos>
e l'a töt sö a' Śgioanì,era in mezzo anche Giovannino,<sos> e l'a töt sö a' śgioanì <eos>,<sos> era in mezzo anche giovannino <eos>
te gh'é de fàm ö laùr,devi farci una cosa,<sos> te gh'é de fàm ö laùr <eos>,<sos> devi farci una cosa <eos>
l'à bi-ìt sö ò bèl grapòt,ha bevuto un bel bicchier di grappa,<sos> l'à bi-ìt sö ò bèl grapòt <eos>,<sos> ha bevuto un bel bicchier di grappa <eos>
pròpe chi che érå invitati i gh'à dìt: — ét pò fàt chè?,quelli che erano invitati gli hanno chiesto: — cos'hai fatto?,<sos> pròpe chi che érå invitati i gh'à dìt ét pò fàt chè ? <eos>,<sos> quelli che erano invitati gli hanno chiesto cos'hai fatto ? <eos>
la l'à cahàt,e ha cacciato il ragazzo,<sos> la l'à cahàt <eos>,<sos> e ha cacciato il ragazzo <eos>
menemà,nel frattempo,<sos> menemà <eos>,<sos> nel frattempo <eos>
con d'ünà bèlå bàrå,con una bella bara,<sos> con d'ünà bèlå bàrå <eos>,<sos> con una bella bara <eos>
la la lès sö,lei legge:,<sos> la la lès sö <eos>,<sos> lei legge <eos>
— éh và bé te gh'é reśù a' té,"— va bene, hai ragione",<sos> éh và bé te gh'é reśù a' té <eos>,"<sos> va bene , hai ragione <eos>"
cóla sò madrìgnå che l'éra la reśgìnå,con la matrigna che era la regina,<sos> cóla sò madrìgnå che l'éra la reśgìnå <eos>,<sos> con la matrigna che era la regina <eos>
— éh pòtå,— eh pota,<sos> éh pòtå <eos>,<sos> eh pota <eos>
che la fà-å mài mài,che non faceva mai,<sos> che la fà-å mài mài <eos>,<sos> che non faceva mai <eos>
— ah mé öle haì negöne htòrie,— io non voglio sapere storie,<sos> ah mé öle haì negöne htòrie <eos>,<sos> io non voglio sapere storie <eos>
stàt endoè?,dove sei stato?,<sos> stàt endoè ? <eos>,<sos> dove sei stato ? <eos>
l'è di-entàt ün àlbero,è diventato un albero,<sos> l'è di-entàt ün àlbero <eos>,<sos> è diventato un albero <eos>
— mé — l'à dìt —,— io,<sos> mé l'à dìt <eos>,<sos> io <eos>
— ma sét cristiàna o erèticå?,— sei cristiana o eretica?,<sos> ma sét cristiàna o erèticå ? <eos>,<sos> sei cristiana o eretica ? <eos>
e gliùrå lé gh'è tucàt diglio,così lei ha dovuto dirglielo,<sos> e gliùrå lé gh'è tucàt diglio <eos>,<sos> così lei ha dovuto dirglielo <eos>
'n tra chèlå,in quel mentre,<sos> 'n tra chèlå <eos>,<sos> in quel mentre <eos>
o ö pà »,o un pane »,<sos> o ö pà <eos>,<sos> o un pane <eos>
l'ét pò mìå rüspàdå la farìnå,non hai portato la farina,<sos> l'ét pò mìå rüspàdå la farìnå <eos>,<sos> non hai portato la farina <eos>
gh'ó ü neùt,ho un nipote,<sos> gh'ó ü neùt <eos>,<sos> ho un nipote <eos>
che s-ciór che 'm sarà nó' —,come diventeremo ricchi! —,<sos> che s-ciór che 'm sarà nó' <eos>,<sos> come diventeremo ricchi ! <eos>
töe hö 'm pó tance hólc,prendo tanti soldi,<sos> töe hö 'm pó tance hólc <eos>,<sos> prendo tanti soldi <eos>
essè lü dòpo l'à fàt,da allora Giacomino ha fatto,<sos> essè lü dòpo l'à fàt <eos>,<sos> da allora giacomino ha fatto <eos>
quàndo m'è 'nàt màl e afare,— quando mi sono andati male gli affari,<sos> quàndo m'è 'nàt màl e afare <eos>,<sos> quando mi sono andati male gli affari <eos>
he la ciàpe la öi mangià! —,se la prendo me la mangio! —,<sos> he la ciàpe la öi mangià ! <eos>,<sos> se la prendo me la mangio ! <eos>
chèi che ma ederà,quelli che ci vedranno,<sos> chèi che ma ederà <eos>,<sos> quelli che ci vedranno <eos>
che i èra pahàc,che erano passati,<sos> che i èra pahàc <eos>,<sos> che erano passati <eos>
cói pu-ì d'ór,coi pulcini d'oro,<sos> cói pu-ì d'ór <eos>,<sos> coi pulcini d'oro <eos>
piétrå sópra piétrå,pietra sopra pietra,<sos> piétrå sópra piétrå <eos>,<sos> pietra sopra pietra <eos>
mé — 'l dìs — tanto só èc,ormai io sono vecchio,<sos> mé 'l dìs tanto só èc <eos>,<sos> ormai io sono vecchio <eos>
gliò de 'm pó l'è hà,dopo un po' arriva,<sos> gliò de 'm pó l'è hà <eos>,<sos> dopo un po' arriva <eos>
dé fò tüc e fà d'ògne érs,mettetevi tutti a far versi,<sos> dé fò tüc e fà d'ògne érs <eos>,<sos> mettetevi tutti a far versi <eos>
'nfati,così,<sos> 'nfati <eos>,<sos> così <eos>
ål só pò mìå mé,io non so,<sos> ål só pò mìå mé <eos>,<sos> io non so <eos>
"gliùra gliò i à cuminciàt amò, 'l gh'à dìt: — oscùltå",allora gli ha detto: — ascolta,"<sos> gliùra gliò i à cuminciàt amò , 'l gh'à dìt oscùltå <eos>",<sos> allora gli ha detto ascolta <eos>
ala fì la cumìnciå:,alla fine ha detto:,<sos> ala fì la cumìnciå <eos>,<sos> alla fine ha detto <eos>
i à fàt pastì pastù,han fatto pastino e pastone,<sos> i à fàt pastì pastù <eos>,<sos> han fatto pastino e pastone <eos>
ché l'è la cà dol órco,questa è la casa dell'orco,<sos> ché l'è la cà dol órco <eos>,<sos> questa è la casa dell'orco <eos>
— füdéhelå 'ìå!,— fosse viva!,<sos> füdéhelå 'ìå ! <eos>,<sos> fosse viva ! <eos>
i à ìst che 'l padrù 'l durmìà,hanno visto che il padrone dormiva,<sos> i à ìst che 'l padrù 'l durmìà <eos>,<sos> hanno visto che il padrone dormiva <eos>
ål và sö,va su,<sos> ål và sö <eos>,<sos> va su <eos>
ché mé me àch che möre de fàm!,qui devo per forza morire di fame,<sos> ché mé me àch che möre de fàm ! <eos>,<sos> qui devo per forza morire di fame <eos>
lé la gh'à cüntàdå hö cóme l'érå stàdå,lei gli ha raccontato com'era successo,<sos> lé la gh'à cüntàdå hö cóme l'érå stàdå <eos>,<sos> lei gli ha raccontato com'era successo <eos>
tutte le stréghe sótto la fontana! —,tutte le streghe sotto la fontana! —,<sos> tutte le stréghe sótto la fontana ! <eos>,<sos> tutte le streghe sotto la fontana ! <eos>
hpètel ö dé,aspetta un giorno,<sos> hpètel ö dé <eos>,<sos> aspetta un giorno <eos>
ol hunì 'l ga dìh:,e il maiale:,<sos> ol hunì 'l ga dìh <eos>,<sos> e il maiale <eos>
furibondo:,furibondo:,<sos> furibondo <eos>,<sos> furibondo <eos>
la nòt,di notte,<sos> la nòt <eos>,<sos> di notte <eos>
'l sént amò chèlå ùs,sente ancora quella voce,<sos> 'l sént amò chèlå ùs <eos>,<sos> sente ancora quella voce <eos>
la h'è fenida,è finita,<sos> la h'è fenida <eos>,<sos> è finita <eos>
l'érå mìå just,non era normale,<sos> l'érå mìå just <eos>,<sos> non era normale <eos>
« tùa mòglie,« tua moglie,<sos> tùa mòglie <eos>,<sos> tua moglie <eos>
fìf eśgringà 'l grilèt del füśìl a fà?,perché fate scattare il. grilletto del fucile?,<sos> fìf eśgringà 'l grilèt del füśìl a fà ? <eos>,<sos> perché fate scattare il . grilletto del fucile ? <eos>
e gh'éra pròpe hotràt ol hò h-cèt,c'era proprio sotterrato il figlio del re,<sos> e gh'éra pròpe hotràt ol hò h-cèt <eos>,<sos> c'era proprio sotterrato il figlio del re <eos>
i gh'à dìt:,e ha detto:,<sos> i gh'à dìt <eos>,<sos> e ha detto <eos>
che l'éra töt négher de bòte,che era diventato tutto nero,<sos> che l'éra töt négher de bòte <eos>,<sos> che era diventato tutto nero <eos>
mé — 'l dìs — dumà de sérå,io domani sera,<sos> mé 'l dìs dumà de sérå <eos>,<sos> io domani sera <eos>
"— ah pòvera me, pòvera mè!","— ah povera me, povera me!","<sos> ah pòvera me , pòvera mè ! <eos>","<sos> ah povera me , povera me ! <eos>"
chi mi sènte,chi mi sente,<sos> chi mi sènte <eos>,<sos> chi mi sente <eos>
pròpe disperàdå,proprio disperata,<sos> pròpe disperàdå <eos>,<sos> proprio disperata <eos>
a só mé! — 'l dìh,— sono io,<sos> a só mé ! 'l dìh <eos>,<sos> sono io <eos>
che 'l völ dì che,vorrà dire che,<sos> che 'l völ dì che <eos>,<sos> vorrà dire che <eos>
se l'è lü... magare mé,« e se fosse lui?... magari,<sos> se l'è lü . . . magare mé <eos>,<sos> e se fosse lui ? . . . magari <eos>
i à mangiàt,mangiato,<sos> i à mangiàt <eos>,<sos> mangiato <eos>
e l'ó rubàdå,l'ho rubata,<sos> e l'ó rubàdå <eos>,<sos> l'ho rubata <eos>
al gh'è jó la clòhå cói pu-ì,c'è la chioccia coi pulcini,<sos> al gh'è jó la clòhå cói pu-ì <eos>,<sos> c'è la chioccia coi pulcini <eos>
— éh beh — 'l dìs — 'gnì dumà de sérå,— beh venite domani,<sos> éh beh 'l dìs 'gnì dumà de sérå <eos>,<sos> beh venite domani <eos>
'm gh'à a' nótre,abbiamo anche noi,<sos> 'm gh'à a' nótre <eos>,<sos> abbiamo anche noi <eos>
la gh'à fàt la camamèlå e,gli ha fatto la camomilla e,<sos> la gh'à fàt la camamèlå e <eos>,<sos> gli ha fatto la camomilla e <eos>
dèla cità,della città,<sos> dèla cità <eos>,<sos> della città <eos>
äl di-èntå amò 'n vìtå cume prìmå,che tornerà ancora vivo come prima,<sos> l di-èntå amò 'n vìtå cume prìmå <eos>,<sos> che tornerà ancora vivo come prima <eos>
'sti dù tuśèi i ghe dìs:,i due ragazzi dicono:,<sos> 'sti dù tuśèi i ghe dìs <eos>,<sos> i due ragazzi dicono <eos>
i ha 'ncuntra,e si incontrano di nuovo,<sos> i ha 'ncuntra <eos>,<sos> e si incontrano di nuovo <eos>
con dù o tré fagòc,con due o tre fagotti,<sos> con dù o tré fagòc <eos>,<sos> con due o tre fagotti <eos>
trèi tuśe,tre figlie,<sos> trèi tuśe <eos>,<sos> tre figlie <eos>
faró come lü 'l m'à dìt,farò come lei mi ha detto,<sos> faró come lü 'l m'à dìt <eos>,<sos> farò come lei mi ha detto <eos>
e 'l và,svelto,<sos> e 'l và <eos>,<sos> svelto <eos>
gna' mé gna' i mé s-cetì,"né io, né i miei figli",<sos> gna' mé gna' i mé s-cetì <eos>,"<sos> né io , né i miei figli <eos>"
al rìa a cà,arriva a casa,<sos> al rìa a cà <eos>,<sos> arriva a casa <eos>
chèl che ta racomande l dìh,ti raccomando,<sos> chèl che ta racomande l dìh <eos>,<sos> ti raccomando <eos>
« tua mòglie à avuto due bambini,« tua moglie ha avuto due bambini,<sos> tua mòglie à avuto due bambini <eos>,<sos> tua moglie ha avuto due bambini <eos>
tré òmegn,tre uomini,<sos> tré òmegn <eos>,<sos> tre uomini <eos>
en giü,in uno,<sos> en giü <eos>,<sos> in uno <eos>
i l'à ciapàt,l'hanno preso,<sos> i l'à ciapàt <eos>,<sos> l'hanno preso <eos>
go i batèśe mé,li battezzo io,<sos> go i batèśe mé <eos>,<sos> li battezzo io <eos>
tüte li spighe jó 'n térå,tutte le spighe erano in terra,<sos> tüte li spighe jó 'n térå <eos>,<sos> tutte le spighe erano in terra <eos>
ì me n'à dàt gna' ò bucù,non me ne hanno dato neppure un boccone,<sos> ì me n'à dàt gna' ò bucù <eos>,<sos> non me ne hanno dato neppure un boccone <eos>
— e cóha gh'ìf?,— cosa avete?,<sos> e cóha gh'ìf ? <eos>,<sos> cosa avete ? <eos>
'l ghe respónt,gli risponde,<sos> 'l ghe respónt <eos>,<sos> gli risponde <eos>
i l'à metìt on d'ünà preśù,messo in una prigione,<sos> i l'à metìt on d'ünà preśù <eos>,<sos> messo in una prigione <eos>
« h'vèt che 'l völe fà öna fömàda »,« si vede che vuol fare una fumata »,<sos> h'vèt che 'l völe fà öna fömàda <eos>,<sos> si vede che vuol fare una fumata <eos>
l'éra 'l sciùr Piétro Bégliardi,erano il signor Pietro Bigliardi,<sos> l'éra 'l sciùr piétro bégliardi <eos>,<sos> erano il signor pietro bigliardi <eos>
— nò —,— no —,<sos> nò <eos>,<sos> no <eos>
öna curdina,una cordicella,<sos> öna curdina <eos>,<sos> una cordicella <eos>
che t'é-e 'mprumetìt che,t'avevo promesso che,<sos> che t'é-e 'mprumetìt che <eos>,<sos> t'avevo promesso che <eos>
al và hö a fà 'l rè —,diventerà re —,<sos> al và hö a fà 'l rè <eos>,<sos> diventerà re <eos>
l'érå la ho madrìgnå:,era stata la matrigna:,<sos> l'érå la ho madrìgnå <eos>,<sos> era stata la matrigna <eos>
ol rè de öna nassiù l'à ordinàt öna caccia,il re di una nazione ha ordinato una caccia,<sos> ol rè de öna nassiù l'à ordinàt öna caccia <eos>,<sos> il re di una nazione ha ordinato una caccia <eos>
— te filet,— vattene,<sos> te filet <eos>,<sos> vattene <eos>
i à fàt ö pér de méter,fatti un paio di metri,<sos> i à fàt ö pér de méter <eos>,<sos> fatti un paio di metri <eos>
anche se l'e ü sercòt,anche se sarà un mendicante,<sos> anche se l'e ü sercòt <eos>,<sos> anche se sarà un mendicante <eos>
"— potà ada Piéro, lahe sta d'maià a' mé, t'la dó a té","— guarda Pietro, non mangio la mia, la dò a te","<sos> potà ada piéro , lahe sta d'maià a' mé , t'la dó a té <eos>","<sos> guarda pietro , non mangio la mia , la dò a te <eos>"
« ma...,« ma...,<sos> ma . . . <eos>,<sos> ma . . . <eos>
cos'è successo?,cos'è successo?,<sos> cos'è successo ? <eos>,<sos> cos'è successo ? <eos>
e difati,infatti,<sos> e difati <eos>,<sos> infatti <eos>
famàdå cume só... —,affamata come sono... —,<sos> famàdå cume só . . . <eos>,<sos> affamata come sono . . . <eos>
'l respundìt mìå,non gli ha risposto,<sos> 'l respundìt mìå <eos>,<sos> non gli ha risposto <eos>
— pòta Divìn Maèstro — 'l dìh —,— Divin Maestro,<sos> pòta divìn maèstro 'l dìh <eos>,<sos> divin maestro <eos>
— óter che èher contét mé — 'l dìs —,— altro che essere contento!,<sos> óter che èher contét mé 'l dìs <eos>,<sos> altro che essere contento ! <eos>
e 'l gh'à dìc: — però,dicendo:,<sos> e 'l gh'à dìc però <eos>,<sos> dicendo <eos>
la mama la m'à bastunàt perché,— mia madre mi ha bastonato perché,<sos> la mama la m'à bastunàt perché <eos>,<sos> mia madre mi ha bastonato perché <eos>
'l ria a cà,arriva a casa,<sos> 'l ria a cà <eos>,<sos> arriva a casa <eos>
pò è pahài sö dré a 'n sentér,si sono avviati per un sentiero,<sos> pò è pahài sö dré a 'n sentér <eos>,<sos> si sono avviati per un sentiero <eos>
— tulé sö,— prendete,<sos> tulé sö <eos>,<sos> prendete <eos>
a l'è 'l bèl — al dìh —,il bello è,<sos> a l'è 'l bèl al dìh <eos>,<sos> il bello è <eos>
pùf!,pùf!,<sos> pùf ! <eos>,<sos> pùf ! <eos>
fà comè pò ché adèh per fala? »,« come faccio adesso per farla? »,<sos> fà comè pò ché adèh per fala ? <eos>,<sos> come faccio adesso per farla ? <eos>
dòpo lü 'l famèi che gh'éra lé,era presente il famiglio,<sos> dòpo lü 'l famèi che gh'éra lé <eos>,<sos> era presente il famiglio <eos>
ma,ma,<sos> ma <eos>,<sos> ma <eos>
— ga perdunerèset mìa óter a 'sto òm ché,— non perdonereste quest'uomo,<sos> ga perdunerèset mìa óter a 'sto òm ché <eos>,<sos> non perdonereste quest'uomo <eos>
al dìh:,dice:,<sos> al dìh <eos>,<sos> dice <eos>
'tana,puttana,<sos> 'tana <eos>,<sos> puttana <eos>
— 'ta — 'l dìh,— pota — dice,<sos> 'ta 'l dìh <eos>,<sos> pota dice <eos>
'nà a cà,per tornare a casa,<sos> 'nà a cà <eos>,<sos> per tornare a casa <eos>
e và béne,— va bene —,<sos> e và béne <eos>,<sos> va bene <eos>
åm sarà 'n punì al potere,ne avremo la possibilità,<sos> åm sarà 'n punì al potere <eos>,<sos> ne avremo la possibilità <eos>
— ah sé? — l'à dìt —,— ah sì? — ha detto il pesciolino —,<sos> ah sé ? l'à dìt <eos>,<sos> ah sì ? ha detto il pesciolino <eos>
al püdìa mìa dì de piö,non poteva dire di più,<sos> al püdìa mìa dì de piö <eos>,<sos> non poteva dire di più <eos>
pò 'l gi à 'nfilàt tüc quànc,poi li ha infilati sullo spago,<sos> pò 'l gi à 'nfilàt tüc quànc <eos>,<sos> poi li ha infilati sullo spago <eos>
a meśanòt,a mezzanotte,<sos> a meśanòt <eos>,<sos> a mezzanotte <eos>
"cünta de ni-ént, lü l'è 'gnìt","non fa niente, lui è tornato","<sos> cünta de ni-ént , lü l'è 'gnìt <eos>","<sos> non fa niente , lui è tornato <eos>"
— e nò,— no,<sos> e nò <eos>,<sos> no <eos>
fìnå che 'l Paulì,finché Paolino,<sos> fìnå che 'l paulì <eos>,<sos> finché paolino <eos>
— de jü 'l ne 'gnìeh fò hénto!,— da uno ne escano cento!,<sos> de jü 'l ne 'gnìeh fò hénto ! <eos>,<sos> da uno ne escano cento ! <eos>
e vìo de cure,via di corsa!,<sos> e vìo de cure <eos>,<sos> via di corsa ! <eos>
i rìa 'n d'ünà cità,arrivano de una città,<sos> i rìa 'n d'ünà cità <eos>,<sos> arrivano de una città <eos>
« e chi mi vede,e chi mi vede,<sos> e chi mi vede <eos>,<sos> e chi mi vede <eos>
hótå chèla credénså:,sotto quella credenza,<sos> hótå chèla credénså <eos>,<sos> sotto quella credenza <eos>
— alura 'nóm a edì 'l scarpulì —,— allora andiamo a vedere il ciabattino —,<sos> alura 'nóm a edì 'l scarpulì <eos>,<sos> allora andiamo a vedere il ciabattino <eos>
"śà ca to gh'é üt 'ssé botép, stà fò ö mìh —","se hai avuto tanto buontempo, restaci un mese —","<sos> śà ca to gh'é üt 'ssé botép , stà fò ö mìh <eos>","<sos> se hai avuto tanto buontempo , restaci un mese <eos>"
e:,e ha detto:,<sos> e <eos>,<sos> e ha detto <eos>
metida 'n goiòfa,l'ha messo in tasca,<sos> metida 'n goiòfa <eos>,<sos> l'ha messo in tasca <eos>
— pòta,pota,<sos> pòta <eos>,<sos> pota <eos>
déter e hótå el sejér,dentro e sotto il lavandino,<sos> déter e hótå el sejér <eos>,<sos> dentro e sotto il lavandino <eos>
e la sérå,e di sera,<sos> e la sérå <eos>,<sos> e di sera <eos>
lé la 'é śó ma,lei scende,<sos> lé la 'é śó ma <eos>,<sos> lei scende <eos>
e pò 'l gh'à dìt: — adès,poi le ha detto: — adesso,<sos> e pò 'l gh'à dìt adès <eos>,<sos> poi le ha detto adesso <eos>
fina ca l'è ri-àda a ün'ótra capanna amò,finché è arrivata a un'altra capanna,<sos> fina ca l'è ri-àda a ün'ótra capanna amò <eos>,<sos> finché è arrivata a un'altra capanna <eos>
— 'l la ciàma l' tus dol rè,— la chiama il figlio del re,<sos> 'l la ciàma l' tus dol rè <eos>,<sos> la chiama il figlio del re <eos>
töc,tutti,<sos> töc <eos>,<sos> tutti <eos>
e la stórgia,e la storia,<sos> e la stórgia <eos>,<sos> e la storia <eos>
"— traaa, traaa! —",— traaa! traaa! —,"<sos> traaa , traaa ! <eos>",<sos> traaa ! traaa ! <eos>
— scùltå,— ascolta,<sos> scùltå <eos>,<sos> ascolta <eos>
— nò — 'l dìh —,— no,<sos> nò 'l dìh <eos>,<sos> no <eos>
'ssé bèlå,così bella,<sos> 'ssé bèlå <eos>,<sos> così bella <eos>
ca la öl de-entà sciùra perchè l'e htöfa de ligà hö la fàm,"che vuol diventare una signora, perché è stanca di aver fame",<sos> ca la öl de-entà sciùra perchè l'e htöfa de ligà hö la fàm <eos>,"<sos> che vuol diventare una signora , perché è stanca di aver fame <eos>"
gliùrå,altrimenti,<sos> gliùrå <eos>,<sos> altrimenti <eos>
con d'ün aśnì,un asinello,<sos> con d'ün aśnì <eos>,<sos> un asinello <eos>
"tüt ü laùr, tüt l'óter",una cosa e l'altra,"<sos> tüt ü laùr , tüt l'óter <eos>",<sos> una cosa e l'altra <eos>
comprà 'm pó de pèh,comprare un po' di pesce,<sos> comprà 'm pó de pèh <eos>,<sos> comprare un po' di pesce <eos>
l'à tràt sa 'l cortèl,ha estratto il coltello,<sos> l'à tràt sa 'l cortèl <eos>,<sos> ha estratto il coltello <eos>
l' gh'à brüśàt la röśå,che le ha bruciato la rosa,<sos> l' gh'à brüśàt la röśå <eos>,<sos> che le ha bruciato la rosa <eos>
— té và de chèla strada ché,— vai da quella strada,<sos> té và de chèla strada ché <eos>,<sos> vai da quella strada <eos>
la fà-å cünt che 'l füdéh ü sachèl de hólc,credeva fosse pieno di soldi,<sos> la fà-å cünt che 'l füdéh ü sachèl de hólc <eos>,<sos> credeva fosse pieno di soldi <eos>
de tüc i sò sèrvi e servitùr,da tutta la servitù,<sos> de tüc i sò sèrvi e servitùr <eos>,<sos> da tutta la servitù <eos>
pò 'l gh'è 'gnìt en cör li nùs,poi si ricorda delle noci,<sos> pò 'l gh'è 'gnìt en cör li nùs <eos>,<sos> poi si ricorda delle noci <eos>
e i è piö turnàc endré,nessuno è più tornato indietro,<sos> e i è piö turnàc endré <eos>,<sos> nessuno è più tornato indietro <eos>
a iśà i cavrignér,ad avvisare i carabinieri,<sos> a iśà i cavrignér <eos>,<sos> ad avvisare i carabinieri <eos>
ma la màmå,ma la mamma,<sos> ma la màmå <eos>,<sos> ma la mamma <eos>
argótå o a bì-e argótå,e a bere qualcosa,<sos> argótå o a bì-e argótå <eos>,<sos> e a bere qualcosa <eos>
al salta fò 'l fòs,e lui l'ha saltato,<sos> al salta fò 'l fòs <eos>,<sos> e lui l'ha saltato <eos>
e i śgi à brüśade ìe,e le hanno bruciate,<sos> e i śgi à brüśade ìe <eos>,<sos> e le hanno bruciate <eos>
e butiglie,bottiglie,<sos> e butiglie <eos>,<sos> bottiglie <eos>
e no 'mpiantélå,e non piantatela,<sos> e no 'mpiantélå <eos>,<sos> e non piantatela <eos>
la pìcå e 'l vé sà öna fónnå,bussa compare una donna,<sos> la pìcå e 'l vé sà öna fónnå <eos>,<sos> bussa compare una donna <eos>
ghe la farès »,potrei farcela »,<sos> ghe la farès <eos>,<sos> potrei farcela <eos>
'm punì de spuntino,per un po' di spuntino,<sos> 'm punì de spuntino <eos>,<sos> per un po' di spuntino <eos>
e lùr i ìa fàt,loro han preparato,<sos> e lùr i ìa fàt <eos>,<sos> loro han preparato <eos>
— héret purtù!,— portone chiuditi!,<sos> héret purtù ! <eos>,<sos> portone chiuditi ! <eos>
— prepàrem,— preparaci,<sos> prepàrem <eos>,<sos> preparaci <eos>
i è 'ndàt gió 'n sigristìå,poi sono andati in sagrestia,<sos> i è 'ndàt gió 'n sigristìå <eos>,<sos> poi sono andati in sagrestia <eos>
li sòi surèle,le sorelle,<sos> li sòi surèle <eos>,<sos> le sorelle <eos>
i ghe dìs che l'à töt moér,le dicono che si sposa,<sos> i ghe dìs che l'à töt moér <eos>,<sos> le dicono che si sposa <eos>
e 'l gh'à metìt dét la 'ndòrmia,ma vi ha messo il sonnifero,<sos> e 'l gh'à metìt dét la 'ndòrmia <eos>,<sos> ma vi ha messo il sonnifero <eos>
io fui ucciso nel bosco di Sien,io fui ucciso nel bosco di Sien,<sos> io fui ucciso nel bosco di sien <eos>,<sos> io fui ucciso nel bosco di sien <eos>
söla fàciå,sulla faccia,<sos> söla fàciå <eos>,<sos> sulla faccia <eos>
e potà merèh daghne mé — al dìh — a lù,dovrei darne io a loro,<sos> e potà merèh daghne mé al dìh a lù <eos>,<sos> dovrei darne io a loro <eos>
menemà,ma,<sos> menemà <eos>,<sos> ma <eos>
a dà ö cüśgianì de 'sto laùr,a dare un cucchiaino di quell'acqua,<sos> a dà ö cüśgianì de 'sto laùr <eos>,<sos> a dare un cucchiaino di quell'acqua <eos>
al và a portà 'l ca-àl nó 'n stala,nella stalla,<sos> al và a portà 'l ca-àl nó 'n stala <eos>,<sos> nella stalla <eos>
perchè?,— perché?,<sos> perchè ? <eos>,<sos> perché ? <eos>
e pòtå 'l gh'ìa fàm perché,aveva fame perché,<sos> e pòtå 'l gh'ìa fàm perché <eos>,<sos> aveva fame perché <eos>
— öt 'gnì con nù?,— vuoi venire con noi?,<sos> öt 'gnì con nù ? <eos>,<sos> vuoi venire con noi ? <eos>
che i ga tü-ìa fò le paròle dala bóca co' l'aria,che gli toglievano le parole dalla bocca,<sos> che i ga tü-ìa fò le paròle dala bóca co' l'aria <eos>,<sos> che gli toglievano le parole dalla bocca <eos>
— ah — 'l dìh — ma hömèa miga öna ròba giösta —,— non ci sembra una cosa giusta —,<sos> ah 'l dìh ma hömèa miga öna ròba giösta <eos>,<sos> non ci sembra una cosa giusta <eos>
gnè' picinì,né piccolo,<sos> gnè' picinì <eos>,<sos> né piccolo <eos>
e lé 'stå vólp la j à dìt esse:,la volpe gli ha detto:,<sos> e lé 'stå vólp la j à dìt esse <eos>,<sos> la volpe gli ha detto <eos>
arde he ciàpe quàch pòst de 'nà,cerco di andare in qualche posto,<sos> arde he ciàpe quàch pòst de 'nà <eos>,<sos> cerco di andare in qualche posto <eos>
ö dé,un giorno,<sos> ö dé <eos>,<sos> un giorno <eos>
"'m pó lü, 'm pó lé","un po' lui, un po' lei","<sos> 'm pó lü , 'm pó lé <eos>","<sos> un po' lui , un po' lei <eos>"
i hìa diga ni-ènt,sapeva dirgli qualcosa,<sos> i hìa diga ni-ènt <eos>,<sos> sapeva dirgli qualcosa <eos>
e lö 'l gh'ìa sö ö tochèl de spàch,lui aveva un pezzo di spago,<sos> e lö 'l gh'ìa sö ö tochèl de spàch <eos>,<sos> lui aveva un pezzo di spago <eos>
'n fónt ala scala,in fondo alla scala,<sos> 'n fónt ala scala <eos>,<sos> in fondo alla scala <eos>
— perchè — la dìh — l'è öna àl,— perché è una valle,<sos> perchè la dìh l'è öna àl <eos>,<sos> perché è una valle <eos>
però li guardie,ma le guardie,<sos> però li guardie <eos>,<sos> ma le guardie <eos>
lü chèl là 'l lo bìf,quello l'ha bevuto,<sos> lü chèl là 'l lo bìf <eos>,<sos> quello l'ha bevuto <eos>
la mónta a ca-àl e vìa,monta in groppa,<sos> la mónta a ca-àl e vìa <eos>,<sos> monta in groppa <eos>
gi a bötai dét,in un ruscello,<sos> gi a bötai dét <eos>,<sos> in un ruscello <eos>
— e 'dès,— adesso,<sos> e 'dès <eos>,<sos> adesso <eos>
töi tacàc dré ala cù-a giü dré l'óter,uno attaccato alla coda dell'altro,<sos> töi tacàc dré ala cù-a giü dré l'óter <eos>,<sos> uno attaccato alla coda dell'altro <eos>
ü rè,un re,<sos> ü rè <eos>,<sos> un re <eos>
g'è sö che i sénå,stanno cenando,<sos> g'è sö che i sénå <eos>,<sos> stanno cenando <eos>
dunque la preghiérå dol tò ruśare,dunque la tua preghiera,<sos> dunque la preghiérå dol tò ruśare <eos>,<sos> dunque la tua preghiera <eos>
pòtå pà a' la hegóndå l'è stàdå istès,ma anche con lei è successo la stessa cosa,<sos> pòtå pà a' la hegóndå l'è stàdå istès <eos>,<sos> ma anche con lei è successo la stessa cosa <eos>
e lùr chèi i gh'à dìt:,loro gli hanno detto:,<sos> e lùr chèi i gh'à dìt <eos>,<sos> loro gli hanno detto <eos>
« però pòtå — la dìs —,« però pota — dice —,<sos> però pòtå la dìs <eos>,<sos> però pota dice <eos>
i à mangiàt e bi-ìt,han mangiato e bevuto,<sos> i à mangiàt e bi-ìt <eos>,<sos> han mangiato e bevuto <eos>
che ciaperó ö carèt,prenderò un carretto,<sos> che ciaperó ö carèt <eos>,<sos> prenderò un carretto <eos>
l'à mìå urìt ospuśà i prìncipi,non aveva voluto sposare i principi,<sos> l'à mìå urìt ospuśà i prìncipi <eos>,<sos> non aveva voluto sposare i principi <eos>
'nvéce l'éra mìa gnamò hènt àgn:,invece che non aveva ancora cent'anni:,<sos> 'nvéce l'éra mìa gnamò hènt àgn <eos>,<sos> invece che non aveva ancora cent'anni <eos>
— ma isé per vardà perché nóter em völ vèher sigür dèla nòsta arma —,— perché noi vogliamo essere sicuri della nostra arma —,<sos> ma isé per vardà perché nóter em völ vèher sigür dèla nòsta arma <eos>,<sos> perché noi vogliamo essere sicuri della nostra arma <eos>
la śgi a màngiå,viene mangiato,<sos> la śgi a màngiå <eos>,<sos> viene mangiato <eos>
che 'l mulì e 'l magaśì,il mulino e il magazzino,<sos> che 'l mulì e 'l magaśì <eos>,<sos> il mulino e il magazzino <eos>
ol Signùr al gh'à ardàt in dol cör che 'l h'éra troàt pentìt,il Signore gli ha letto nel cuore che era pentito,<sos> ol signùr al gh'à ardàt in dol cör che 'l h'éra troàt pentìt <eos>,<sos> il signore gli ha letto nel cuore che era pentito <eos>
próa adèh mètela 'm bóca té hentì ö falì còma l'è! —,prova mettilo in bocca per sentire anche tu —,<sos> próa adèh mètela 'm bóca té hentì ö falì còma l'è ! <eos>,<sos> prova mettilo in bocca per sentire anche tu <eos>
al gh'ìa ü fiöl e üna fiölå,aveva un figlio e una figlia,<sos> al gh'ìa ü fiöl e üna fiölå <eos>,<sos> aveva un figlio e una figlia <eos>
— födèhei mórt tüc! —,— fossero tutti morti! —,<sos> födèhei mórt tüc ! <eos>,<sos> fossero tutti morti ! <eos>
i à tacàt om punì cume bègå,quasi hanno litigato,<sos> i à tacàt om punì cume bègå <eos>,<sos> quasi hanno litigato <eos>
incö 'nì a edì he i vedì quàch bande —,oggi se li vedete da qualche parte,<sos> incö 'nì a edì he i vedì quàch bande <eos>,<sos> oggi se li vedete da qualche parte <eos>
perché chèi che i l'arà està a pahà,perché chi l'ha vista passare,<sos> perché chèi che i l'arà està a pahà <eos>,<sos> perché chi l'ha vista passare <eos>
l'è pasàt ün àśen cargàt de stópå,è passato un asino carico di stoppa,<sos> l'è pasàt ün àśen cargàt de stópå <eos>,<sos> è passato un asino carico di stoppa <eos>
"— a 'ndó, a 'ndó","— vado, vado","<sos> a 'ndó , a 'ndó <eos>","<sos> vado , vado <eos>"
però prìma de möre,però prima di morire,<sos> però prìma de möre <eos>,<sos> però prima di morire <eos>
ål rìå sö,arrivato lassù,<sos> ål rìå sö <eos>,<sos> arrivato lassù <eos>
la matina,al mattino,<sos> la matina <eos>,<sos> al mattino <eos>
l'érå la hò madrìgnå,era la sua matrigna,<sos> l'érå la hò madrìgnå <eos>,<sos> era la sua matrigna <eos>
ardé che 'l ghe öl anni e anni nèh,guardate che ci vogliono anni e anni,<sos> ardé che 'l ghe öl anni e anni nèh <eos>,<sos> guardate che ci vogliono anni e anni <eos>
i gh'à mìa dìt lùr,loro non hanno detto,<sos> i gh'à mìa dìt lùr <eos>,<sos> loro non hanno detto <eos>
e 'n dù m'istà fò a guidà i ca-ài,e in due guideremo i cavalli,<sos> e 'n dù m'istà fò a guidà i ca-ài <eos>,<sos> e in due guideremo i cavalli <eos>
i ghe l'à purtàdå fò ai cà,l'han portata ai cani,<sos> i ghe l'à purtàdå fò ai cà <eos>,<sos> l'han portata ai cani <eos>
'l dìh: — ma 'm hè che 'n tance,— siamo in tanti,<sos> 'l dìh ma 'm hè che 'n tance <eos>,<sos> siamo in tanti <eos>
ai và dét 'esta galerìa,sono entrati,<sos> ai và dét 'esta galerìa <eos>,<sos> sono entrati <eos>
paha de ché té — 'l dìh —,tu passa di qui,<sos> paha de ché té 'l dìh <eos>,<sos> tu passa di qui <eos>
— mé parte,— io parto,<sos> mé parte <eos>,<sos> io parto <eos>
l'è nasìt ü bèl,è nato un bel,<sos> l'è nasìt ü bèl <eos>,<sos> è nato un bel <eos>
— perchè — 'l dìh — fét chi laùr lé?,— perché fai queste cose? —,<sos> perchè 'l dìh fét chi laùr lé ? <eos>,<sos> perché fai queste cose ? <eos>
però i völ de maià e de bìf,però vogliono da mangiare e da bere,<sos> però i völ de maià e de bìf <eos>,<sos> però vogliono da mangiare e da bere <eos>
giü,uno,<sos> giü <eos>,<sos> uno <eos>
gh'éra hò ö gràn' tàol,c'era un gran tavolo,<sos> gh'éra hò ö gràn' tàol <eos>,<sos> c'era un gran tavolo <eos>
e i ge hentìa nigü,e nessuno le sentiva,<sos> e i ge hentìa nigü <eos>,<sos> e nessuno le sentiva <eos>
ol Rè-Serpènte l'è tò,il Re-Serpente è tuo,<sos> ol rè-serpènte l'è tò <eos>,<sos> il re-serpente è tuo <eos>
e lü 'l ga dìs:,e lui dice:,<sos> e lü 'l ga dìs <eos>,<sos> e lui dice <eos>
òcio che büte!,spostati che butto!,<sos> òcio che büte ! <eos>,<sos> spostati che butto ! <eos>
— hé hé,— sì,<sos> hé hé <eos>,<sos> sì <eos>
ol prìm,il primo,<sos> ol prìm <eos>,<sos> il primo <eos>
i bi-ìa,bevevano,<sos> i bi-ìa <eos>,<sos> bevevano <eos>
'osto casadùr ål vèt che,che vede,<sos> 'osto casadùr ål vèt che <eos>,<sos> che vede <eos>
ol cà,il cane,<sos> ol cà <eos>,<sos> il cane <eos>
e 'l hunì,e il maiale,<sos> e 'l hunì <eos>,<sos> e il maiale <eos>
'nvidàdå a' lé,invitata alla cena,<sos> 'nvidàdå a' lé <eos>,<sos> invitata alla cena <eos>
e pöde mìa mü-ìmsa de chèl tròno che hó hö,e non posso muovermi dal trono dove sono,<sos> e pöde mìa mü-ìmsa de chèl tròno che hó hö <eos>,<sos> e non posso muovermi dal trono dove sono <eos>
perchè gh'ó öna fàm che ga rìe piö,perché non ce la faccio più dalla fame!,<sos> perchè gh'ó öna fàm che ga rìe piö <eos>,<sos> perché non ce la faccio più dalla fame ! <eos>
la 'gnìå sö,usciva,<sos> la 'gnìå sö <eos>,<sos> usciva <eos>
ål pàhå ü cavagliére,passa un cavaliere,<sos> ål pàhå ü cavagliére <eos>,<sos> passa un cavaliere <eos>
ma l'à mài dìt ni-ént,non mi ha mai detto niente,<sos> ma l'à mài dìt ni-ént <eos>,<sos> non mi ha mai detto niente <eos>
adèh riflèt ö falì,adesso rifletti un po',<sos> adèh riflèt ö falì <eos>,<sos> adesso rifletti un po' <eos>
"e lü 'l sa óltå 'ndré, 'l ge dìh essè: — hé ma",l'altro si volta e dice:,"<sos> e lü 'l sa óltå 'ndré , 'l ge dìh essè hé ma <eos>",<sos> l'altro si volta e dice <eos>
cóme mài?,come mai?,<sos> cóme mài ? <eos>,<sos> come mai ? <eos>
la nèdrå che cridà-å,l'anatra a gridare,<sos> la nèdrå che cridà-å <eos>,<sos> l'anatra a gridare <eos>
sa pórta śó al pórt,va al porto,<sos> sa pórta śó al pórt <eos>,<sos> va al porto <eos>
gh'éra intequàter escagne,ventiquattro sedie,<sos> gh'éra intequàter escagne <eos>,<sos> ventiquattro sedie <eos>
m'à fàt bèl a' i ótre ólte,siamo stati fortunati anche le altre volte,<sos> m'à fàt bèl a' i ótre ólte <eos>,<sos> siamo stati fortunati anche le altre volte <eos>
biśógna 'nà robale —,dovrete rubarle —,<sos> biśógna 'nà robale <eos>,<sos> dovrete rubarle <eos>
i 'ndà-å 'n paìs,andavano in paese,<sos> i 'ndà-å 'n paìs <eos>,<sos> andavano in paese <eos>
'l l'à tignìdå lóngå lü,ci ha impiegato tanto,<sos> 'l l'à tignìdå lóngå lü <eos>,<sos> ci ha impiegato tanto <eos>
pò l'è furàt amò jó 'l sò büs,poi è calato ancora nel suo buco,<sos> pò l'è furàt amò jó 'l sò büs <eos>,<sos> poi è calato ancora nel suo buco <eos>
la troverài,la troverai,<sos> la troverài <eos>,<sos> la troverai <eos>
dòpo la matìnå i à töt sö li hòi pégure,"i due, al mattino, hanno preso le pecore",<sos> dòpo la matìnå i à töt sö li hòi pégure <eos>,"<sos> i due , al mattino , hanno preso le pecore <eos>"
e chèl dé,il giorno,<sos> e chèl dé <eos>,<sos> il giorno <eos>
e lé la gh'à dìt: — sé,lei ha risposto: — sì,<sos> e lé la gh'à dìt sé <eos>,<sos> lei ha risposto sì <eos>
— ma ciapì che va dó 'm pó de colassiù! —,— prendete qualcosa per colazione! —,<sos> ma ciapì che va dó 'm pó de colassiù ! <eos>,<sos> prendete qualcosa per colazione ! <eos>
l'è saltàt fò ü móndo manicomio,è successa una gran baraonda,<sos> l'è saltàt fò ü móndo manicomio <eos>,<sos> è successa una gran baraonda <eos>
i rìå 'n d'ü bósch,arrivano in un bosco,<sos> i rìå 'n d'ü bósch <eos>,<sos> arrivano in un bosco <eos>
i gh'éå,che avevano,<sos> i gh'éå <eos>,<sos> che avevano <eos>
— béh,— beh,<sos> béh <eos>,<sos> beh <eos>
dumà de sérå,ma domani sera,<sos> dumà de sérå <eos>,<sos> ma domani sera <eos>
e gh'è 'gnìt en mént, si è ricordata che aveva lasciato in casa della lana,<sos> e gh'è 'gnìt en mént <eos>,<sos> si è ricordata che aveva lasciato in casa della lana <eos>
che manéra?,in che modo?,<sos> che manéra ? <eos>,<sos> in che modo ? <eos>
— nò,— no,<sos> nò <eos>,<sos> no <eos>
ve faró tènde li pégore —,vi farò badare alle pecore —,<sos> ve faró tènde li pégore <eos>,<sos> vi farò badare alle pecore <eos>
ma chi lo sa il perchè?,ma chi lo sa il perché?,<sos> ma chi lo sa il perchè ? <eos>,<sos> ma chi lo sa il perché ? <eos>
örès fàt öna propòsta,— vorrei farti una proposta,<sos> örès fàt öna propòsta <eos>,<sos> vorrei farti una proposta <eos>
te dumande piö negótå —,poi non ti domanderò più niente —,<sos> te dumande piö negótå <eos>,<sos> poi non ti domanderò più niente <eos>
e ala nòt,e di notte,<sos> e ala nòt <eos>,<sos> e di notte <eos>
al s'è prefondàt,ed è affondato,<sos> al s'è prefondàt <eos>,<sos> ed è affondato <eos>
che era 'gnìt prima:,che era arrivato prima,<sos> che era 'gnìt prima <eos>,<sos> che era arrivato prima <eos>
ma fàdå sö bé,ma fatta su bene,<sos> ma fàdå sö bé <eos>,<sos> ma fatta su bene <eos>
söi sò śinöc ontàt che la dórmå,"sulle sue ginocchia, intanto che dorme",<sos> söi sò śinöc ontàt che la dórmå <eos>,"<sos> sulle sue ginocchia , intanto che dorme <eos>"
ü rè,un re,<sos> ü rè <eos>,<sos> un re <eos>
'nturen ala cà,della casa,<sos> 'nturen ala cà <eos>,<sos> della casa <eos>
fìnå che i rìå cumè,finché arrivano,<sos> fìnå che i rìå cumè <eos>,<sos> finché arrivano <eos>
'é hà ché e ardà,vieni a vedere:,<sos> 'é hà ché e ardà <eos>,<sos> vieni a vedere <eos>
'n dol sò bigaröl,nel grembiule,<sos> 'n dol sò bigaröl <eos>,<sos> nel grembiule <eos>
"i è 'gnìc a halvàm, i è rehtài ché htàtüe!",sono venuti per salvarmi e sono stati tramutati in statue!,"<sos> i è 'gnìc a halvàm , i è rehtài ché htàtüe ! <eos>",<sos> sono venuti per salvarmi e sono stati tramutati in statue ! <eos>
potàna!,puttana!,<sos> potàna ! <eos>,<sos> puttana ! <eos>
e con giö cehtì de fóns,e un cestino di funghi,<sos> e con giö cehtì de fóns <eos>,<sos> e un cestino di funghi <eos>
te l' cünteró pò ho ün óter dé còma l'è stàdå ma,ti racconterò un altro giorno com'è andata ma,<sos> te l' cünteró pò ho ün óter dé còma l'è stàdå ma <eos>,<sos> ti racconterò un altro giorno com'è andata ma <eos>
per cargà hö,veniva per caricare,<sos> per cargà hö <eos>,<sos> veniva per caricare <eos>
— ah — l'à dìt — mé bé-e l'istès!,"— ah, io bevo ugualmente!",<sos> ah l'à dìt mé bé-e l'istès ! <eos>,"<sos> ah , io bevo ugualmente ! <eos>"
— pru-é mò,— provate,<sos> pru-é mò <eos>,<sos> provate <eos>
perchè töt ol mónt,perché tutto il mondo,<sos> perchè töt ol mónt <eos>,<sos> perché tutto il mondo <eos>
e l'à töt sö ü campanilì,e ha preso un campanello,<sos> e l'à töt sö ü campanilì <eos>,<sos> e ha preso un campanello <eos>
la gh'à dàt de mangià,le ha dato da mangiare,<sos> la gh'à dàt de mangià <eos>,<sos> le ha dato da mangiare <eos>
ö ristorànt,un ristorante,<sos> ö ristorànt <eos>,<sos> un ristorante <eos>
ol dé de 'gnì a töla,il giorno in cui dovevi venire a prenderla,<sos> ol dé de 'gnì a töla <eos>,<sos> il giorno in cui dovevi venire a prenderla <eos>
menemà 'l suna 'l meśdé,ad un certo punto suona il mezzogiorno,<sos> menemà 'l suna 'l meśdé <eos>,<sos> ad un certo punto suona il mezzogiorno <eos>
— sé sé sé — 'l dìh — Divìn Maèstro,— sì Divin Maestro!,<sos> sé sé sé 'l dìh divìn maèstro <eos>,<sos> sì divin maestro ! <eos>
vegnì hö! —,venite! —,<sos> vegnì hö ! <eos>,<sos> venite ! <eos>
e sö e gió d'li scale,su e giù dalle scale,<sos> e sö e gió d'li scale <eos>,<sos> su e giù dalle scale <eos>
— öt pò 'ndà a' té?,— vuoi andare anche tu?,<sos> öt pò 'ndà a' té ? <eos>,<sos> vuoi andare anche tu ? <eos>
— pènsa,— pensa,<sos> pènsa <eos>,<sos> pensa <eos>
e la l'ìa tramortida,e di essere tramortita,<sos> e la l'ìa tramortida <eos>,<sos> e di essere tramortita <eos>
alura lùr chèi là,allora quelli,<sos> alura lùr chèi là <eos>,<sos> allora quelli <eos>
che te àlet pròpe ni-ént!,non vali proprio niente!,<sos> che te àlet pròpe ni-ént ! <eos>,<sos> non vali proprio niente ! <eos>
ünà óltå 'l gh'érå,Una volta c'era,<sos> ünà óltå 'l gh'érå <eos>,<sos> una volta c'era <eos>
i la picà-å,la picchiavano,<sos> i la picà-å <eos>,<sos> la picchiavano <eos>
ma pròpe bèl!,proprio bello!,<sos> ma pròpe bèl ! <eos>,<sos> proprio bello ! <eos>
la galìnà che fà i öf d'ór —,la gallina che fa le uova d'oro —,<sos> la galìnà che fà i öf d'ór <eos>,<sos> la gallina che fa le uova d'oro <eos>
té ali sés on punto,alle sei in punto,<sos> té ali sés on punto <eos>,<sos> alle sei in punto <eos>
mé ghe n'ó nügü de daga,e io non ho niente da dare,<sos> mé ghe n'ó nügü de daga <eos>,<sos> e io non ho niente da dare <eos>
öi pròpe mìa fàs mangià!,non voglio proprio farmi mangiare!,<sos> öi pròpe mìa fàs mangià ! <eos>,<sos> non voglio proprio farmi mangiare ! <eos>
e pò dòpo la gh'éra de 'ndà de hura,doveva andare di sopra,<sos> e pò dòpo la gh'éra de 'ndà de hura <eos>,<sos> doveva andare di sopra <eos>
adès dórmå,adesso dormi,<sos> adès dórmå <eos>,<sos> adesso dormi <eos>
chèsto l'è 'l mé fiöl,questo è mio figlio,<sos> chèsto l'è 'l mé fiöl <eos>,<sos> questo è mio figlio <eos>
'm pènsa hö cóme 'm gh'à de fà a copà Rośalba,pensiamo come dobbiamo fare per ammazzare Rosalba,<sos> 'm pènsa hö cóme 'm gh'à de fà a copà rośalba <eos>,<sos> pensiamo come dobbiamo fare per ammazzare rosalba <eos>
quàndo l'à hentìt a dì che he i vegnìa i ge copà-a töi tré,e aveva sentito dire che se fossero venuti li avrebbero ammazzati tutti e tre,<sos> quàndo l'à hentìt a dì che he i vegnìa i ge copà-a töi tré <eos>,<sos> e aveva sentito dire che se fossero venuti li avrebbero ammazzati tutti e tre <eos>
— 'é 'n gió con mé jó 'n cantìnå che,— vieni con me in cantina,<sos> 'é 'n gió con mé jó 'n cantìnå che <eos>,<sos> vieni con me in cantina <eos>
— 'ndì fò,— andate,<sos> 'ndì fò <eos>,<sos> andate <eos>
de 'sta piànta,dall'albero,<sos> de 'sta piànta <eos>,<sos> dall'albero <eos>
l'esculta nigü,lui non ascolta nessuno,<sos> l'esculta nigü <eos>,<sos> lui non ascolta nessuno <eos>
lé la gh'à de daga,dovrà dare,<sos> lé la gh'à de daga <eos>,<sos> dovrà dare <eos>
lès sö chèla lètra ché che l'ederé chèl che gh'ó —,leggi questa lettera e capirai cos'ho —,<sos> lès sö chèla lètra ché che l'ederé chèl che gh'ó <eos>,<sos> leggi questa lettera e capirai cos'ho <eos>
però nóter adès,però adesso,<sos> però nóter adès <eos>,<sos> però adesso <eos>
pòta Śgioanì l'è dét in de pansa,Giovannino è nella pancia,<sos> pòta śgioanì l'è dét in de pansa <eos>,<sos> giovannino è nella pancia <eos>
dèla mèrce,della merce,<sos> dèla mèrce <eos>,<sos> della merce <eos>
al harèh pahàt vergü a halvàm,sarebbe passato qualcuno a salvarmi,<sos> al harèh pahàt vergü a halvàm <eos>,<sos> sarebbe passato qualcuno a salvarmi <eos>
e la ghe dìs:,lei gli domanda:,<sos> e la ghe dìs <eos>,<sos> lei gli domanda <eos>
— nò — 'l dìs — 'ó sö!,"— no, salgo!",<sos> nò 'l dìs 'ó sö ! <eos>,"<sos> no , salgo ! <eos>"
e però i h'érå metìc en có de füśge,ma si erano messi in testa di fuggire,<sos> e però i h'érå metìc en có de füśge <eos>,<sos> ma si erano messi in testa di fuggire <eos>
e gliùrå lü l'è stàt egliò,allora è rimasto lì,<sos> e gliùrå lü l'è stàt egliò <eos>,<sos> allora è rimasto lì <eos>
Piéro,Pietro,<sos> piéro <eos>,<sos> pietro <eos>
dòpo l'è 'gnìt e cà,poi è tornato a casa,<sos> dòpo l'è 'gnìt e cà <eos>,<sos> poi è tornato a casa <eos>
e quàndo 'l rìa amò 'n chèl pòht al fà:,quando arriva là dice:,<sos> e quàndo 'l rìa amò 'n chèl pòht al fà <eos>,<sos> quando arriva là dice <eos>
só pròpe Barba-di-tórdo rè,sono proprio Barba-di-tordo re,<sos> só pròpe barba-di-tórdo rè <eos>,<sos> sono proprio barba-di-tordo re <eos>
e 'stà madrìgnå 'nfati la ghe uréå mìå bé,questa matrigna non voleva bene ai figli,<sos> e 'stà madrìgnå 'nfati la ghe uréå mìå bé <eos>,<sos> questa matrigna non voleva bene ai figli <eos>
"ma pàr che prima te gh'ìet dù bastimènc, adès te ghe n'é quater... —","prima avevi due bastimenti, adesso ne hai quattro... —","<sos> ma pàr che prima te gh'ìet dù bastimènc , adès te ghe n'é quater . . . <eos>","<sos> prima avevi due bastimenti , adesso ne hai quattro . . . <eos>"
e che nigü,e chi nessuno,<sos> e che nigü <eos>,<sos> e chi nessuno <eos>
gh'è che l'acqua e töt ché —,qui c'è l'acqua —,<sos> gh'è che l'acqua e töt ché <eos>,<sos> qui c'è l'acqua <eos>
tö fò 'hta pignata,prende la pentola,<sos> tö fò 'hta pignata <eos>,<sos> prende la pentola <eos>
l'è inùtil!,è inutile!,<sos> l'è inùtil ! <eos>,<sos> è inutile ! <eos>
pòtå ch'öt che 'm ge dàe e hà chè?,ma cosa vuoi che faccia?,<sos> pòtå ch'öt che 'm ge dàe e hà chè ? <eos>,<sos> ma cosa vuoi che faccia ? <eos>
'n tómba,in una tomba,<sos> 'n tómba <eos>,<sos> in una tomba <eos>
pòtå 'l rìå,vengono,<sos> pòtå 'l rìå <eos>,<sos> vengono <eos>
e 'l dìs: « farài pò che ünà prufes-ciù jó ché hót? »,« ma cosa farà una processione qui? »,<sos> e 'l dìs farài pò che ünà prufes-ciù jó ché hót ? <eos>,<sos> ma cosa farà una processione qui ? <eos>
alura lé la fà:,allora ha pensato:,<sos> alura lé la fà <eos>,<sos> allora ha pensato <eos>
e lé la h'è 'nquaciàda śó 'n banda ala strada,lei si è accovacciata in parte alla strada,<sos> e lé la h'è 'nquaciàda śó 'n banda ala strada <eos>,<sos> lei si è accovacciata in parte alla strada <eos>
e bàstå l'è finìdå »,e cosi è finita »,<sos> e bàstå l'è finìdå <eos>,<sos> e cosi è finita <eos>
té ta gh'é de ri-à al pehì!,tu devi arrivare dal pesciolino!,<sos> té ta gh'é de ri-à al pehì ! <eos>,<sos> tu devi arrivare dal pesciolino ! <eos>
quàndo che lü l'érå,quando lui era,<sos> quàndo che lü l'érå <eos>,<sos> quando lui era <eos>
'm pöl mantegnila,e possiamo mantenerla,<sos> 'm pöl mantegnila <eos>,<sos> e possiamo mantenerla <eos>
ma grànt!,tanto grande,<sos> ma grànt ! <eos>,<sos> tanto grande <eos>
perchè di-enterèh mìa öna principèha,perché non diventare una principessa,<sos> perchè di-enterèh mìa öna principèha <eos>,<sos> perché non diventare una principessa <eos>
e i à cumpràt,e hanno comprato,<sos> e i à cumpràt <eos>,<sos> e hanno comprato <eos>
e 'l gh'à dàt ùnà śgürlìdå,le ha dato uno scossone,<sos> e 'l gh'à dàt ùnà śgürlìdå <eos>,<sos> le ha dato uno scossone <eos>
per pagà la mèrce,per pagare la roba,<sos> per pagà la mèrce <eos>,<sos> per pagare la roba <eos>
me — 'l dìh — ói girà a edì he 'l mónt l'è rotónt,io voglio girare per vedere se il mondo è rotondo »,<sos> me 'l dìh ói girà a edì he 'l mónt l'è rotónt <eos>,<sos> io voglio girare per vedere se il mondo è rotondo <eos>
che maià ca l'à fàc!,ha mangiato tanto,<sos> che maià ca l'à fàc ! <eos>,<sos> ha mangiato tanto <eos>
però,però,<sos> però <eos>,<sos> però <eos>
ga domanderó cóha 'l gh'à,glielo farò dire,<sos> ga domanderó cóha 'l gh'à <eos>,<sos> glielo farò dire <eos>
e töta 'sta śét,e tutta la gente,<sos> e töta 'sta śét <eos>,<sos> e tutta la gente <eos>
ga conségna la lètra al rè,consegna la lettera al re,<sos> ga conségna la lètra al rè <eos>,<sos> consegna la lettera al re <eos>
magher,magri,<sos> magher <eos>,<sos> magri <eos>
regordéf,ricordatevi,<sos> regordéf <eos>,<sos> ricordatevi <eos>
e hervìlå,a servirla,<sos> e hervìlå <eos>,<sos> a servirla <eos>
"am ta tignerà bé, to 'dderé —","ti terremo bene, vedrai —","<sos> am ta tignerà bé , to 'dderé <eos>","<sos> ti terremo bene , vedrai <eos>"
ciàma amò chèl pehulì,a chiamare ancora quel pesciolino,<sos> ciàma amò chèl pehulì <eos>,<sos> a chiamare ancora quel pesciolino <eos>
la gh'éra öna pórå,aveva tanta paura,<sos> la gh'éra öna pórå <eos>,<sos> aveva tanta paura <eos>
a teà 'ssé,l'ha tagliata,<sos> a teà 'ssé <eos>,<sos> l'ha tagliata <eos>
e pòtå,così,<sos> e pòtå <eos>,<sos> così <eos>
alméno — 'l dìs — àrdå mé te tégne ontérå,ti tengo volentieri,<sos> alméno 'l dìs àrdå mé te tégne ontérå <eos>,<sos> ti tengo volentieri <eos>
cumincia a 'gnìm a' hògn,mi sta venendo sonno,<sos> cumincia a 'gnìm a' hògn <eos>,<sos> mi sta venendo sonno <eos>
e dopo,poi,<sos> e dopo <eos>,<sos> poi <eos>
i h'è portài söl purtù,s'è messo sul portone,<sos> i h'è portài söl purtù <eos>,<sos> s'è messo sul portone <eos>
"lù i vülìa accertàh, i è 'ndài fò 'n del hò post","loro volevano accertarsi, sono andati in quel posto","<sos> lù i vülìa accertàh , i è 'ndài fò 'n del hò post <eos>","<sos> loro volevano accertarsi , sono andati in quel posto <eos>"
gh'ìs de uśà tàt?,cosa avete da gridare tanto?,<sos> gh'ìs de uśà tàt ? <eos>,<sos> cosa avete da gridare tanto ? <eos>
biśugnà-å che la 'l tignìs,doveva tenere quel marito,<sos> biśugnà-å che la 'l tignìs <eos>,<sos> doveva tenere quel marito <eos>
"'ndóm, envéntele mìå tüte",non inventarle tutte,"<sos> 'ndóm , envéntele mìå tüte <eos>",<sos> non inventarle tutte <eos>
ol Prìncipe-d'amùr!,il Principe-d'amore!,<sos> ol prìncipe-d'amùr ! <eos>,<sos> il principe-d'amore ! <eos>
e i à tiràt tànt,e tanto hanno tirato,<sos> e i à tiràt tànt <eos>,<sos> e tanto hanno tirato <eos>
hübit —,subito —,<sos> hübit <eos>,<sos> subito <eos>
lü e tüt ol sò cortéo fùnebre gliò,con il corteo funebre,<sos> lü e tüt ol sò cortéo fùnebre gliò <eos>,<sos> con il corteo funebre <eos>
i vülìa che l'indès sö śgiü,volevano che ne salisse uno al trono,<sos> i vülìa che l'indès sö śgiü <eos>,<sos> volevano che ne salisse uno al trono <eos>
e difati lü l'è 'ndàt em pò 'n sö tànt,lui ha fatto un po' di strada,<sos> e difati lü l'è 'ndàt em pò 'n sö tànt <eos>,<sos> lui ha fatto un po' di strada <eos>
che nóter åm 'gnirà con vóter,noi vi seguiremo,<sos> che nóter åm 'gnirà con vóter <eos>,<sos> noi vi seguiremo <eos>
— eéh óter ha gh'ì anche 'l vì,— se avete del vino,<sos> eéh óter ha gh'ì anche 'l vì <eos>,<sos> se avete del vino <eos>
mé ta pórte ala mé cà,ti porterò a casa mia,<sos> mé ta pórte ala mé cà <eos>,<sos> ti porterò a casa mia <eos>
« potà — 'l dìh — ma prima — 'l dìh —,« prima,<sos> potà 'l dìh ma prima 'l dìh <eos>,<sos> prima <eos>
la nùs la urìå mìå rumpìlå,non voleva rompere la noce,<sos> la nùs la urìå mìå rumpìlå <eos>,<sos> non voleva rompere la noce <eos>
e l'è hcapàt,ed è scappato,<sos> e l'è hcapàt <eos>,<sos> ed è scappato <eos>
màh! —,mah! —,<sos> màh ! <eos>,<sos> mah ! <eos>
che la tò fómna,che la tua donna,<sos> che la tò fómna <eos>,<sos> che la tua donna <eos>
— ah sé? — 'l dìh —,— ah si?,<sos> ah sé ? 'l dìh <eos>,<sos> ah si ? <eos>
e lé la ga dìs:,e lei le dice:,<sos> e lé la ga dìs <eos>,<sos> e lei le dice <eos>
e la stória l'è finìdå,e la storia è finita,<sos> e la stória l'è finìdå <eos>,<sos> e la storia è finita <eos>
— ma dài póteglio fò ai cà,— portala ai cani,<sos> ma dài póteglio fò ai cà <eos>,<sos> portala ai cani <eos>
— ma éå — l'à dit —,— ma lei — ha detto —,<sos> ma éå l'à dit <eos>,<sos> ma lei ha detto <eos>
fina che,finché,<sos> fina che <eos>,<sos> finché <eos>
li à mìå püdìt capì,e non hanno potuto capire,<sos> li à mìå püdìt capì <eos>,<sos> e non hanno potuto capire <eos>
che la gh'ira pà a' lé,c'era anche quella,<sos> che la gh'ira pà a' lé <eos>,<sos> c'era anche quella <eos>
le ha turbulà-a,turbinavano,<sos> le ha turbulà-a <eos>,<sos> turbinavano <eos>
gliùrå la matìnå l'à töt sö e pò l'è partìdå,allora al mattino se n'è andata,<sos> gliùrå la matìnå l'à töt sö e pò l'è partìdå <eos>,<sos> allora al mattino se n'è andata <eos>
nóter em na làgå 'ndà perché,noi la lasciamo andare perché,<sos> nóter em na làgå 'ndà perché <eos>,<sos> noi la lasciamo andare perché <eos>
i hò dù sòci,i suoi due soci,<sos> i hò dù sòci <eos>,<sos> i suoi due soci <eos>
al di-ènte amò ìf —,torni ancora vivo —,<sos> al di-ènte amò ìf <eos>,<sos> torni ancora vivo <eos>
e 'gliùrå,allora,<sos> e 'gliùrå <eos>,<sos> allora <eos>
tütå contétå la s'è durmentàdå,tutta contenta si è addormentata,<sos> tütå contétå la s'è durmentàdå <eos>,<sos> tutta contenta si è addormentata <eos>
perchè l'endà-å sémper,perchè lui ci andava sempre,<sos> perchè l'endà-å sémper <eos>,<sos> perchè lui ci andava sempre <eos>
a mör de fàm,a morir di fame,<sos> a mör de fàm <eos>,<sos> a morir di fame <eos>
bén atènto e faga fà i öf ela galìnå »,tutto intento a far fare le uova alla gallina »,<sos> bén atènto e faga fà i öf ela galìnå <eos>,<sos> tutto intento a far fare le uova alla gallina <eos>
ondó l'istès!,vado ugualmente!,<sos> ondó l'istès ! <eos>,<sos> vado ugualmente ! <eos>
ogliùrå Rùscå 'l s'è metìt dré a lücià,allora Rusca s'è messo a piangere,<sos> ogliùrå rùscå 'l s'è metìt dré a lücià <eos>,<sos> allora rusca s'è messo a piangere <eos>
— mah,— mah,<sos> mah <eos>,<sos> mah <eos>
perchè i vuléå cüntà i hàch de hólc,perché volevano contare i sacchi di soldi,<sos> perchè i vuléå cüntà i hàch de hólc <eos>,<sos> perché volevano contare i sacchi di soldi <eos>
hènsa iga pórå che i ma còpe »,senza aver paura di essere ammazzato »,<sos> hènsa iga pórå che i ma còpe <eos>,<sos> senza aver paura di essere ammazzato <eos>
fregaröi,i fregaròli,<sos> fregaröi <eos>,<sos> i fregaròli <eos>
fin che 'l gh'è ri-àt a ri-à hö,finché è riuscito ad arrivare lassù,<sos> fin che 'l gh'è ri-àt a ri-à hö <eos>,<sos> finché è riuscito ad arrivare lassù <eos>
alura,allora,<sos> alura <eos>,<sos> allora <eos>
e lü tüte li nòc ål ghe purtà-å regài,e lui ogni notte le portava dei regali,<sos> e lü tüte li nòc ål ghe purtà-å regài <eos>,<sos> e lui ogni notte le portava dei regali <eos>
e gliùrå,e allora,<sos> e gliùrå <eos>,<sos> e allora <eos>
ol prìm che 'l fà-a 'ndà l'éra 'l fìdech,il primo da cucinare era il fegato,<sos> ol prìm che 'l fà-a 'ndà l'éra 'l fìdech <eos>,<sos> il primo da cucinare era il fegato <eos>
cóme lü 'l l'à pustàdå 'n térå,come lui l'ha appoggiata in terra,<sos> cóme lü 'l l'à pustàdå 'n térå <eos>,<sos> come lui l'ha appoggiata in terra <eos>
e pò 'm và a cà? —,poi andiamo a casa? —,<sos> e pò 'm và a cà ? <eos>,<sos> poi andiamo a casa ? <eos>
e 'l cà e 'l hunì,il cane e il maiale,<sos> e 'l cà e 'l hunì <eos>,<sos> il cane e il maiale <eos>
l'à ülìt tö la hèrva,e avere la serva,<sos> l'à ülìt tö la hèrva <eos>,<sos> e avere la serva <eos>
"mé hó cuntét, edèh e 'ndó 'n Paradìs —","io sono contento, vado in Paradiso","<sos> mé hó cuntét , edèh e 'ndó 'n paradìs <eos>","<sos> io sono contento , vado in paradiso <eos>"
e la ghe l' purtà-å al sò òm de mangià,e la portava a suo marito,<sos> e la ghe l' purtà-å al sò òm de mangià <eos>,<sos> e la portava a suo marito <eos>
la stréå la i dà-å mìa la scù-å,la strega non dava loro la scopa,<sos> la stréå la i dà-å mìa la scù-å <eos>,<sos> la strega non dava loro la scopa <eos>
la l'à quarciàt en giü drappo d'òro,l'ha coperto con un drappo d'oro,<sos> la l'à quarciàt en giü drappo d'òro <eos>,<sos> l'ha coperto con un drappo d'oro <eos>
la mangià-a,mangiava,<sos> la mangià-a <eos>,<sos> mangiava <eos>
alura lé l'à ciapàt 'na sciàbola del sò papà,allora lei ha preso una sciabola,<sos> alura lé l'à ciapàt 'na sciàbola del sò papà <eos>,<sos> allora lei ha preso una sciabola <eos>
ada là — 'l dìh — che gh'è öna cà,guarda là — dice — che c'è una casa,<sos> ada là 'l dìh che gh'è öna cà <eos>,<sos> guarda là dice che c'è una casa <eos>
gh'éra śgió ü mago,dove c'era il mago,<sos> gh'éra śgió ü mago <eos>,<sos> dove c'era il mago <eos>
"ì 'gnirà hö, i me cuparà e i capirà po'",saliranno e ci ammazzeranno! —,"<sos> ì 'gnirà hö , i me cuparà e i capirà po' <eos>",<sos> saliranno e ci ammazzeranno ! <eos>
'sto cahadùr,quel cacciatore,<sos> 'sto cahadùr <eos>,<sos> quel cacciatore <eos>
'l gh'a ö cahtèl con giöna tur piö gran' de mé,e ha un castello con una torre più grande della mia,<sos> 'l gh'a ö cahtèl con giöna tur piö gran' de mé <eos>,<sos> e ha un castello con una torre più grande della mia <eos>
— però almeno adèh al só 'ndo te hé —,— almeno adesso so dove sei —,<sos> però almeno adèh al só 'ndo te hé <eos>,<sos> almeno adesso so dove sei <eos>
al gh'éra mìa i sólc de pagà,non aveva niente per pagare,<sos> al gh'éra mìa i sólc de pagà <eos>,<sos> non aveva niente per pagare <eos>
quàndo 'l rìa lé,quando arriva in quella pianura,<sos> quàndo 'l rìa lé <eos>,<sos> quando arriva in quella pianura <eos>
'l ghe là rumpìdå tütå tütå tütå,e gliel'ha rotta tutta,<sos> 'l ghe là rumpìdå tütå tütå tütå <eos>,<sos> e gliel'ha rotta tutta <eos>
— i m'à dìt che,— mi hanno riferito che,<sos> i m'à dìt che <eos>,<sos> mi hanno riferito che <eos>
— te 'nd,— vai,<sos> te 'nd <eos>,<sos> vai <eos>
— ah i uśéi 'esta matìnå — 'l dìs —,— stamattina gli uccelli,<sos> ah i uśéi 'esta matìnå 'l dìs <eos>,<sos> stamattina gli uccelli <eos>
hpètel trì,tre,<sos> hpètel trì <eos>,<sos> tre <eos>
— ìf mangiàt ahé?,— avete mangiato abbastanza?,<sos> ìf mangiàt ahé ? <eos>,<sos> avete mangiato abbastanza ? <eos>
che 'l 'gnìa a tö,che veniva a prendere,<sos> che 'l 'gnìa a tö <eos>,<sos> che veniva a prendere <eos>
brütå,brutta,<sos> brütå <eos>,<sos> brutta <eos>
io fui ucciso nel bosco di Sien,io fui ucciso nel bosco di Sien,<sos> io fui ucciso nel bosco di sien <eos>,<sos> io fui ucciso nel bosco di sien <eos>
e lü gliùra,e lui allora,<sos> e lü gliùra <eos>,<sos> e lui allora <eos>
lé töta contéta:,lei era tutta contenta:,<sos> lé töta contéta <eos>,<sos> lei era tutta contenta <eos>
l'à cambiàt cità,ha cambiato città,<sos> l'à cambiàt cità <eos>,<sos> ha cambiato città <eos>
e domande l'alògio,e domando alloggio,<sos> e domande l'alògio <eos>,<sos> e domando alloggio <eos>
ma 'l pehì 'l vé mìa,ma il pesciolino non arriva,<sos> ma 'l pehì 'l vé mìa <eos>,<sos> ma il pesciolino non arriva <eos>
— va range mé — 'l dìh —,— vi metto a posto io,<sos> va range mé 'l dìh <eos>,<sos> vi metto a posto io <eos>
Gh'éra ünå óltå,C'erano una volta,<sos> gh'éra ünå óltå <eos>,<sos> c'erano una volta <eos>
e 'l gh'à dìt:,quello gli ha detto:,<sos> e 'l gh'à dìt <eos>,<sos> quello gli ha detto <eos>
— éh bé',— beh,<sos> éh bé' <eos>,<sos> beh <eos>
"argótå 'nfati, só pò gnàch mé cóme i fà-å pò önå óltå",io non so neppure come facessero una volta,"<sos> argótå 'nfati , só pò gnàch mé cóme i fà-å pò önå óltå <eos>",<sos> io non so neppure come facessero una volta <eos>
la l'à cugnuhìdå che l'érå pò 'stå stréå,"l'ha riconosciuta, era quella strega",<sos> la l'à cugnuhìdå che l'érå pò 'stå stréå <eos>,"<sos> l'ha riconosciuta , era quella strega <eos>"
ghe n'éra śó puchina,ce n'era poca,<sos> ghe n'éra śó puchina <eos>,<sos> ce n'era poca <eos>
chèl mìå màt ål gi à dìt essè e chèl màt:,quello sveglio ha detto al matto:,<sos> chèl mìå màt ål gi à dìt essè e chèl màt <eos>,<sos> quello sveglio ha detto al matto <eos>
ni-ént de fà,niente da fare,<sos> ni-ént de fà <eos>,<sos> niente da fare <eos>
che l'érå restàt védof e 'l gh'éå dù tuśilì,era rimasto vedovo e aveva due figli,<sos> che l'érå restàt védof e 'l gh'éå dù tuśilì <eos>,<sos> era rimasto vedovo e aveva due figli <eos>
i và là,vanno là,<sos> i và là <eos>,<sos> vanno là <eos>
ca la ègne sö ca l'està màl! —,sta male!,<sos> ca la ègne sö ca l'està màl ! <eos>,<sos> sta male ! <eos>
la l'darvìh e 'l ghe 'é 'ncùntrå i cà,le vengono incontro dei cani,<sos> la l'darvìh e 'l ghe 'é 'ncùntrå i cà <eos>,<sos> le vengono incontro dei cani <eos>
e te öe tàt bé a tàt bé,e ti voglio tanto bene,<sos> e te öe tàt bé a tàt bé <eos>,<sos> e ti voglio tanto bene <eos>
mé gh'ó ché… —,io ho... —,<sos> mé gh'ó ché <eos>,<sos> io ho . . . <eos>
al ga dìh,dice,<sos> al ga dìh <eos>,<sos> dice <eos>
ah,ah,<sos> ah <eos>,<sos> ah <eos>
e la ghe dìh ela prìmå:,e dice alla prima:,<sos> e la ghe dìh ela prìmå <eos>,<sos> e dice alla prima <eos>
"nò nò nò, mé ga crède mìa!",non ci credo,"<sos> nò nò nò , mé ga crède mìa ! <eos>",<sos> non ci credo <eos>
mé 1'espuśe serpént basta spuśàl,io lo sposo anche serpente mi basta sposarlo,<sos> mé 1'espuśe serpént basta spuśàl <eos>,<sos> io lo sposo anche serpente mi basta sposarlo <eos>
per tré dé e per trèi nòc,per tre giorni e per tre notti,<sos> per tré dé e per trèi nòc <eos>,<sos> per tre giorni e per tre notti <eos>
ål gh'ìå tré bèi cà,aveva tre bei cani,<sos> ål gh'ìå tré bèi cà <eos>,<sos> aveva tre bei cani <eos>
"è partìc, è 'ndàc a cà",sono partiti e sono andati a casa,"<sos> è partìc , è 'ndàc a cà <eos>",<sos> sono partiti e sono andati a casa <eos>
dòpo lé de 'm pó l'è 'ndàt fò ün'ótra sò surèlå,dopo un po' un'altra sorella,<sos> dòpo lé de 'm pó l'è 'ndàt fò ün'ótra sò surèlå <eos>,<sos> dopo un po' un'altra sorella <eos>
gh'è 'gnìt encuntra la regina ca l'éra rembambida a htà lé a hpetà i hö,e la regina che s'era rimbambita restando ad aspettare i suoi parenti,<sos> gh'è 'gnìt encuntra la regina ca l'éra rembambida a htà lé a hpetà i hö <eos>,<sos> e la regina che s'era rimbambita restando ad aspettare i suoi parenti <eos>
col lensöl!,col lenzuolo!,<sos> col lensöl ! <eos>,<sos> col lenzuolo ! <eos>
— ma éå cóme gh'ì che bèl,— ma come è bello qui,<sos> ma éå cóme gh'ì che bèl <eos>,<sos> ma come è bello qui <eos>
— mé 'ndó! —,— io vado! —,<sos> mé 'ndó ! <eos>,<sos> io vado ! <eos>
perchè se te la derviré t'egniré punìdå,altrimenti verrai punita,<sos> perchè se te la derviré t'egniré punìdå <eos>,<sos> altrimenti verrai punita <eos>
"poarina a' lé, la gh'à gnè' i bràs","poveretta, non ha neppure le braccia","<sos> poarina a' lé , la gh'à gnè' i bràs <eos>","<sos> poveretta , non ha neppure le braccia <eos>"
ma la hunà-å bé,ma in modo tanto bello,<sos> ma la hunà-å bé <eos>,<sos> ma in modo tanto bello <eos>
e lü 'l cargà-a hö i héme,e lui caricava su le cime,<sos> e lü 'l cargà-a hö i héme <eos>,<sos> e lui caricava su le cime <eos>
śìch śàch,sich sàch,<sos> śìch śàch <eos>,<sos> sich sàch <eos>
— ada,— guarda,<sos> ada <eos>,<sos> guarda <eos>
'm ciaperà amò di cahine —,incontreremo ancora delle cascine —,<sos> 'm ciaperà amò di cahine <eos>,<sos> incontreremo ancora delle cascine <eos>
e gliùra 'l ha regordà-a piö cóha 'l gh'éra de diga,ma non si ricorda più cosa doveva dire,<sos> e gliùra 'l ha regordà-a piö cóha 'l gh'éra de diga <eos>,<sos> ma non si ricorda più cosa doveva dire <eos>
hòc,fuori merda!,<sos> hòc <eos>,<sos> fuori merda ! <eos>
l'à töt sö 'l sò pudèt,ha preso il falcetto,<sos> l'à töt sö 'l sò pudèt <eos>,<sos> ha preso il falcetto <eos>
a l'està màl,— sta male,<sos> a l'està màl <eos>,<sos> sta male <eos>
— 'a caru té,— cara te,<sos> 'a caru té <eos>,<sos> cara te <eos>
e la stòriå l'è finìdå,e la storia è finita,<sos> e la stòriå l'è finìdå <eos>,<sos> e la storia è finita <eos>
però àrdå che i canarì,però guarda che i canarini,<sos> però àrdå che i canarì <eos>,<sos> però guarda che i canarini <eos>
— adèh — al dìh — am và,— adesso andiamo,<sos> adèh al dìh am và <eos>,<sos> adesso andiamo <eos>
la tò fómna,la tua donna,<sos> la tò fómna <eos>,<sos> la tua donna <eos>
la spuśeró estès —,la sposerò ugualmente —,<sos> la spuśeró estès <eos>,<sos> la sposerò ugualmente <eos>
— adèh mé a 'ndà de fò cóme fói? —,— adesso come faccio a uscire? —,<sos> adèh mé a 'ndà de fò cóme fói ? <eos>,<sos> adesso come faccio a uscire ? <eos>
la stràdå,per la strada,<sos> la stràdå <eos>,<sos> per la strada <eos>
e ì camìnå,camminano,<sos> e ì camìnå <eos>,<sos> camminano <eos>
n'à bi-ìt üna butìgliå,e ha bevuto una bottiglia,<sos> n'à bi-ìt üna butìgliå <eos>,<sos> e ha bevuto una bottiglia <eos>
è 'nài déter en ne bòte,sono entrati nelle botti,<sos> è 'nài déter en ne bòte <eos>,<sos> sono entrati nelle botti <eos>
cume ün eremìtå,come un eremita,<sos> cume ün eremìtå <eos>,<sos> come un eremita <eos>
chile trèi lanterne,quelle tre lanterne,<sos> chile trèi lanterne <eos>,<sos> quelle tre lanterne <eos>
'm farà finta de pica ala porta,così fingeremo,<sos> 'm farà finta de pica ala porta <eos>,<sos> così fingeremo <eos>
chèla htàtüa lé l'éra hènt àgn che l'éra lé,che era là da cent'anni,<sos> chèla htàtüa lé l'éra hènt àgn che l'éra lé <eos>,<sos> che era là da cent'anni <eos>
— tè me dét a' chèl'ótrå càvrå,— mi dai anche l'altra capra,<sos> tè me dét a' chèl'ótrå càvrå <eos>,<sos> mi dai anche l'altra capra <eos>
e lü ål l'à übligàdå a balà,lui l'ha obbligata a ballare,<sos> e lü ål l'à übligàdå a balà <eos>,<sos> lui l'ha obbligata a ballare <eos>
« pòta cósa fói? cósa fói? »,cosa faccio? »,<sos> pòta cósa fói ? cósa fói ? <eos>,<sos> cosa faccio ? <eos>
piéna de gioielli,piena di gioielli,<sos> piéna de gioielli <eos>,<sos> piena di gioielli <eos>
e la ghe dìs:,le dice:,<sos> e la ghe dìs <eos>,<sos> le dice <eos>
l'à fàt pròpe 'l girovàgo,ha fatto proprio il girovago,<sos> l'à fàt pròpe 'l girovàgo <eos>,<sos> ha fatto proprio il girovago <eos>
te gh'è de mangiàn apénå jü,ma solo un animale,<sos> te gh'è de mangiàn apénå jü <eos>,<sos> ma solo un animale <eos>
e 'l và fò,si avvicina,<sos> e 'l và fò <eos>,<sos> si avvicina <eos>
ma ché — 'l dìh —,ma cosa — dice —,<sos> ma ché 'l dìh <eos>,<sos> ma cosa dice <eos>
ön uśelì del bóhch,un uccellino del bosco,<sos> ön uśelì del bóhch <eos>,<sos> un uccellino del bosco <eos>
l'à dìt: — gh'ó dàt de mangià e giü,ha detto: — ho dato da mangiare a uno,<sos> l'à dìt gh'ó dàt de mangià e giü <eos>,<sos> ha detto ho dato da mangiare a uno <eos>
e domà d'matina te l' diśeró —,e domani mattina te lo riferirò,<sos> e domà d'matina te l' diśeró <eos>,<sos> e domani mattina te lo riferirò <eos>
al gh'à dìt: — scùltem om pó,ha detto: — ascoltatemi un po',<sos> al gh'à dìt scùltem om pó <eos>,<sos> ha detto ascoltatemi un po' <eos>
contentù 'nsöma de 'sto,insomma era molto contento,<sos> contentù 'nsöma de 'sto <eos>,<sos> insomma era molto contento <eos>
la sérå,alla sera,<sos> la sérå <eos>,<sos> alla sera <eos>
— l'à dìt — el màncå che 'l végne,manca solo che venga,<sos> l'à dìt el màncå che 'l végne <eos>,<sos> manca solo che venga <eos>
ogliùrå,allora,<sos> ogliùrå <eos>,<sos> allora <eos>
e 'ssè l'è restàt gió,e così è rimasto laggiù,<sos> e 'ssè l'è restàt gió <eos>,<sos> e così è rimasto laggiù <eos>
fina che öna sérå,finché alla sera,<sos> fina che öna sérå <eos>,<sos> finché alla sera <eos>
'n ghe n'à ahé de jü! —,ce ne basta uno! —,<sos> 'n ghe n'à ahé de jü ! <eos>,<sos> ce ne basta uno ! <eos>
— 'à mó śó té a èt,— vai a vedere,<sos> 'à mó śó té a èt <eos>,<sos> vai a vedere <eos>
öì mangiàt! —,voglio mangiarti —,<sos> öì mangiàt ! <eos>,<sos> voglio mangiarti <eos>
tàt bèlå,così bella,<sos> tàt bèlå <eos>,<sos> così bella <eos>
e i óter i ha ardà-a 'n gir he 'l vegnìa śó 'hto omahì,gli altri si guardavano in giro per vedere se arrivava,<sos> e i óter i ha ardà-a 'n gir he 'l vegnìa śó 'hto omahì <eos>,<sos> gli altri si guardavano in giro per vedere se arrivava <eos>
la èt 'esto purtù heràt,ha visto il portone chiuso,<sos> la èt 'esto purtù heràt <eos>,<sos> ha visto il portone chiuso <eos>
e 'l fà:,e dice:,<sos> e 'l fà <eos>,<sos> e dice <eos>
quàndo ca l'è,quando,<sos> quàndo ca l'è <eos>,<sos> quando <eos>
stanòt la gi a màngiå tüte,stanotte le mangia tutte,<sos> stanòt la gi a màngiå tüte <eos>,<sos> stanotte le mangia tutte <eos>
ma piö i ó és-c,ma non li ho più visti,<sos> ma piö i ó és-c <eos>,<sos> ma non li ho più visti <eos>
i gh'ìa portàt,le han portato,<sos> i gh'ìa portàt <eos>,<sos> le han portato <eos>
e alura lü l'à dìt:,allora lui ha detto:,<sos> e alura lü l'à dìt <eos>,<sos> allora lui ha detto <eos>
pò 'm gh'à gna' i sólc,né soldi —,<sos> pò 'm gh'à gna' i sólc <eos>,<sos> né soldi <eos>
e lé al cimitéro 'l gh'éå piantàt üna röśa,là cresceva una rosa,<sos> e lé al cimitéro 'l gh'éå piantàt üna röśa <eos>,<sos> là cresceva una rosa <eos>
gliùra lü l'à fàt óter,allora lui non ha fatto altro,<sos> gliùra lü l'à fàt óter <eos>,<sos> allora lui non ha fatto altro <eos>
pòtå,pota,<sos> pòtå <eos>,<sos> pota <eos>
e la j à dìt essè:,e gli ha detto:,<sos> e la j à dìt essè <eos>,<sos> e gli ha detto <eos>
e pò l'è 'ndàdå e ède,e poi è andata a vedere,<sos> e pò l'è 'ndàdå e ède <eos>,<sos> e poi è andata a vedere <eos>
l'è — 'l dìs — che 'nsöma — 'l dìh — a töla hènsa bràh,ma insomma sposarla senza braccia,<sos> l'è 'l dìs che 'nsöma 'l dìh a töla hènsa bràh <eos>,<sos> ma insomma sposarla senza braccia <eos>
i ìa purtàt anche,avevano portato anche,<sos> i ìa purtàt anche <eos>,<sos> avevano portato anche <eos>
e ö ràm,"nel saltare il fosso, un ramo",<sos> e ö ràm <eos>,"<sos> nel saltare il fosso , un ramo <eos>"
e i éra pu-arì,ed erano poveri,<sos> e i éra pu-arì <eos>,<sos> ed erano poveri <eos>
ma ünå hérå l'érå stüf tànt,una sera era tanto stanco,<sos> ma ünå hérå l'érå stüf tànt <eos>,<sos> una sera era tanto stanco <eos>
la gh'è piö,non c'è più,<sos> la gh'è piö <eos>,<sos> non c'è più <eos>
beh,beh,<sos> beh <eos>,<sos> beh <eos>
e la bi-ìa e la balà-a e la fömà-a,"beveva, ballava e fumava",<sos> e la bi-ìa e la balà-a e la fömà-a <eos>,"<sos> beveva , ballava e fumava <eos>"
— ah — la dìs — ghe n'è ün óter amò,"— ah, c'è un'altra cosa!",<sos> ah la dìs ghe n'è ün óter amò <eos>,"<sos> ah , c'è un'altra cosa ! <eos>"
la sò ìtå,la loro vita,<sos> la sò ìtå <eos>,<sos> la loro vita <eos>
a purtàs vià 'm pó de fàm »,a togliermi un po' di fame »,<sos> a purtàs vià 'm pó de fàm <eos>,<sos> a togliermi un po' di fame <eos>
la sérå,a sera,<sos> la sérå <eos>,<sos> a sera <eos>
'l turna a 'nà de déter,è entrato,<sos> 'l turna a 'nà de déter <eos>,<sos> è entrato <eos>
chi mi paleśerà,chi mi paleserà,<sos> chi mi paleśerà <eos>,<sos> chi mi paleserà <eos>
de ü mulinér,da un mugnaio,<sos> de ü mulinér <eos>,<sos> da un mugnaio <eos>
l'è tace àgn che 'gnìe hö tüte li nòc,da tanti anni salivo tutte le notti,<sos> l'è tace àgn che 'gnìe hö tüte li nòc <eos>,<sos> da tanti anni salivo tutte le notti <eos>
dòpo lé la à ringrasiài tànt,e lei li ha tanto ringraziati,<sos> dòpo lé la à ringrasiài tànt <eos>,<sos> e lei li ha tanto ringraziati <eos>
e dìl e nihü he nò i me l' ròbå —,e non dire niente a nessuno altrimenti ce la rubano —,<sos> e dìl e nihü he nò i me l' ròbå <eos>,<sos> e non dire niente a nessuno altrimenti ce la rubano <eos>
'maśginàs — l'à dìt —,immaginatevi,<sos> 'maśginàs l'à dìt <eos>,<sos> immaginatevi <eos>
— 'à là bamba!,— ma va sciocca!,<sos> 'à là bamba ! <eos>,<sos> ma va sciocca ! <eos>
de dì che té te hé 'ssé brà-å,dicendo che saresti stata capace,<sos> de dì che té te hé 'ssé brà-å <eos>,<sos> dicendo che saresti stata capace <eos>
"— ma và, và!", — ma va!,"<sos> ma và , và ! <eos>",<sos> ma va ! <eos>
e mé gh'ó dàt de mangià,io gli ho dato da mangiare,<sos> e mé gh'ó dàt de mangià <eos>,<sos> io gli ho dato da mangiare <eos>
pòtå dunque la principèsa la s'è salvàdå,dunque la principessa si è salvata,<sos> pòtå dunque la principèsa la s'è salvàdå <eos>,<sos> dunque la principessa si è salvata <eos>
tütå érdå,verde,<sos> tütå érdå <eos>,<sos> verde <eos>
tulé sö la Bèlla-Pastórå,prendete la Bella-Pastora,<sos> tulé sö la bèlla-pastórå <eos>,<sos> prendete la bella-pastora <eos>
— hé hé égne,— certo che vengo,<sos> hé hé égne <eos>,<sos> certo che vengo <eos>
e fó haltà tüt —,butto per aria tutto —,<sos> e fó haltà tüt <eos>,<sos> butto per aria tutto <eos>
chèl tùs al laurà-å de l'ótrå dì módo che,"e il ragazzo da un'altra, così che",<sos> chèl tùs al laurà-å de l'ótrå dì módo che <eos>,"<sos> e il ragazzo da un'altra , così che <eos>"
ol perchè che 'l papà 'l parla miga,perché il papà non parla,<sos> ol perchè che 'l papà 'l parla miga <eos>,<sos> perché il papà non parla <eos>
tùrnå 'ndré!,torna indietro!,<sos> tùrnå 'ndré ! <eos>,<sos> torna indietro ! <eos>
al sò regimént,al suo reggimento,<sos> al sò regimént <eos>,<sos> al suo reggimento <eos>
e strapà 'sto gabüs,a strappare il cavolo,<sos> e strapà 'sto gabüs <eos>,<sos> a strappare il cavolo <eos>
i sarés endàc gió cól mago,poi sarebbe sprofondato dal mago,<sos> i sarés endàc gió cól mago <eos>,<sos> poi sarebbe sprofondato dal mago <eos>
am hè dà rè,siamo due re,<sos> am hè dà rè <eos>,<sos> siamo due re <eos>
e gliùra lü l'à pensàt,allora ha pensato,<sos> e gliùra lü l'à pensàt <eos>,<sos> allora ha pensato <eos>
— té ca to sé la piö èśgia,— tu che sei la più vecchia,<sos> té ca to sé la piö èśgia <eos>,<sos> tu che sei la più vecchia <eos>
ål gh'éå 'l süspèt,aveva il sospetto,<sos> ål gh'éå 'l süspèt <eos>,<sos> aveva il sospetto <eos>
dòpo la meśanòt la l'à davrìdå,dopo la mezzanotte l'ha aperta,<sos> dòpo la meśanòt la l'à davrìdå <eos>,<sos> dopo la mezzanotte l'ha aperta <eos>
pò la l'à bacia,l'ha preparata,<sos> pò la l'à bacia <eos>,<sos> l'ha preparata <eos>
e lé l'à hunàt ol sò còrno che i sunà-a lùr,ha suonato il suo corno,<sos> e lé l'à hunàt ol sò còrno che i sunà-a lùr <eos>,<sos> ha suonato il suo corno <eos>
"sémper, che 'l ghe uréå bé a 'sti dù tuśèi",voleva bene a questi due ragazzi,"<sos> sémper , che 'l ghe uréå bé a 'sti dù tuśèi <eos>",<sos> voleva bene a questi due ragazzi <eos>
üna scàtolå de didài,una scatola di ditali,<sos> üna scàtolå de didài <eos>,<sos> una scatola di ditali <eos>
'l m'à dìt che prèst i vegnerà,e che presto verranno,<sos> 'l m'à dìt che prèst i vegnerà <eos>,<sos> e che presto verranno <eos>
e 'l và a cà di hò fredèi,va a casa dai suoi fratelli,<sos> e 'l và a cà di hò fredèi <eos>,<sos> va a casa dai suoi fratelli <eos>
e pò 'l pàså sö,e s'è avviato,<sos> e pò 'l pàså sö <eos>,<sos> e s'è avviato <eos>
e là chèla fómna la ga dìh e:,la donna dice:,<sos> e là chèla fómna la ga dìh e <eos>,<sos> la donna dice <eos>
ma l'èra bèla bèla bèla,ma era molto bella,<sos> ma l'èra bèla bèla bèla <eos>,<sos> ma era molto bella <eos>
dù sciòr,con due signori,<sos> dù sciòr <eos>,<sos> con due signori <eos>
fé hito,zitta,<sos> fé hito <eos>,<sos> zitta <eos>
tüc sótå,tutti sotto,<sos> tüc sótå <eos>,<sos> tutti sotto <eos>
a gh'è i paròle màgiche — 'l dìh —,ci sono delle parole magiche,<sos> a gh'è i paròle màgiche 'l dìh <eos>,<sos> ci sono delle parole magiche <eos>
chèl dol mulì l'à ìst,e quello del mulino ha visto,<sos> chèl dol mulì l'à ìst <eos>,<sos> e quello del mulino ha visto <eos>
e 'l và e 'l và,vanno e vanno,<sos> e 'l và e 'l và <eos>,<sos> vanno e vanno <eos>
on d'ü deśért,in un deserto,<sos> on d'ü deśért <eos>,<sos> in un deserto <eos>
— ciàpa,— prendi,<sos> ciàpa <eos>,<sos> prendi <eos>
perchè 'l diśéå che,perché diceva che,<sos> perchè 'l diśéå che <eos>,<sos> perché diceva che <eos>
— ol mé fradèl l'è mòrt! —,— mio fratello è morto! —,<sos> ol mé fradèl l'è mòrt ! <eos>,<sos> mio fratello è morto ! <eos>
pò 'l dèrf l'öh,poi apre l'uscio,<sos> pò 'l dèrf l'öh <eos>,<sos> poi apre l'uscio <eos>
'ndó mé! —,— vado io! —,<sos> 'ndó mé ! <eos>,<sos> vado io ! <eos>
e pìmf e pàmf!,pìmf e pùmf!,<sos> e pìmf e pàmf ! <eos>,<sos> pìmf e pùmf ! <eos>
lé la gh'à dìt:,e ha detto loro:,<sos> lé la gh'à dìt <eos>,<sos> e ha detto loro <eos>
e i ciapà-a chèi dù hölé,a prendere quei due,<sos> e i ciapà-a chèi dù hölé <eos>,<sos> a prendere quei due <eos>
'l turna 'ndré 'm pó mortificàt,torna indietro un po' mortificato,<sos> 'l turna 'ndré 'm pó mortificàt <eos>,<sos> torna indietro un po' mortificato <eos>
"óter, l'è 'ndacia bé",è andata bene,"<sos> óter , l'è 'ndacia bé <eos>",<sos> è andata bene <eos>
— 'ndó a càså —,— vado a caccia —,<sos> 'ndó a càså <eos>,<sos> vado a caccia <eos>
la matìnå,al mattino,<sos> la matìnå <eos>,<sos> al mattino <eos>
pòtå 'l s'è dormentàt l'órco,l'orco si è addormentato,<sos> pòtå 'l s'è dormentàt l'órco <eos>,<sos> l'orco si è addormentato <eos>
i cròf i gi a becà-a höle mà perchè i ge lahà-a mìa tacàc,i corvi li beccavano sulle mani e non li lasciavano attaccati,<sos> i cròf i gi a becà-a höle mà perchè i ge lahà-a mìa tacàc <eos>,<sos> i corvi li beccavano sulle mani e non li lasciavano attaccati <eos>
tré bèstie! che tace cavalièri,delle bestie!,<sos> tré bèstie ! che tace cavalièri <eos>,<sos> delle bestie ! <eos>
gliùra,allora,<sos> gliùra <eos>,<sos> allora <eos>
i dìh: — òh-ci 'l ha regórda piö!,— non si ricorda più,<sos> i dìh òh-ci 'l ha regórda piö ! <eos>,<sos> non si ricorda più <eos>
diga,e digli,<sos> diga <eos>,<sos> e digli <eos>
e lü lé hóta,e lui lì sotto,<sos> e lü lé hóta <eos>,<sos> e lui lì sotto <eos>
ö vaśetì d'arśènt,un vasettino d'argento,<sos> ö vaśetì d'arśènt <eos>,<sos> un vasettino d'argento <eos>
'maginàs! öe fà sö gna' d'li cünte!,non sto neanche a raccontarvelo!,<sos> 'maginàs ! öe fà sö gna' d'li cünte ! <eos>,<sos> non sto neanche a raccontarvelo ! <eos>
"la gìrå, la gìrå, la rigìrå",gira e rigira,"<sos> la gìrå , la gìrå , la rigìrå <eos>",<sos> gira e rigira <eos>
n'ó mài ìst nigü a turnà 'ndré,ma non ho mai visto nessuno tornare indietro,<sos> n'ó mài ìst nigü a turnà 'ndré <eos>,<sos> ma non ho mai visto nessuno tornare indietro <eos>
l'à purtàt già i hólc,ha rubato i soldi,<sos> l'à purtàt già i hólc <eos>,<sos> ha rubato i soldi <eos>
'n fónt ala scala,in fondo alle scale,<sos> 'n fónt ala scala <eos>,<sos> in fondo alle scale <eos>
pròpe credèndo che i füdés mórc,credendo davvero che fossero morti,<sos> pròpe credèndo che i füdés mórc <eos>,<sos> credendo davvero che fossero morti <eos>
pòtå lé la s'è metìda dré a lücià:,lei è scoppiata in lacrime:,<sos> pòtå lé la s'è metìda dré a lücià <eos>,<sos> lei è scoppiata in lacrime <eos>
ah lü,lui,<sos> ah lü <eos>,<sos> lui <eos>
dòpo:,poi:,<sos> dòpo <eos>,<sos> poi <eos>
e i pólis »,e i cardini »,<sos> e i pólis <eos>,<sos> e i cardini <eos>
té 'é che al mé pòht — al dìh —,vieni qui al mio posto,<sos> té 'é che al mé pòht al dìh <eos>,<sos> vieni qui al mio posto <eos>
gliò i à mangiàt,là hanno mangiato,<sos> gliò i à mangiàt <eos>,<sos> là hanno mangiato <eos>
e i m'à lasàt de fàt de fàt,e mi hanno lasciato a becco asciutto,<sos> e i m'à lasàt de fàt de fàt <eos>,<sos> e mi hanno lasciato a becco asciutto <eos>
'l gh'à mài respundìt,non ha mai risposto,<sos> 'l gh'à mài respundìt <eos>,<sos> non ha mai risposto <eos>
i gh'à cüntat sö la stória,hanno raccontato la loro storia,<sos> i gh'à cüntat sö la stória <eos>,<sos> hanno raccontato la loro storia <eos>
— dumà de matìnå te 'ndé jó e tènde li galine,— domani mattina andrai a badare alle galline,<sos> dumà de matìnå te 'ndé jó e tènde li galine <eos>,<sos> domani mattina andrai a badare alle galline <eos>
— ada la mé fómna l'è htöfa de fà hùle la sciùra,— guarda che la mia donna è stanca di fare solo la signora,<sos> ada la mé fómna l'è htöfa de fà hùle la sciùra <eos>,<sos> guarda che la mia donna è stanca di fare solo la signora <eos>
alura lü 'l cór hö höbet a fagla èt al rè,il servo torna subito a farlo vedere al re,<sos> alura lü 'l cór hö höbet a fagla èt al rè <eos>,<sos> il servo torna subito a farlo vedere al re <eos>
— tìres dré la pórtå —,— tirati dietro la porta! —,<sos> tìres dré la pórtå <eos>,<sos> tirati dietro la porta ! <eos>
tàt bèlå,ma così bella,<sos> tàt bèlå <eos>,<sos> ma così bella <eos>
che i g'éå fàt 'gnì granc,che li avevano cresciuti,<sos> che i g'éå fàt 'gnì granc <eos>,<sos> che li avevano cresciuti <eos>
e gliùra chi là i ga dìh:,allora gli chiedono:,<sos> e gliùra chi là i ga dìh <eos>,<sos> allora gli chiedono <eos>
— eéh potà,— eh pota,<sos> eéh potà <eos>,<sos> eh pota <eos>
e töc i gh'à fài festa,e tutti gli hanno fatto festa,<sos> e töc i gh'à fài festa <eos>,<sos> e tutti gli hanno fatto festa <eos>
"ål fàe 'stå próå, dòpo t'ediré","faccia questa prova, poi vedrai","<sos> ål fàe 'stå próå , dòpo t'ediré <eos>","<sos> faccia questa prova , poi vedrai <eos>"
mé só al'Inféren,io sono all'inferno,<sos> mé só al'inféren <eos>,<sos> io sono all'inferno <eos>
a meśanòt on punto,a mezzanotte in punto,<sos> a meśanòt on punto <eos>,<sos> a mezzanotte in punto <eos>
e lü 'l gh'à dìt: — sé,il re ha detto: — sì,<sos> e lü 'l gh'à dìt sé <eos>,<sos> il re ha detto sì <eos>
con chèl che gh'è déter —,con quello che c'è dentro —,<sos> con chèl che gh'è déter <eos>,<sos> con quello che c'è dentro <eos>
dòpo óter finìt la guéra,finita la guerra,<sos> dòpo óter finìt la guéra <eos>,<sos> finita la guerra <eos>
e chèl óter l'érå höl pùt,e l'altro era sul ponte,<sos> e chèl óter l'érå höl pùt <eos>,<sos> e l'altro era sul ponte <eos>
felice,felice,<sos> felice <eos>,<sos> felice <eos>
te còpet ol tò tùs,amazza tuo figlio,<sos> te còpet ol tò tùs <eos>,<sos> amazza tuo figlio <eos>
e la h'è metida dré per ultà la hòta,e s'è messa a rivoltare il letame,<sos> e la h'è metida dré per ultà la hòta <eos>,<sos> e s'è messa a rivoltare il letame <eos>
chi mi sente,chi mi sente,<sos> chi mi sente <eos>,<sos> chi mi sente <eos>
e gliùrå la darvìs la pórtå,allora apre la porta,<sos> e gliùrå la darvìs la pórtå <eos>,<sos> allora apre la porta <eos>
e famàc ostìnch,erano affamati morti,<sos> e famàc ostìnch <eos>,<sos> erano affamati morti <eos>
ma non la godrài,ma non la godrai,<sos> ma non la godrài <eos>,<sos> ma non la godrai <eos>
ål gh'érå mìå,non c'era,<sos> ål gh'érå mìå <eos>,<sos> non c'era <eos>
l'è stàt om pó lé ma de per lü con de 'sti dù,è rimasto per un po' da solo con i due,<sos> l'è stàt om pó lé ma de per lü con de 'sti dù <eos>,<sos> è rimasto per un po' da solo con i due <eos>
ol tò òm,tuo marito,<sos> ol tò òm <eos>,<sos> tuo marito <eos>
te gh'é nigü —,non hai nessuno —,<sos> te gh'é nigü <eos>,<sos> non hai nessuno <eos>
l'à dìt esé:,dice così:,<sos> l'à dìt esé <eos>,<sos> dice così <eos>
'l se bàhå jó per bé-e,si abbassano per bere,<sos> 'l se bàhå jó per bé-e <eos>,<sos> si abbassano per bere <eos>
quàndo l'è stàt,quando è stata,<sos> quàndo l'è stàt <eos>,<sos> quando è stata <eos>
— sé,— sì,<sos> sé <eos>,<sos> sì <eos>
"« ah bé, ergü i 'gnirà ala dé »","« beh, qualcuno verrà »","<sos> ah bé , ergü i 'gnirà ala dé <eos>","<sos> beh , qualcuno verrà <eos>"
'l h'è metìt dré,ed ha cominciato,<sos> 'l h'è metìt dré <eos>,<sos> ed ha cominciato <eos>
gh'è apéne 'l papa,c'è solo il papa,<sos> gh'è apéne 'l papa <eos>,<sos> c'è solo il papa <eos>
te 'ndé,vai,<sos> te 'ndé <eos>,<sos> vai <eos>
e i vèch che gh'è lé,e hanno visto,<sos> e i vèch che gh'è lé <eos>,<sos> e hanno visto <eos>
i gi à herài dét,rinchiusi dentro,<sos> i gi à herài dét <eos>,<sos> rinchiusi dentro <eos>
— dèrvem!,— aprimi!,<sos> dèrvem ! <eos>,<sos> aprimi ! <eos>
e i gh'è ulàc al drago-dèle-sète-tèste,sono balzati addosso al drago-delle-sette-teste,<sos> e i gh'è ulàc al drago-dèle-sète-tèste <eos>,<sos> sono balzati addosso al drago-delle-sette-teste <eos>
l'à dìt essè:,si dice:,<sos> l'à dìt essè <eos>,<sos> si dice <eos>
dòpo i 'ncóntrå,poi incontrano,<sos> dòpo i 'ncóntrå <eos>,<sos> poi incontrano <eos>
perchè 'l se ciamà-à Giuanì-hénså-paürå ca 'l gh'ìå pùrå de nénte,— si chiamava Giovannino senza paura perché non aveva paura di niente —,<sos> perchè 'l se ciamà-à giuanì-hénså-paürå ca 'l gh'ìå pùrå de nénte <eos>,<sos> si chiamava giovannino senza paura perché non aveva paura di niente <eos>
to 'ndé dhó de 'sta stràda,andrai da questa strada,<sos> to 'ndé dhó de 'sta stràda <eos>,<sos> andrai da questa strada <eos>
— stremìhet mìa — l'à dìt — perchè,ma quello le ha detto: — non spaventarti perché,<sos> stremìhet mìa l'à dìt perchè <eos>,<sos> ma quello le ha detto non spaventarti perché <eos>
'm pò fò dré ela nòt,è ormai notte alta,<sos> 'm pò fò dré ela nòt <eos>,<sos> è ormai notte alta <eos>
e isé l'à fàt,così ha fatto,<sos> e isé l'à fàt <eos>,<sos> così ha fatto <eos>
e la l'à mangiàdå,e l'ha mangiata,<sos> e la l'à mangiàdå <eos>,<sos> e l'ha mangiata <eos>
— v'ó dìc prima de fà mócio,— vi ho detto prima di stare zitti,<sos> v'ó dìc prima de fà mócio <eos>,<sos> vi ho detto prima di stare zitti <eos>
pò prima de spuśàs,prima di sposarsi,<sos> pò prima de spuśàs <eos>,<sos> prima di sposarsi <eos>
speróm che mulinér al ma làhes 'nà de déter fò 'n cà,speriamo che il mugnaio ci lasci entrare in casa,<sos> speróm che mulinér al ma làhes 'nà de déter fò 'n cà <eos>,<sos> speriamo che il mugnaio ci lasci entrare in casa <eos>
— bé' åm fà 'm pó de rìs,— facciamo un po' di riso,<sos> bé' åm fà 'm pó de rìs <eos>,<sos> facciamo un po' di riso <eos>
"quàndo che l'à èst che i turnà-a 'ndré piö negü, perchè la gh'ìa pórå che turnèh endré amò ergü","quando ha visto che più nessuno tornava indietro, perché aveva paura che tornassero","<sos> quàndo che l'à èst che i turnà-a 'ndré piö negü , perchè la gh'ìa pórå che turnèh endré amò ergü <eos>","<sos> quando ha visto che più nessuno tornava indietro , perché aveva paura che tornassero <eos>"
pòtå i và hö,salgono,<sos> pòtå i và hö <eos>,<sos> salgono <eos>
lü 'l fà-a finta de durmì però,"lui faceva finta di dormire, ma",<sos> lü 'l fà-a finta de durmì però <eos>,"<sos> lui faceva finta di dormire , ma <eos>"
che cumince,così comincio,<sos> che cumince <eos>,<sos> così comincio <eos>
e domàndega —,e domandaglielo —,<sos> e domàndega <eos>,<sos> e domandaglielo <eos>
ga hömeà-a,gli sembrava,<sos> ga hömeà-a <eos>,<sos> gli sembrava <eos>
— ma 'à śgió,— ma vai,<sos> ma 'à śgió <eos>,<sos> ma vai <eos>
jü l'érå màt,uno era matto,<sos> jü l'érå màt <eos>,<sos> uno era matto <eos>
sèt có,sette teste,<sos> sèt có <eos>,<sos> sette teste <eos>
'l l'à pustàdå hùrå 'l tàol,sul tavolo,<sos> 'l l'à pustàdå hùrå 'l tàol <eos>,<sos> sul tavolo <eos>
ta rumpiré 'stå nùs chilò che mé ta aidaró —,la romperai e io ti aiuterò —,<sos> ta rumpiré 'stå nùs chilò che mé ta aidaró <eos>,<sos> la romperai e io ti aiuterò <eos>
pòtå e ü bèl dé,un bel giorno,<sos> pòtå e ü bèl dé <eos>,<sos> un bel giorno <eos>
però sté eténc nèh,però state ben attenti,<sos> però sté eténc nèh <eos>,<sos> però state ben attenti <eos>
e 'ssè l'è stàdå a' per chile di didài,così è successo anche con quelle dei ditali,<sos> e 'ssè l'è stàdå a' per chile di didài <eos>,<sos> così è successo anche con quelle dei ditali <eos>
l'à dìt: — adès,ha detto: — adesso,<sos> l'à dìt adès <eos>,<sos> ha detto adesso <eos>
— mama! —,— mamma! —,<sos> mama ! <eos>,<sos> mamma ! <eos>
te l' diśe mìå söbit,non te lo dico subito,<sos> te l' diśe mìå söbit <eos>,<sos> non te lo dico subito <eos>
tüte li àigue,tutte le acque,<sos> tüte li àigue <eos>,<sos> tutte le acque <eos>
— ah nóter,— ah noi,<sos> ah nóter <eos>,<sos> ah noi <eos>
ma prima da daglo la gh'ìa dìc:,ma prima le aveva detto:,<sos> ma prima da daglo la gh'ìa dìc <eos>,<sos> ma prima le aveva detto <eos>
lü l'è stàt om pó 'ndré,si è messo un po' lontano,<sos> lü l'è stàt om pó 'ndré <eos>,<sos> si è messo un po' lontano <eos>
i rìå,arrivano,<sos> i rìå <eos>,<sos> arrivano <eos>
tratignìdå d'üna èśgiå stréga,prigioniera di una vecchia strega,<sos> tratignìdå d'üna èśgiå stréga <eos>,<sos> prigioniera di una vecchia strega <eos>
e gliùra poarì töt contét,allora il poveretto tutto contento,<sos> e gliùra poarì töt contét <eos>,<sos> allora il poveretto tutto contento <eos>
e lùr è restàc,e quelli sono rimasti,<sos> e lùr è restàc <eos>,<sos> e quelli sono rimasti <eos>
finalmènte,finalmente,<sos> finalmènte <eos>,<sos> finalmente <eos>
pòtå quàndo che i à üde traspurtade tüte 'n dóla stàlå,e le hanno trasportate tutte nella stalla,<sos> pòtå quàndo che i à üde traspurtade tüte 'n dóla stàlå <eos>,<sos> e le hanno trasportate tutte nella stalla <eos>
— ma 'm sè sémper 'gnìc a töi mórc nóter la śét ché...,— noi siamo sempre venuti a prendere dei morti qua...,<sos> ma 'm sè sémper 'gnìc a töi mórc nóter la śét ché . . . <eos>,<sos> noi siamo sempre venuti a prendere dei morti qua . . . <eos>
'l fà haltà 'l furen,butta per aria il forno,<sos> 'l fà haltà 'l furen <eos>,<sos> butta per aria il forno <eos>
quàndo 'l laha śó la barca,quando lascia la barca,<sos> quàndo 'l laha śó la barca <eos>,<sos> quando lascia la barca <eos>
e lü 'sto tuśilì l'è restàt tré lé durmét,e questo bambino è rimasto lì dietro addormentato,<sos> e lü 'sto tuśilì l'è restàt tré lé durmét <eos>,<sos> e questo bambino è rimasto lì dietro addormentato <eos>
e l'arés,e avrebbe,<sos> e l'arés <eos>,<sos> e avrebbe <eos>
e i à sintìt che sö 'n d'ünà muntàgnå,hanno sentito che in una montagna,<sos> e i à sintìt che sö 'n d'ünà muntàgnå <eos>,<sos> hanno sentito che in una montagna <eos>
gh'ó mìa tàt a möre,fra poco morirò,<sos> gh'ó mìa tàt a möre <eos>,<sos> fra poco morirò <eos>
i l'à 'mmanetàt,ammanettato,<sos> i l'à 'mmanetàt <eos>,<sos> ammanettato <eos>
prèst,presto,<sos> prèst <eos>,<sos> presto <eos>
la pensà-a nol sò có:,pensava tra sé:,<sos> la pensà-a nol sò có <eos>,<sos> pensava tra sé <eos>
— eéh,— eh,<sos> eéh <eos>,<sos> eh <eos>
l'à riśgetàt l'incantéśim,ha rigettato l'incantesimo,<sos> l'à riśgetàt l'incantéśim <eos>,<sos> ha rigettato l'incantesimo <eos>
tüc che te tirarà,ti tireranno,<sos> tüc che te tirarà <eos>,<sos> ti tireranno <eos>
i l' ciàmå « 'l drago-dèle-sètte-tèste »,lo chiamano il « drago-delle-sette-teste »,<sos> i l' ciàmå 'l drago-dèle-sètte-tèste <eos>,<sos> lo chiamano il drago-delle-sette-teste <eos>
natürài,naturali,<sos> natürài <eos>,<sos> naturali <eos>
e lü 'l ghe respónt:,lui le risponde:,<sos> e lü 'l ghe respónt <eos>,<sos> lui le risponde <eos>
pò dòpo lü 'l gh'à dìt piö ni-ént,e il serpente non ha detto più niente,<sos> pò dòpo lü 'l gh'à dìt piö ni-ént <eos>,<sos> e il serpente non ha detto più niente <eos>
e śg'è viaśgiàc,e son partiti,<sos> e śg'è viaśgiàc <eos>,<sos> e son partiti <eos>
l'è ri-àt sö ala pòrta d'la sò mama,arrivato alla porta della mamma delle ragazze,<sos> l'è ri-àt sö ala pòrta d'la sò mama <eos>,<sos> arrivato alla porta della mamma delle ragazze <eos>
se te me respóndet « la mòrte »,se mi risponderai « la morte »,<sos> se te me respóndet la mòrte <eos>,<sos> se mi risponderai la morte <eos>
pò l'è 'ndàt a hercà amò la hò ègia barca,ha cercato ancora la sua vecchia barca,<sos> pò l'è 'ndàt a hercà amò la hò ègia barca <eos>,<sos> ha cercato ancora la sua vecchia barca <eos>
de tüt ol pais,di tutto il paese,<sos> de tüt ol pais <eos>,<sos> di tutto il paese <eos>
é óter,e altro,<sos> é óter <eos>,<sos> e altro <eos>
ma àrdå de ciapà pü tànt che te pö perchè,ma cerca di guadagnare più che puoi perché,<sos> ma àrdå de ciapà pü tànt che te pö perchè <eos>,<sos> ma cerca di guadagnare più che puoi perché <eos>
— éh ma té,il matto dice:,<sos> éh ma té <eos>,<sos> il matto dice <eos>
l'érå tüt cuntét,era tutto contento,<sos> l'érå tüt cuntét <eos>,<sos> era tutto contento <eos>
la gh'è pasàdå,ha battuto,<sos> la gh'è pasàdå <eos>,<sos> ha battuto <eos>
tré sedèi,tre secchi,<sos> tré sedèi <eos>,<sos> tre secchi <eos>
i vülìa mìa ch'i 'nèh a-ànte,non volevano che andassero avanti,<sos> i vülìa mìa ch'i 'nèh a-ànte <eos>,<sos> non volevano che andassero avanti <eos>
e lü l' gh'éå üna galìnå,aveva una gallina,<sos> e lü l' gh'éå üna galìnå <eos>,<sos> aveva una gallina <eos>
a dìgå,a dirgli,<sos> a dìgå <eos>,<sos> a dirgli <eos>
égne a' con vóter,vengo con voi,<sos> égne a' con vóter <eos>,<sos> vengo con voi <eos>
perchè la prima nòtte di matrimonio,perché la prima notte di matrimonio,<sos> perchè la prima nòtte di matrimonio <eos>,<sos> perché la prima notte di matrimonio <eos>
"hénså didàl, i gh'éå tüc i dìc che 'ndà-å e hànch","senza ditale, avevano tutte le dita che andavano a sangue","<sos> hénså didàl , i gh'éå tüc i dìc che 'ndà-å e hànch <eos>","<sos> senza ditale , avevano tutte le dita che andavano a sangue <eos>"
e l'óter,e l'altro,<sos> e l'óter <eos>,<sos> e l'altro <eos>
pòtå difati lé la rìå lé,infatti arriva là,<sos> pòtå difati lé la rìå lé <eos>,<sos> infatti arriva là <eos>
la dìh,dice,<sos> la dìh <eos>,<sos> dice <eos>
— scà-å ché! —,— scava qui! —,<sos> scà-å ché ! <eos>,<sos> scava qui ! <eos>
perchè mé pöde mìa mü-ìmsa,perché io non posso muovermi,<sos> perchè mé pöde mìa mü-ìmsa <eos>,<sos> perché io non posso muovermi <eos>
— và fò a töga ho la sciàbola al papà —,— vai a raccogliere la sciabola al papà —,<sos> và fò a töga ho la sciàbola al papà <eos>,<sos> vai a raccogliere la sciabola al papà <eos>
e 'l ghe manca i materàs,ma gli mancano i materassi,<sos> e 'l ghe manca i materàs <eos>,<sos> ma gli mancano i materassi <eos>
al gh'à dìt:,ha detto:,<sos> al gh'à dìt <eos>,<sos> ha detto <eos>
perchè lé la mangià-å piö con lùr,perché non mangiava più con loro,<sos> perchè lé la mangià-å piö con lùr <eos>,<sos> perché non mangiava più con loro <eos>
— té dài!,— dai!,<sos> té dài ! <eos>,<sos> dai ! <eos>
« arói pò de fà cumè mé?,« come devo fare?,<sos> arói pò de fà cumè mé ? <eos>,<sos> come devo fare ? <eos>
té ta hé bùnå de 'ndà e tö la clòhå cói pu-ì d'ór —,sei capace di andare a prendere la chioccia coi pulcini d'oro —,<sos> té ta hé bùnå de 'ndà e tö la clòhå cói pu-ì d'ór <eos>,<sos> sei capace di andare a prendere la chioccia coi pulcini d'oro <eos>
lé a 'sta fontana,alla fontana,<sos> lé a 'sta fontana <eos>,<sos> alla fontana <eos>
'n mèh ela céśå,dal centro della chiesa,<sos> 'n mèh ela céśå <eos>,<sos> dal centro della chiesa <eos>
ö dé 'l ga dìs isé ala hò Rośalba:,un giorno dice a Rosalba:,<sos> ö dé 'l ga dìs isé ala hò rośalba <eos>,<sos> un giorno dice a rosalba <eos>
tèrsa matina,la terza mattina,<sos> tèrsa matina <eos>,<sos> la terza mattina <eos>
chèl che ta ghe n'é òia,prendi quello che vuoi,<sos> chèl che ta ghe n'é òia <eos>,<sos> prendi quello che vuoi <eos>
e 'm piö,e per di più,<sos> e 'm piö <eos>,<sos> e per di più <eos>
sto a caśa mé —,resto a casa io —,<sos> sto a caśa mé <eos>,<sos> resto a casa io <eos>
— ma...,— ma...,<sos> ma . . . <eos>,<sos> ma . . . <eos>
però biśògna che gh'ésef,però dovete avere,<sos> però biśògna che gh'ésef <eos>,<sos> però dovete avere <eos>
"ü cavagliére, 'l so mìå mé — la dìs —","un cavaliere, non so","<sos> ü cavagliére , 'l so mìå mé la dìs <eos>","<sos> un cavaliere , non so <eos>"
pianśì,a piangere,<sos> pianśì <eos>,<sos> a piangere <eos>
"se 'l ma dèh l'alògio , sarès piö mèi",se ci desse alloggio sarebbe meglio,"<sos> se 'l ma dèh l'alògio , sarès piö mèi <eos>",<sos> se ci desse alloggio sarebbe meglio <eos>
la fiölå dol rè,la figlia del re,<sos> la fiölå dol rè <eos>,<sos> la figlia del re <eos>
tutto il giorno,tutto il giorno,<sos> tutto il giorno <eos>,<sos> tutto il giorno <eos>
e la fà: — cóha hìf dré a fà?,e dice: — cosa sta facendo?,<sos> e la fà cóha hìf dré a fà ? <eos>,<sos> e dice cosa sta facendo ? <eos>
che la uléå tütå chèlå ròbå lé,che voleva tutta quella roba,<sos> che la uléå tütå chèlå ròbå lé <eos>,<sos> che voleva tutta quella roba <eos>
'm farà cupa i cà e...,ammazzeremo i cani e...,<sos> 'm farà cupa i cà e . . . <eos>,<sos> ammazzeremo i cani e . . . <eos>
— ah — l'à dìt —,— ah — ha detto —,<sos> ah l'à dìt <eos>,<sos> ah ha detto <eos>
che è miga gnamò bateśàc,è che non sono ancora battezzati,<sos> che è miga gnamò bateśàc <eos>,<sos> è che non sono ancora battezzati <eos>
l'à viaśgiàt,ha viaggiato,<sos> l'à viaśgiàt <eos>,<sos> ha viaggiato <eos>
e l'è restàt piö,e non è rimasta più,<sos> e l'è restàt piö <eos>,<sos> e non è rimasta più <eos>
'tå 'l gàl,il gallo,<sos> 'tå 'l gàl <eos>,<sos> il gallo <eos>
e alura la ga dìs:,e allora dice loro:,<sos> e alura la ga dìs <eos>,<sos> e allora dice loro <eos>
l'éa fàt i hò fregaröi,lei ha fatto i fregaròli,<sos> l'éa fàt i hò fregaröi <eos>,<sos> lei ha fatto i fregaròli <eos>
al paha fò,si avvia,<sos> al paha fò <eos>,<sos> si avvia <eos>
se sènta śgió,si siede,<sos> se sènta śgió <eos>,<sos> si siede <eos>
— ölel fàn chè de dù ca-ài?,— cosa vuol fare di due cavalli?,<sos> ölel fàn chè de dù ca-ài ? <eos>,<sos> cosa vuol fare di due cavalli ? <eos>
e 'l gh'éra la sciàbola cahada śó,aveva la sciabola attaccata,<sos> e 'l gh'éra la sciàbola cahada śó <eos>,<sos> aveva la sciabola attaccata <eos>
ü papà e üna màmå e i gh'éå tance fiöi,un papà e una mamma che avevano tanti figli,<sos> ü papà e üna màmå e i gh'éå tance fiöi <eos>,<sos> un papà e una mamma che avevano tanti figli <eos>
'l s'è dehedàt fò,s'è svegliato,<sos> 'l s'è dehedàt fò <eos>,<sos> s'è svegliato <eos>
vé a rìa del màr che òi parlàt —,vieni a riva del mare che voglio parlarti —,<sos> vé a rìa del màr che òi parlàt <eos>,<sos> vieni a riva del mare che voglio parlarti <eos>
— nò,— no,<sos> nò <eos>,<sos> no <eos>
per 'nà a robà,per una rapina,<sos> per 'nà a robà <eos>,<sos> per una rapina <eos>
però l'è piö 'ndàdà on chèl pòst ogliò,però lei non è più andata in quel posto,<sos> però l'è piö 'ndàdà on chèl pòst ogliò <eos>,<sos> però lei non è più andata in quel posto <eos>
ol rè 'l fà:,e il re aggiunge:,<sos> ol rè 'l fà <eos>,<sos> e il re aggiunge <eos>
— e 'ssé Piéro,— allora Pietro,<sos> e 'ssé piéro <eos>,<sos> allora pietro <eos>
madóna che ùh! tüc i curìa:,madonna quanto gridava! tutti correvano,<sos> madóna che ùh ! tüc i curìa <eos>,<sos> madonna quanto gridava ! tutti correvano <eos>
ma là chèl là l'è 'n bolpatù amò piö èi de mé,ma che lui è un volpone ancora più vecchio di me,<sos> ma là chèl là l'è 'n bolpatù amò piö èi de mé <eos>,<sos> ma che lui è un volpone ancora più vecchio di me <eos>
picinì picinì,piccolo piccolo,<sos> picinì picinì <eos>,<sos> piccolo piccolo <eos>
intequàter regài al dé èra tance,ventiquattro regali al giorno erano tanti,<sos> intequàter regài al dé èra tance <eos>,<sos> ventiquattro regali al giorno erano tanti <eos>
ma l'è pròpe èc,ma era davvero vecchio,<sos> ma l'è pròpe èc <eos>,<sos> ma era davvero vecchio <eos>
fà 'n sö,fai cosò,<sos> fà 'n sö <eos>,<sos> fai cosò <eos>
che alméno quàndo che pahe töc i ma bàt le mà? »,che almeno quando passo tutti mi battono le mani? »,<sos> che alméno quàndo che pahe töc i ma bàt le mà ? <eos>,<sos> che almeno quando passo tutti mi battono le mani ? <eos>
e he i te l' fà mìa i òmegn i te ciàpå i cà e,"e se non ti ammazzano gli uomini, ti prendono i cani",<sos> e he i te l' fà mìa i òmegn i te ciàpå i cà e <eos>,"<sos> e se non ti ammazzano gli uomini , ti prendono i cani <eos>"
— Paulì,— Paolino,<sos> paulì <eos>,<sos> paolino <eos>
g'è ri-àc,sono arrivati,<sos> g'è ri-àc <eos>,<sos> sono arrivati <eos>
e difati 'ssè l'à fàt,e così ha fatto,<sos> e difati 'ssè l'à fàt <eos>,<sos> e così ha fatto <eos>
ål màncå 'l canarì-che-pàrlå,manca il canarino-che-parla,<sos> ål màncå 'l canarì-che-pàrlå <eos>,<sos> manca il canarino-che-parla <eos>
i à 'ste bòte che ga ucurìa,hanno visto le botti che servivano,<sos> i à 'ste bòte che ga ucurìa <eos>,<sos> hanno visto le botti che servivano <eos>
mìa de piö!,non di più,<sos> mìa de piö ! <eos>,<sos> non di più <eos>
e lü,e lui,<sos> e lü <eos>,<sos> e lui <eos>
brüt,brutto,<sos> brüt <eos>,<sos> brutto <eos>
una màmå,una mamma,<sos> una màmå <eos>,<sos> una mamma <eos>
altretanto,altrettanto,<sos> altretanto <eos>,<sos> altrettanto <eos>
e lé l'è 'ndacia gìó amó 'sta serva,la serva è andata,<sos> e lé l'è 'ndacia gìó amó 'sta serva <eos>,<sos> la serva è andata <eos>
hircherà de portàl a cà,cercherò di portarli a casa,<sos> hircherà de portàl a cà <eos>,<sos> cercherò di portarli a casa <eos>
fà lé,fai così,<sos> fà lé <eos>,<sos> fai così <eos>
"e gliùra 'l gh'è 'gnìt en mènt, l'è 'ndàt sö 'n héma",così ha pensato di andare in cima,"<sos> e gliùra 'l gh'è 'gnìt en mènt , l'è 'ndàt sö 'n héma <eos>",<sos> così ha pensato di andare in cima <eos>
Rùscå 'nvéce,Rusca invece,<sos> rùscå 'nvéce <eos>,<sos> rusca invece <eos>
— ma di chi sarà quèsto palasso cośì bèllo e lussuóśo?,— di chi sarà questo palazzo così bello e lussuoso?,<sos> ma di chi sarà quèsto palasso cośì bèllo e lussuóśo ? <eos>,<sos> di chi sarà questo palazzo così bello e lussuoso ? <eos>
ü piàt de rìs,un piatto di riso,<sos> ü piàt de rìs <eos>,<sos> un piatto di riso <eos>
ma scùltei mìå,non ascoltarli,<sos> ma scùltei mìå <eos>,<sos> non ascoltarli <eos>
töt öna fiàma!,sale tutta una fiammata!,<sos> töt öna fiàma ! <eos>,<sos> sale tutta una fiammata ! <eos>
ol htrepàh,dello strapazzo,<sos> ol htrepàh <eos>,<sos> dello strapazzo <eos>
in giü 'l va dét ol rè,in un altro il re,<sos> in giü 'l va dét ol rè <eos>,<sos> in un altro il re <eos>
— fói pò de chè mé de chi laùr lé?,— cosa ne faccio di queste cose?,<sos> fói pò de chè mé de chi laùr lé ? <eos>,<sos> cosa ne faccio di queste cose ? <eos>
h'è metida dré a mangià e bìf,s'è messa a mangiare e a bere,<sos> h'è metida dré a mangià e bìf <eos>,<sos> s'è messa a mangiare e a bere <eos>
quàndo 'l rìa là 'n de piàna 'l ha regórda piö che ca-àl che 'l gh'à de tö hö,quando arriva nella pianura non si ricorda più quale cavallo deve prendere,<sos> quàndo 'l rìa là 'n de piàna 'l ha regórda piö che ca-àl che 'l gh'à de tö hö <eos>,<sos> quando arriva nella pianura non si ricorda più quale cavallo deve prendere <eos>
a faga 'l gìr ala cà,a fare il giro della casa,<sos> a faga 'l gìr ala cà <eos>,<sos> a fare il giro della casa <eos>
fina che 'l mulinér,finché il mugnaio,<sos> fina che 'l mulinér <eos>,<sos> finché il mugnaio <eos>
ol scarpulì 'l ga dìs:,e il ciabattino gli ha detto: ,<sos> ol scarpulì 'l ga dìs <eos>,<sos> e il ciabattino gli ha detto <eos>
'n punì de pàiå,un po' di paglia in terra,<sos> 'n punì de pàiå <eos>,<sos> un po' di paglia in terra <eos>
e lùr i gh'à dìt:,loro hanno risposto:,<sos> e lùr i gh'à dìt <eos>,<sos> loro hanno risposto <eos>
per eddì chi ca ìa,per scoprire chi fosse,<sos> per eddì chi ca ìa <eos>,<sos> per scoprire chi fosse <eos>
al gh'à tràt źó la berèta,gli ha fatto cadere la berretta,<sos> al gh'à tràt źó la berèta <eos>,<sos> gli ha fatto cadere la berretta <eos>
e chèl dóli scarpe de fèr,e quello delle scarpe di ferro,<sos> e chèl dóli scarpe de fèr <eos>,<sos> e quello delle scarpe di ferro <eos>
tanto bèlli che sèmbrano angiolètti »,tanto belli che sembrano angioletti »,<sos> tanto bèlli che sèmbrano angiolètti <eos>,<sos> tanto belli che sembrano angioletti <eos>
e tàc a pasà,e tanti passare,<sos> e tàc a pasà <eos>,<sos> e tanti passare <eos>
— và hö té — 'l dìh —,— vai tu,<sos> và hö té 'l dìh <eos>,<sos> vai tu <eos>
m'è a' famàc,io sono affamato,<sos> m'è a' famàc <eos>,<sos> io sono affamato <eos>
Gh'érå üna óltå üna màmå,C'era una volta una mamma,<sos> gh'érå üna óltå üna màmå <eos>,<sos> c'era una volta una mamma <eos>
i è turnàc endré ö méter,son tornati indietro un metro,<sos> i è turnàc endré ö méter <eos>,<sos> son tornati indietro un metro <eos>
quàndo te gh'é de biśògn de mé,quando hai bisogno di me,<sos> quàndo te gh'é de biśògn de mé <eos>,<sos> quando hai bisogno di me <eos>
on d'ün'ótrå bàndå,da un'altra parte,<sos> on d'ün'ótrå bàndå <eos>,<sos> da un'altra parte <eos>
che mé l'é-e rubàdå,che avessi rubato,<sos> che mé l'é-e rubàdå <eos>,<sos> che avessi rubato <eos>
ol drago 'l se avànså,il drago avanzava,<sos> ol drago 'l se avànså <eos>,<sos> il drago avanzava <eos>
e jü l'érå 'spért,e l'altro era sveglio,<sos> e jü l'érå 'spért <eos>,<sos> e l'altro era sveglio <eos>
incredibile,incredibile,<sos> incredibile <eos>,<sos> incredibile <eos>
— pòta — 'l dìh —,— pota — dice —,<sos> pòta 'l dìh <eos>,<sos> pota dice <eos>
fina che mé só mórt,finché sarò morto,<sos> fina che mé só mórt <eos>,<sos> finché sarò morto <eos>
la sérå la rìå,alla sera arriva,<sos> la sérå la rìå <eos>,<sos> alla sera arriva <eos>
e là,e là,<sos> e là <eos>,<sos> e là <eos>
e l'à mandàt a ciamà,ha fatto chiamare,<sos> e l'à mandàt a ciamà <eos>,<sos> ha fatto chiamare <eos>
em 'narà a sercà l'alògio de ön'ótra banda —,cercheremo da un'altra parte —,<sos> em 'narà a sercà l'alògio de ön'ótra banda <eos>,<sos> cercheremo da un'altra parte <eos>
e lü 'l rè 'l gh'à dit: — sé,dal re che le ha detto: — sì,<sos> e lü 'l rè 'l gh'à dit sé <eos>,<sos> dal re che le ha detto sì <eos>
e la gh'à dàt sà ü,e gli ha portato,<sos> e la gh'à dàt sà ü <eos>,<sos> e gli ha portato <eos>
i è 'ndàc a-ànti ö töchèl,sono andati per un po',<sos> i è 'ndàc a-ànti ö töchèl <eos>,<sos> sono andati per un po' <eos>
pò ga 'é hòn,gli è venuto sonno,<sos> pò ga 'é hòn <eos>,<sos> gli è venuto sonno <eos>
— pòta hó 'ndàt el Dès,— mi sono fermato al Dezzo,<sos> pòta hó 'ndàt el dès <eos>,<sos> mi sono fermato al dezzo <eos>
mé — 'l dìh — l'ó piö èst —,io non l'ho più visto —,<sos> mé 'l dìh l'ó piö èst <eos>,<sos> io non l'ho più visto <eos>
e 'l vèt che gliò 'n mèh ela céśå 'l s'è alsàt sö ünå córnå,e vede che in mezzo alla chiesa si è sollevata una pietra,<sos> e 'l vèt che gliò 'n mèh ela céśå 'l s'è alsàt sö ünå córnå <eos>,<sos> e vede che in mezzo alla chiesa si è sollevata una pietra <eos>
ga dó tate de chèle htangade! »,gli dò tante di quelle legnate! »,<sos> ga dó tate de chèle htangade ! <eos>,<sos> gli dò tante di quelle legnate ! <eos>
e 'm gh'à che i ca-ài pròpe stöf e i völ miga fà hö la rata! —,e abbiamo i cavalli davvero stanchi non vogliono fare la salita! —,<sos> e 'm gh'à che i ca-ài pròpe stöf e i völ miga fà hö la rata ! <eos>,<sos> e abbiamo i cavalli davvero stanchi non vogliono fare la salita ! <eos>
a tene Rośalba,a badare a Rosalba,<sos> a tene rośalba <eos>,<sos> a badare a rosalba <eos>
la rónden la gh'i becà-a śó,la rondine li beccava,<sos> la rónden la gh'i becà-a śó <eos>,<sos> la rondine li beccava <eos>
e gliùrå,allora,<sos> e gliùrå <eos>,<sos> allora <eos>
tra lùr i ha consultà-a,si consultavano tra di loro,<sos> tra lùr i ha consultà-a <eos>,<sos> si consultavano tra di loro <eos>
i à ardàt,e hanno guardato,<sos> i à ardàt <eos>,<sos> e hanno guardato <eos>
lù è 'ndàc là,e lui è andato là,<sos> lù è 'ndàc là <eos>,<sos> e lui è andato là <eos>
e alura lü l'è 'nàt de déter,allora il ciabattino,<sos> e alura lü l'è 'nàt de déter <eos>,<sos> allora il ciabattino <eos>
a ü méter de distànså dèla principèsa e 'l drago,a un metro di distanza dalla principessa,<sos> a ü méter de distànså dèla principèsa e 'l drago <eos>,<sos> a un metro di distanza dalla principessa <eos>
'l pàhå fò 'n dol albèrgo,passa da un albergo,<sos> 'l pàhå fò 'n dol albèrgo <eos>,<sos> passa da un albergo <eos>
lü serpént,lui serpente,<sos> lü serpént <eos>,<sos> lui serpente <eos>
ö fiahchetì de 'ì,un fiaschette di vino,<sos> ö fiahchetì de 'ì <eos>,<sos> un fiaschette di vino <eos>
e pié de piàghe,e di piaghe,<sos> e pié de piàghe <eos>,<sos> e di piaghe <eos>
'l fà-å cünt de ì fàt bèl,pensando di aver fatto un affare,<sos> 'l fà-å cünt de ì fàt bèl <eos>,<sos> pensando di aver fatto un affare <eos>
— varde,— guardi,<sos> varde <eos>,<sos> guardi <eos>
'm punì de pà,un po' di pane,<sos> 'm punì de pà <eos>,<sos> un po' di pane <eos>
— töm dré a' mé,— portami con te,<sos> töm dré a' mé <eos>,<sos> portami con te <eos>
che lü,che lui,<sos> che lü <eos>,<sos> che lui <eos>
l'à cuminciàt,ha cominciato,<sos> l'à cuminciàt <eos>,<sos> ha cominciato <eos>
ål fà: — må che bèi faśöi,gli dice: — ma che bei fagioli! —,<sos> ål fà må che bèi faśöi <eos>,<sos> gli dice ma che bei fagioli ! <eos>
e póie e pulì,galline 'e tacchini!,<sos> e póie e pulì <eos>,<sos> galline 'e tacchini ! <eos>
'l vècio piö tànt,il vecchio di più,<sos> 'l vècio piö tànt <eos>,<sos> il vecchio di più <eos>
credèndo de partì,credendo di dover partire,<sos> credèndo de partì <eos>,<sos> credendo di dover partire <eos>
'l s'è rendìt cünt,si è reso conto,<sos> 'l s'è rendìt cünt <eos>,<sos> si è reso conto <eos>
al gh'è sö ünå bèlå palassìnå,c'è una bella palazzina,<sos> al gh'è sö ünå bèlå palassìnå <eos>,<sos> c'è una bella palazzina <eos>
e lé 'l tö hö ö brahöl de ròba,prende un po' di questa roba,<sos> e lé 'l tö hö ö brahöl de ròba <eos>,<sos> prende un po' di questa roba <eos>
— mé hó 'l rè,— io sono il re,<sos> mé hó 'l rè <eos>,<sos> io sono il re <eos>
pòtå ma dòpo l'érå mórt ol tùs,ma c'era il figlio morto,<sos> pòtå ma dòpo l'érå mórt ol tùs <eos>,<sos> ma c'era il figlio morto <eos>
— öe,— voglio,<sos> öe <eos>,<sos> voglio <eos>
lùr i ga dìs:,i ladri dicono:,<sos> lùr i ga dìs <eos>,<sos> i ladri dicono <eos>
e anche 'l tuśilì,e quello,<sos> e anche 'l tuśilì <eos>,<sos> e quello <eos>
anche per ehta ólta,anche per questa volta,<sos> anche per ehta ólta <eos>,<sos> anche per questa volta <eos>
— và bé — 'l dìh — mé te farò sciòr,"— va bene, io ti farò ricco",<sos> và bé 'l dìh mé te farò sciòr <eos>,"<sos> va bene , io ti farò ricco <eos>"
e pò lü l'è 'ndàt,e poi se n'e andato,<sos> e pò lü l'è 'ndàt <eos>,<sos> e poi se n'e andato <eos>
che 'l völ ospuśàs,che vuole sposarsi,<sos> che 'l völ ospuśàs <eos>,<sos> che vuole sposarsi <eos>
la èch ca i vé d'fò,le vede uscire,<sos> la èch ca i vé d'fò <eos>,<sos> le vede uscire <eos>
ü papà e üna màmå,un papà e una mamma,<sos> ü papà e üna màmå <eos>,<sos> un papà e una mamma <eos>
hégn che l'érå màt,era matto,<sos> hégn che l'érå màt <eos>,<sos> era matto <eos>
ål gì à dìt essè: — pòtå,quello sveglio:,<sos> ål gì à dìt essè pòtå <eos>,<sos> quello sveglio <eos>
lé la 'nguśgià-å,la sorella sferruzzava,<sos> lé la 'nguśgià-å <eos>,<sos> la sorella sferruzzava <eos>
la cuminciå:,e comincia:,<sos> la cuminciå <eos>,<sos> e comincia <eos>
öna sciuruna gràndå,una grande signora,<sos> öna sciuruna gràndå <eos>,<sos> una grande signora <eos>
e gliùra l'óter,allora,<sos> e gliùra l'óter <eos>,<sos> allora <eos>
a gara,a gara,<sos> a gara <eos>,<sos> a gara <eos>
— adès te me pórtet ché,— adesso portami,<sos> adès te me pórtet ché <eos>,<sos> adesso portami <eos>
e lé la gh'à dìt:,e lei ha detto:,<sos> e lé la gh'à dìt <eos>,<sos> e lei ha detto <eos>
l'alògio ghe l' dó miga perché,non vi dò alloggio perché,<sos> l'alògio ghe l' dó miga perché <eos>,<sos> non vi dò alloggio perché <eos>
« che hét che gh'ó!,«che sete!,<sos> che hét che gh'ó ! <eos>,<sos> che sete ! <eos>
e l'è di-entàdå öna gràn' rìccå signórå,così è diventata una gran ricca signora immaginatevi!,<sos> e l'è di-entàdå öna gràn' rìccå signórå <eos>,<sos> così è diventata una gran ricca signora immaginatevi ! <eos>
bötàt śó,strisciando,<sos> bötàt śó <eos>,<sos> strisciando <eos>
turna 'ndré,torna indietro,<sos> turna 'ndré <eos>,<sos> torna indietro <eos>
e 'l ga domanda h'i gh'à l'alògio per chèla nòt lé e de mangià,domanda se hanno da mangiare e alloggio per quella notte,<sos> e 'l ga domanda h'i gh'à l'alògio per chèla nòt lé e de mangià <eos>,<sos> domanda se hanno da mangiare e alloggio per quella notte <eos>
màndegge 'n sö amò quàch,mandagliene ancora un po',<sos> màndegge 'n sö amò quàch <eos>,<sos> mandagliene ancora un po' <eos>
en mèh el curidùr,in mezzo alla navata,<sos> en mèh el curidùr <eos>,<sos> in mezzo alla navata <eos>
— nóter åm ve n' dà piö de mangià,— noi non vi diamo più da mangiare,<sos> nóter åm ve n' dà piö de mangià <eos>,<sos> noi non vi diamo più da mangiare <eos>
e la śét i diśìa:,e la gente diceva:,<sos> e la śét i diśìa <eos>,<sos> e la gente diceva <eos>
ma tanto lü,ma ormai lui,<sos> ma tanto lü <eos>,<sos> ma ormai lui <eos>
— però,— però,<sos> però <eos>,<sos> però <eos>
i gi à brüśài töi quaranta,li hanno bruciati tutti e quaranta,<sos> i gi à brüśài töi quaranta <eos>,<sos> li hanno bruciati tutti e quaranta <eos>
le mà i éra 'gnide ö falì piö delicade èh,e le mani si erano fatte un po' delicate,<sos> le mà i éra 'gnide ö falì piö delicade èh <eos>,<sos> e le mani si erano fatte un po' delicate <eos>
nel ri-à de là ta gh'é de uśà tré ólte,"arrivando di là, dovrai gridare tre volte",<sos> nel ri-à de là ta gh'é de uśà tré ólte <eos>,"<sos> arrivando di là , dovrai gridare tre volte <eos>"
henonchè,senonché,<sos> henonchè <eos>,<sos> senonché <eos>
ma gh'érå amò ünå capànnå de müscol,e c'era ancora una capanna di muschio,<sos> ma gh'érå amò ünå capànnå de müscol <eos>,<sos> e c'era ancora una capanna di muschio <eos>
spetàt rispòsta e l'è 'nada,neppure aspettato la risposta,<sos> spetàt rispòsta e l'è 'nada <eos>,<sos> neppure aspettato la risposta <eos>
mè che möre:,devo morire,<sos> mè che möre <eos>,<sos> devo morire <eos>
— bröt àśen che ta hé,— brutto asino che sei,<sos> bröt àśen che ta hé <eos>,<sos> brutto asino che sei <eos>
'n quàch cà,o in qualche casa,<sos> 'n quàch cà <eos>,<sos> o in qualche casa <eos>
e i gh'à dìt:,ma loro han detto:,<sos> e i gh'à dìt <eos>,<sos> ma loro han detto <eos>
la śgira la cà,e dall'altra,<sos> la śgira la cà <eos>,<sos> e dall'altra <eos>
nò' 'm ghe l' dìs mìå —,noi non lo diremo —,<sos> nò' 'm ghe l' dìs mìå <eos>,<sos> noi non lo diremo <eos>
ün óter sedèl,un altro,<sos> ün óter sedèl <eos>,<sos> un altro <eos>
la hò fómna la fà öna fèsta!,la sua donna gli fa una festa!,<sos> la hò fómna la fà öna fèsta ! <eos>,<sos> la sua donna gli fa una festa ! <eos>
— và bé' — 'l dìs — bàstå 'ssè,"— va bene, basta così",<sos> và bé' 'l dìs bàstå 'ssè <eos>,"<sos> va bene , basta così <eos>"
col có pelàt,con la testa pelata,<sos> col có pelàt <eos>,<sos> con la testa pelata <eos>
e 'l turna 'ndré de ónda,e torna indietro di corsa,<sos> e 'l turna 'ndré de ónda <eos>,<sos> e torna indietro di corsa <eos>
ogliùrå i n'à töt sö giü per ü lùr,così loro ne han tirato su uno ciascuno,<sos> ogliùrå i n'à töt sö giü per ü lùr <eos>,<sos> così loro ne han tirato su uno ciascuno <eos>
cóla bàrbå,con la barba,<sos> cóla bàrbå <eos>,<sos> con la barba <eos>
potà e lü 'l và là,pota lui va là,<sos> potà e lü 'l và là <eos>,<sos> pota lui va là <eos>
dét en da stansa cóla surèlå,nella stanza con la sorella,<sos> dét en da stansa cóla surèlå <eos>,<sos> nella stanza con la sorella <eos>
sé èh Divìn Maèstro! —,sì Divin Maestro!,<sos> sé èh divìn maèstro ! <eos>,<sos> sì divin maestro ! <eos>
ö póer òm,un poveruomo,<sos> ö póer òm <eos>,<sos> un poveruomo <eos>
prìmå i gh'à purtàt ol gabüh ela màmå,prima han portato il cavolo alla mamma,<sos> prìmå i gh'à purtàt ol gabüh ela màmå <eos>,<sos> prima han portato il cavolo alla mamma <eos>
mé hó ön òm de mólta,io sono un uomo di malta,<sos> mé hó ön òm de mólta <eos>,<sos> io sono un uomo di malta <eos>
quàndo,quando,<sos> quàndo <eos>,<sos> quando <eos>
e la fà: — agliùrå,e gli dice: — allora,<sos> e la fà agliùrå <eos>,<sos> e gli dice allora <eos>
alura,così,<sos> alura <eos>,<sos> così <eos>
la fà-a cünt de cupà 'l Rè-Serpènte,contava di ammazzare il Re-Serpente,<sos> la fà-a cünt de cupà 'l rè-serpènte <eos>,<sos> contava di ammazzare il re-serpente <eos>
à avuto dùe bambini,ha avuto due bambini,<sos> à avuto dùe bambini <eos>,<sos> ha avuto due bambini <eos>
— ciàpå chèl biànch,— prendi quello bianco,<sos> ciàpå chèl biànch <eos>,<sos> prendi quello bianco <eos>
'l go l'à dàt de bìf,gli ha dato da bere,<sos> 'l go l'à dàt de bìf <eos>,<sos> gli ha dato da bere <eos>
"a l'è 'gnìt sà ala finèstra, 'l ga dìh:",si è affacciato alla finestra dicendo:,"<sos> a l'è 'gnìt sà ala finèstra , 'l ga dìh <eos>",<sos> si è affacciato alla finestra dicendo <eos>
e l'àśen che 'l fà-å ulà pehadù depertüt,l'asino a dare calci dappertutto,<sos> e l'àśen che 'l fà-å ulà pehadù depertüt <eos>,<sos> l'asino a dare calci dappertutto <eos>
— viva la regina! —,— viva la regina! —,<sos> viva la regina ! <eos>,<sos> viva la regina ! <eos>
"e lé la s'è metida, la töt gió töt",lei si è messa a sparecchiare,"<sos> e lé la s'è metida , la töt gió töt <eos>",<sos> lei si è messa a sparecchiare <eos>
— madóna cóha ga ègnel in mènt a chèl òm lé a fà chi laùr lé? —,"— madonna, cosa salta in mente a quell'uomo di fare queste cose? —",<sos> madóna cóha ga ègnel in mènt a chèl òm lé a fà chi laùr lé ? <eos>,"<sos> madonna , cosa salta in mente a quell'uomo di fare queste cose ? <eos>"
"réma e réma, 'l turna 'ndré","rema e rema, torna indietro","<sos> réma e réma , 'l turna 'ndré <eos>","<sos> rema e rema , torna indietro <eos>"
tùrnå 'ndré!,torna indietro!,<sos> tùrnå 'ndré ! <eos>,<sos> torna indietro ! <eos>
i à fàt i preparativi,han fatto i preparativi,<sos> i à fàt i preparativi <eos>,<sos> han fatto i preparativi <eos>
nigü i gh'à de saé,proprio nessuno sappia,<sos> nigü i gh'à de saé <eos>,<sos> proprio nessuno sappia <eos>
'l chigà-å fò hólc,cagava soldi,<sos> 'l chigà-å fò hólc <eos>,<sos> cagava soldi <eos>
töe fò öna licènsa a' mé,prendo anch'io una licenza,<sos> töe fò öna licènsa a' mé <eos>,<sos> prendo anch'io una licenza <eos>
gn' la tò màmå,né la mamma,<sos> gn' la tò màmå <eos>,<sos> né la mamma <eos>
« che maiàda — 'l dìh — adèh — al dìh — al rìa — 'l dìh —,« che mangiata! adesso arriva,<sos> che maiàda 'l dìh adèh al dìh al rìa 'l dìh <eos>,<sos> che mangiata ! adesso arriva <eos>
perchè l'à dìt che öna contèsa l'è tròp pòca,perché ha detto che contessa è troppo poco,<sos> perchè l'à dìt che öna contèsa l'è tròp pòca <eos>,<sos> perché ha detto che contessa è troppo poco <eos>
— ah perchè l'è lü chèl di cà? —,— ah perché lei è quello dei cani? —,<sos> ah perchè l'è lü chèl di cà ? <eos>,<sos> ah perché lei è quello dei cani ? <eos>
che i fà cünt de mangià,che pensavano di mangiare,<sos> che i fà cünt de mangià <eos>,<sos> che pensavano di mangiare <eos>
— nò nò — la dìs —,— no no,<sos> nò nò la dìs <eos>,<sos> no no <eos>
ma lé,ma quella,<sos> ma lé <eos>,<sos> ma quella <eos>
e pò,poi,<sos> e pò <eos>,<sos> poi <eos>
e 'l sò papà,e il padre,<sos> e 'l sò papà <eos>,<sos> e il padre <eos>
— cóme mài he 'l ma parla?,"— come mai, se mi parli?",<sos> cóme mài he 'l ma parla ? <eos>,"<sos> come mai , se mi parli ? <eos>"
te di-èntet ö sciòr té,diventerai ricco,<sos> te di-èntet ö sciòr té <eos>,<sos> diventerai ricco <eos>
— béh,— beh,<sos> béh <eos>,<sos> beh <eos>
'l serpént ål gh'è piå de nigüne li bande,il serpente non si trova da nessuna parte,<sos> 'l serpént ål gh'è piå de nigüne li bande <eos>,<sos> il serpente non si trova da nessuna parte <eos>
basta che té ta ma lahet endà —,basta che tu mi lasci andare,<sos> basta che té ta ma lahet endà <eos>,<sos> basta che tu mi lasci andare <eos>
gh' avrèh biśògn de té per halvàm,avrei bisogno di te per salvarmi,<sos> gh' avrèh biśògn de té per halvàm <eos>,<sos> avrei bisogno di te per salvarmi <eos>
dòpo de póch dé,pochi giorni dopo,<sos> dòpo de póch dé <eos>,<sos> pochi giorni dopo <eos>
amò i fà: — tira con fòrsa,sente di nuovo: — tira con forza,<sos> amò i fà tira con fòrsa <eos>,<sos> sente di nuovo tira con forza <eos>
e i m'à lagàt lé de fàt de fàt,e mi han lasciate a becco asciutto,<sos> e i m'à lagàt lé de fàt de fàt <eos>,<sos> e mi han lasciate a becco asciutto <eos>
l'è leàdå sö,appena alzata,<sos> l'è leàdå sö <eos>,<sos> appena alzata <eos>
— 'ndo 'ndét compàr gàl,— dove vai compare gallo,<sos> 'ndo 'ndét compàr gàl <eos>,<sos> dove vai compare gallo <eos>
gliò,là,<sos> gliò <eos>,<sos> là <eos>
che 'l hegötà-a a fà 'ndà 'l có,che continuava a muovere la testa,<sos> che 'l hegötà-a a fà 'ndà 'l có <eos>,<sos> che continuava a muovere la testa <eos>
e gliùrå,allora,<sos> e gliùrå <eos>,<sos> allora <eos>
té e pà a' la tò surèlå —,tu e tua sorella —,<sos> té e pà a' la tò surèlå <eos>,<sos> tu e tua sorella <eos>
che l'è 'gnìt en sö cantando,camminava cantando,<sos> che l'è 'gnìt en sö cantando <eos>,<sos> camminava cantando <eos>
e cól sànch egnìt fò de 'sto dìt al gh'à fàt fà la firma,e col sangue ha messo la firma,<sos> e cól sànch egnìt fò de 'sto dìt al gh'à fàt fà la firma <eos>,<sos> e col sangue ha messo la firma <eos>
ö mìh,un mese,<sos> ö mìh <eos>,<sos> un mese <eos>
— la dìs —,dice,<sos> la dìs <eos>,<sos> dice <eos>
la l'à purtàt on càmerå,l'ha messo in camera,<sos> la l'à purtàt on càmerå <eos>,<sos> l'ha messo in camera <eos>
gh'è stàt mìå de tégnel,non c'è stato verso di trattenerlo,<sos> gh'è stàt mìå de tégnel <eos>,<sos> non c'è stato verso di trattenerlo <eos>
— sé perché,"— sì, perché",<sos> sé perché <eos>,"<sos> sì , perché <eos>"
l'è turnàt a cà,è tornato a casa,<sos> l'è turnàt a cà <eos>,<sos> è tornato a casa <eos>
i mürìå mìå de fàm,non morivano di fame,<sos> i mürìå mìå de fàm <eos>,<sos> non morivano di fame <eos>
dumàndå,a domandare,<sos> dumàndå <eos>,<sos> a domandare <eos>
che se 'l me sücét gna' ergóta,così se mi succede qualcosa,<sos> che se 'l me sücét gna' ergóta <eos>,<sos> così se mi succede qualcosa <eos>
e gliò la viàśgiå,e lei è partita,<sos> e gliò la viàśgiå <eos>,<sos> e lei è partita <eos>
"che i è tüc pu-arì, i ne crómpå mìå de picinì","son tutti poveri, non comprano dei bambini piccoli","<sos> che i è tüc pu-arì , i ne crómpå mìå de picinì <eos>","<sos> son tutti poveri , non comprano dei bambini piccoli <eos>"
e chèl che te ö,e quello che vuoi,<sos> e chèl che te ö <eos>,<sos> e quello che vuoi <eos>
bèl cumpàgn d'ö fiùr,bello come un fiore,<sos> bèl cumpàgn d'ö fiùr <eos>,<sos> bello come un fiore <eos>
che quàndo i nà-a fò lùr i simà-a hö in stansa,che quando loro fossero saliti nella stanza,<sos> che quàndo i nà-a fò lùr i simà-a hö in stansa <eos>,<sos> che quando loro fossero saliti nella stanza <eos>
'n dol puntiśì,dal ponticello,<sos> 'n dol puntiśì <eos>,<sos> dal ponticello <eos>
ossè i à fàt,così hanno fatto,<sos> ossè i à fàt <eos>,<sos> così hanno fatto <eos>
cìamàt,avevano chiamato,<sos> cìamàt <eos>,<sos> avevano chiamato <eos>
pò i à 'mpi-àt sö 'l föch,poi hanno acceso il fuoco,<sos> pò i à 'mpi-àt sö 'l föch <eos>,<sos> poi hanno acceso il fuoco <eos>
con giöna hcödèla,con una scodella,<sos> con giöna hcödèla <eos>,<sos> con una scodella <eos>
la dèrf fò hta bórsa,apre la borsa,<sos> la dèrf fò hta bórsa <eos>,<sos> apre la borsa <eos>
pensà-å pròpe che l'érå nòså,e pensava proprio che il palazzo fosse nostro,<sos> pensà-å pròpe che l'érå nòså <eos>,<sos> e pensava proprio che il palazzo fosse nostro <eos>
ala fèsta anche nóter e... —,anche noi —,<sos> ala fèsta anche nóter e . . . <eos>,<sos> anche noi <eos>
fina che,finché,<sos> fina che <eos>,<sos> finché <eos>
con dù s-cetì... »,e con due figli... »,<sos> con dù s-cetì . . . <eos>,<sos> e con due figli . . . <eos>
e lü 'l ha mèt idré èh:,si è messo a gridare:,<sos> e lü 'l ha mèt idré èh <eos>,<sos> si è messo a gridare <eos>
la sérå,alla sera,<sos> la sérå <eos>,<sos> alla sera <eos>
— a l'è 'mpusìbel!, — impossibile!,<sos> a l'è 'mpusìbel ! <eos>,<sos> impossibile ! <eos>
e la ga dìs: — cóme mài mama? te ma hömè-et sèmper lé pianśoléta,le ha detto: — come mai mamma piangi sempre?,<sos> e la ga dìs cóme mài mama ? te ma hömè-et sèmper lé pianśoléta <eos>,<sos> le ha detto come mai mamma piangi sempre ? <eos>
'l va là 'l Signùr,va il Signore /  /  /  /  /  /  /  /  /  /  /  /  /  /  /  /  /  /  /  /  /  /  / ,<sos> 'l va là 'l signùr <eos>,<sos> va il signore <eos>
'l gh'éå l'asnì,aveva l'asinello,<sos> 'l gh'éå l'asnì <eos>,<sos> aveva l'asinello <eos>
e l'è pahàt hótå,è passato sotto,<sos> e l'è pahàt hótå <eos>,<sos> è passato sotto <eos>
ma fà amò cumpàgn che t'é fàt li ótre ólte,ma tu fai ancora come le altre volte,<sos> ma fà amò cumpàgn che t'é fàt li ótre ólte <eos>,<sos> ma tu fai ancora come le altre volte <eos>
— nèta fò bé töt,— pulisci bene tutto,<sos> nèta fò bé töt <eos>,<sos> pulisci bene tutto <eos>
pò i và d'dét tüc en de 'sta cà,entrano in questa casa,<sos> pò i và d'dét tüc en de 'sta cà <eos>,<sos> entrano in questa casa <eos>
pòtå,pota,<sos> pòtå <eos>,<sos> pota <eos>
'm fà mìa frecàh,non faremo fracasso,<sos> 'm fà mìa frecàh <eos>,<sos> non faremo fracasso <eos>
gh'è ün eremìtå,c'è un eremita,<sos> gh'è ün eremìtå <eos>,<sos> c'è un eremita <eos>
quàndo che l'érå,quando è stato,<sos> quàndo che l'érå <eos>,<sos> quando è stato <eos>
dò o tré,due o tre,<sos> dò o tré <eos>,<sos> due o tre <eos>
se te èdet che 'l curtèl ål sanguìnå,se vedi che il coltello sanguina,<sos> se te èdet che 'l curtèl ål sanguìnå <eos>,<sos> se vedi che il coltello sanguina <eos>
i gh'à mìå credìt lùr,loro non gli hanno dato retta,<sos> i gh'à mìå credìt lùr <eos>,<sos> loro non gli hanno dato retta <eos>
e lü 'l préit ål gi à dìt essè:,il parroco gli ha detto:,<sos> e lü 'l préit ål gi à dìt essè <eos>,<sos> il parroco gli ha detto <eos>
che 'l 'gnrà töc a' i óter! —,che verranno anche tutti gli altri! —,<sos> che 'l 'gnrà töc a' i óter ! <eos>,<sos> che verranno anche tutti gli altri ! <eos>
per turnà 'ndré,per tornare indietro,<sos> per turnà 'ndré <eos>,<sos> per tornare indietro <eos>
e hercà de laurà 'n quàch paìs —,a cercare lavoro in qualche paese —,<sos> e hercà de laurà 'n quàch paìs <eos>,<sos> a cercare lavoro in qualche paese <eos>
'm gh' l'à dìt de tö hö chèl biànch!,gli abbiamo detto di prendere quello bianco!,<sos> 'm gh' l'à dìt de tö hö chèl biànch ! <eos>,<sos> gli abbiamo detto di prendere quello bianco ! <eos>
lü 'l ge ciapà-å,lui li prendeva,<sos> lü 'l ge ciapà-å <eos>,<sos> lui li prendeva <eos>
biśògnå portàlå jà,bisogna portarla via,<sos> biśògnå portàlå jà <eos>,<sos> bisogna portarla via <eos>
— dìm anómå 'ndo gh'ó de scóndes,— dimmi almeno dove devo nascondermi,<sos> dìm anómå 'ndo gh'ó de scóndes <eos>,<sos> dimmi almeno dove devo nascondermi <eos>
ö gàt,un gatto,<sos> ö gàt <eos>,<sos> un gatto <eos>
cóme éra prima,come prima,<sos> cóme éra prima <eos>,<sos> come prima <eos>
"e mé, 'ndó de l'ótra",e io da quell'altra,"<sos> e mé , 'ndó de l'ótra <eos>",<sos> e io da quell'altra <eos>
'm punì de minèstrå,un po' di minestra,<sos> 'm punì de minèstrå <eos>,<sos> un po' di minestra <eos>
cóme lùr i è 'gnìt vià dèla muntàgnå,come loro se ne sono venuti via,<sos> cóme lùr i è 'gnìt vià dèla muntàgnå <eos>,<sos> come loro se ne sono venuti via <eos>
« Paulì,« Paolino,<sos> paulì <eos>,<sos> paolino <eos>
e dru-à i laùr,ad adoperare queste cose,<sos> e dru-à i laùr <eos>,<sos> ad adoperare queste cose <eos>
pènse mé con Rośalba,penso io a Rosalba,<sos> pènse mé con rośalba <eos>,<sos> penso io a rosalba <eos>
— mé — 'l dìs —,— io,<sos> mé 'l dìs <eos>,<sos> io <eos>
lé la gh'à regalàt tüt chèl che la gh'éå,a lei la strega ha regalato tutto quello che aveva,<sos> lé la gh'à regalàt tüt chèl che la gh'éå <eos>,<sos> a lei la strega ha regalato tutto quello che aveva <eos>
difati 'ssè l'à fàt,così ha fatto,<sos> difati 'ssè l'à fàt <eos>,<sos> così ha fatto <eos>
— òs-ce!,ostrega!,<sos> òs-ce ! <eos>,<sos> ostrega ! <eos>
de heràlå fò 'l l'à tödå hö e spale,"di chiuderla, l'ha messa in spalla",<sos> de heràlå fò 'l l'à tödå hö e spale <eos>,"<sos> di chiuderla , l'ha messa in spalla <eos>"
ala śét che gh'éra lé:,alla gente:,<sos> ala śét che gh'éra lé <eos>,<sos> alla gente <eos>
macinàt déter on dol mulì,macinati,<sos> macinàt déter on dol mulì <eos>,<sos> macinati <eos>
la l'à mìa urìt,lei non l'ha voluto,<sos> la l'à mìa urìt <eos>,<sos> lei non l'ha voluto <eos>
cóme mài hét ché? —,come mai sei qui? —,<sos> cóme mài hét ché ? <eos>,<sos> come mai sei qui ? <eos>
— biśògna dìgå che 'l vàe a tö 'l canarì-che-pàrlå,— bisogna dirgli di andare a prendere il canarino-che-parla,<sos> biśògna dìgå che 'l vàe a tö 'l canarì-che-pàrlå <eos>,<sos> bisogna dirgli di andare a prendere il canarino-che-parla <eos>
e dòpo óter i gh'à dàt de mangià e 'ssè,gli ha dato da mangiare,<sos> e dòpo óter i gh'à dàt de mangià e 'ssè <eos>,<sos> gli ha dato da mangiare <eos>
pò la pàhå,poi è andata oltre,<sos> pò la pàhå <eos>,<sos> poi è andata oltre <eos>
i 'ncuntra ö cà,incontrano un cane,<sos> i 'ncuntra ö cà <eos>,<sos> incontrano un cane <eos>
laghé 'gnì gió la muntàgnå,lasciate cadere la montagna,<sos> laghé 'gnì gió la muntàgnå <eos>,<sos> lasciate cadere la montagna <eos>
e gliùrå,e allora,<sos> e gliùrå <eos>,<sos> e allora <eos>
— tàches ala cù-a,— attaccati alla coda,<sos> tàches ala cù-a <eos>,<sos> attaccati alla coda <eos>
la hét mìa lé! —,che lei non sentirà! —,<sos> la hét mìa lé ! <eos>,<sos> che lei non sentirà ! <eos>
l'è 'ndàdå e 'nvidài,è andata a invitarli,<sos> l'è 'ndàdå e 'nvidài <eos>,<sos> è andata a invitarli <eos>
i à metìt fò 'l sò canarì,hanno messo il canarino,<sos> i à metìt fò 'l sò canarì <eos>,<sos> hanno messo il canarino <eos>
sét chèl che 'm fà?,sai che facciamo?,<sos> sét chèl che 'm fà ? <eos>,<sos> sai che facciamo ? <eos>
l'à fàt ü bèl büśilì,ha fatto ancora un bel buchetta,<sos> l'à fàt ü bèl büśilì <eos>,<sos> ha fatto ancora un bel buchetta <eos>
i érå pò,ed erano,<sos> i érå pò <eos>,<sos> ed erano <eos>
"l'à mangiàt argótå, pò l'è 'ndàt en dul lèt","ha mangiato qualcosa, poi è andato a letto","<sos> l'à mangiàt argótå , pò l'è 'ndàt en dul lèt <eos>","<sos> ha mangiato qualcosa , poi è andato a letto <eos>"
e 'l s'è prefondàt,ed è affondato,<sos> e 'l s'è prefondàt <eos>,<sos> ed è affondato <eos>
'm vé mìå stasérå,non verremo questa sera,<sos> 'm vé mìå stasérå <eos>,<sos> non verremo questa sera <eos>
öi 'ndà hö mé! »,io voglio regnare! »,<sos> öi 'ndà hö mé ! <eos>,<sos> io voglio regnare ! <eos>
he pöde ciapà ö michèt — al dìh — alméno — 'l dìh — fé laùre — 'l dìh —,per poter almeno prendere un pane e lavoro,<sos> he pöde ciapà ö michèt al dìh alméno 'l dìh fé laùre 'l dìh <eos>,<sos> per poter almeno prendere un pane e lavoro <eos>
— cóme mài?,— come mai?,<sos> cóme mài ? <eos>,<sos> come mai ? <eos>
le la egiahina la h'è fermada ö momènt,la vecchietta ha aspettato un momento,<sos> le la egiahina la h'è fermada ö momènt <eos>,<sos> la vecchietta ha aspettato un momento <eos>
'ndo él ol mé tata?,dov'è mio padre?,<sos> 'ndo él ol mé tata ? <eos>,<sos> dov'è mio padre ? <eos>
nel bósch,nel bosco,<sos> nel bósch <eos>,<sos> nel bosco <eos>
fà chè?,fare cosa?,<sos> fà chè ? <eos>,<sos> fare cosa ? <eos>
gliùrå lü l'à hàc parì de burlà jó,allora lui ha fatto finta di cadere,<sos> gliùrå lü l'à hàc parì de burlà jó <eos>,<sos> allora lui ha fatto finta di cadere <eos>
piö nagót,più niente,<sos> piö nagót <eos>,<sos> più niente <eos>
im banda ala strada,a lato della strada,<sos> im banda ala strada <eos>,<sos> a lato della strada <eos>
chèl ca ó dit mé l'è negótå,quello che ho detto non è niente,<sos> chèl ca ó dit mé l'è negótå <eos>,<sos> quello che ho detto non è niente <eos>
— pòta gh'è pahàt de ché dù òmegn,— sono passati due uomini,<sos> pòta gh'è pahàt de ché dù òmegn <eos>,<sos> sono passati due uomini <eos>
"— ma nò scùltå, và mìå! —","— ma no, ascolta, non andare! —","<sos> ma nò scùltå , và mìå ! <eos>","<sos> ma no , ascolta , non andare ! <eos>"
e i gh'éra 'l formét che bisognà-a teàl sö,e dovevano tagliare il frumento,<sos> e i gh'éra 'l formét che bisognà-a teàl sö <eos>,<sos> e dovevano tagliare il frumento <eos>
— io sóno quèllo scarpolino,— io sono quel ciabattino,<sos> io sóno quèllo scarpolino <eos>,<sos> io sono quel ciabattino <eos>
i ghe purtà-å de mangià,portava loro da mangiare,<sos> i ghe purtà-å de mangià <eos>,<sos> portava loro da mangiare <eos>
e lü l'à dìt: — nò nò,— no,<sos> e lü l'à dìt nò nò <eos>,<sos> no <eos>
cóha farói mé?,cosa farò?,<sos> cóha farói mé ? <eos>,<sos> cosa farò ? <eos>
per fàs mangià,e poi farsi mangiare,<sos> per fàs mangià <eos>,<sos> e poi farsi mangiare <eos>
lü l'è 'ndàt de déter,lui è entrato,<sos> lü l'è 'ndàt de déter <eos>,<sos> lui è entrato <eos>
e lü 'l ghe dìs:,quello gli dice:,<sos> e lü 'l ghe dìs <eos>,<sos> quello gli dice <eos>
"gh'è hö gnè' bórsa, gnè' ór, gnè' arśènt hö 'n chèla barca","né borsa, né oro, né argento","<sos> gh'è hö gnè' bórsa , gnè' ór , gnè' arśènt hö 'n chèla barca <eos>","<sos> né borsa , né oro , né argento <eos>"
che gliùrå gh'è ü mistéro,allora è un mistero,<sos> che gliùrå gh'è ü mistéro <eos>,<sos> allora è un mistero <eos>
sö 'n cantina,in cantina,<sos> sö 'n cantina <eos>,<sos> in cantina <eos>
gh'ó gna' télå,né tela,<sos> gh'ó gna' télå <eos>,<sos> né tela <eos>
só sügürå che adès,sono sicura che,<sos> só sügürå che adès <eos>,<sos> sono sicura che <eos>
l'è 'ndàt,è andato,<sos> l'è 'ndàt <eos>,<sos> è andato <eos>
e lü chèl òm lé pelàt,e quell'uomo pelato,<sos> e lü chèl òm lé pelàt <eos>,<sos> e quell'uomo pelato <eos>
e lü l'éra tàt öspért e tàt brào,e lui era tanto esperto e tanto bravo,<sos> e lü l'éra tàt öspért e tàt brào <eos>,<sos> e lui era tanto esperto e tanto bravo <eos>
"tüt ol dé i à viaśgiàt, i à viaśgiàt, i à caminàt","tutto il giorno hanno viaggiato, camminato","<sos> tüt ol dé i à viaśgiàt , i à viaśgiàt , i à caminàt <eos>","<sos> tutto il giorno hanno viaggiato , camminato <eos>"
ü busitì de chèlå gliò,un boccettino,<sos> ü busitì de chèlå gliò <eos>,<sos> un boccettino <eos>
che gh'éra hö,e dove c'era scritto,<sos> che gh'éra hö <eos>,<sos> e dove c'era scritto <eos>
e 'l pica,bussa,<sos> e 'l pica <eos>,<sos> bussa <eos>
e chèl pü grànt che l'érå chèl,"e quello più grande, che era",<sos> e chèl pü grànt che l'érå chèl <eos>,"<sos> e quello più grande , che era <eos>"
piö finìt!,non smettevano più,<sos> piö finìt ! <eos>,<sos> non smettevano più <eos>
gh'è öna carehtéa — 'l dìh — tremènda — 'l dìh —,c'era una tremenda carestia,<sos> gh'è öna carehtéa 'l dìh tremènda 'l dìh <eos>,<sos> c'era una tremenda carestia <eos>
e 'l pèh al vé mìa,ma il pesce non arriva,<sos> e 'l pèh al vé mìa <eos>,<sos> ma il pesce non arriva <eos>
pò la 'à d'fò,ed è uscita,<sos> pò la 'à d'fò <eos>,<sos> ed è uscita <eos>
àrdel fò 'l tò Juanì!,guarda là il tuo Giovannino!,<sos> àrdel fò 'l tò juanì ! <eos>,<sos> guarda là il tuo giovannino ! <eos>
ål vèt Rùscå tüt aśgitàt,vede Rusca tutto agitato,<sos> ål vèt rùscå tüt aśgitàt <eos>,<sos> vede rusca tutto agitato <eos>
l'endà-å 'n paìs,si recava in paese e,<sos> l'endà-å 'n paìs <eos>,<sos> si recava in paese e <eos>
al töl sö la sò bórsa,prende la sua borsa,<sos> al töl sö la sò bórsa <eos>,<sos> prende la sua borsa <eos>
e precìs l'à fàt a' lé,e lei ha fatto così,<sos> e precìs l'à fàt a' lé <eos>,<sos> e lei ha fatto così <eos>
"la piegheró hà bé, pò ghe mète hö i póm sö hùrå","la disporrò bene, poi la coprirò con le mele","<sos> la piegheró hà bé , pò ghe mète hö i póm sö hùrå <eos>","<sos> la disporrò bene , poi la coprirò con le mele <eos>"
alura lé,allora lei,<sos> alura lé <eos>,<sos> allora lei <eos>
al gh'érå déter ed li tuśe,c'erano delle ragazze,<sos> al gh'érå déter ed li tuśe <eos>,<sos> c'erano delle ragazze <eos>
e 'l gh'à dìt issé:,e le ha detto:,<sos> e 'l gh'à dìt issé <eos>,<sos> e le ha detto <eos>
tüc tüc tüc,tutti tutti tutti,<sos> tüc tüc tüc <eos>,<sos> tutti tutti tutti <eos>
ma cóma fói? — al dìh —,ma come faccio?,<sos> ma cóma fói ? al dìh <eos>,<sos> ma come faccio ? <eos>
ó 'ncuntràt ün òm,ho incontrato un uomo,<sos> ó 'ncuntràt ün òm <eos>,<sos> ho incontrato un uomo <eos>
"al ghe 'é 'ncùntrå chèl piö picinì, 'l ghe dìs essè: — bubà, bubà","gli viene incontro il più piccolo, gli dice: — papà","<sos> al ghe 'é 'ncùntrå chèl piö picinì , 'l ghe dìs essè bubà , bubà <eos>","<sos> gli viene incontro il più piccolo , gli dice papà <eos>"
sét mìa buna de fà fà sö üna bèla casètå gràndå,non sei capace di far costruire una cassetta grande,<sos> sét mìa buna de fà fà sö üna bèla casètå gràndå <eos>,<sos> non sei capace di far costruire una cassetta grande <eos>
pòtå,pota,<sos> pòtå <eos>,<sos> pota <eos>
'l s'è 'nturciàt sà bé bé bé,si è avvolto bene,<sos> 'l s'è 'nturciàt sà bé bé bé <eos>,<sos> si è avvolto bene <eos>
ol prìncipe ål se l'è lagàdå dì,il principe si è lasciato convincere,<sos> ol prìncipe ål se l'è lagàdå dì <eos>,<sos> il principe si è lasciato convincere <eos>
lé l'à preparàt ü cortèl,lei ha preparato un coltello,<sos> lé l'à preparàt ü cortèl <eos>,<sos> lei ha preparato un coltello <eos>
dù śuenòc,due giovanotti,<sos> dù śuenòc <eos>,<sos> due giovanotti <eos>
là i ria sö: — cóme mài,loro arrivano: — come mai,<sos> là i ria sö cóme mài <eos>,<sos> loro arrivano come mai <eos>
perchè lü l'éra 'gnìt vèc,perché lui era diventato vecchio,<sos> perchè lü l'éra 'gnìt vèc <eos>,<sos> perché lui era diventato vecchio <eos>
i à caminàt,camminato,<sos> i à caminàt <eos>,<sos> camminato <eos>
ligàc onsèmå,legati assieme,<sos> ligàc onsèmå <eos>,<sos> legati assieme <eos>
tütå paràdå a lütto,parata a lutto,<sos> tütå paràdå a lütto <eos>,<sos> parata a lutto <eos>
e l'éra piö bù gna' de remà perchè adèh al fà-a 'l scior,non era più neppure capace di remare perché adesso faceva il signore,<sos> e l'éra piö bù gna' de remà perchè adèh al fà-a 'l scior <eos>,<sos> non era più neppure capace di remare perché adesso faceva il signore <eos>
ascùltem mé!,ascoltami!,<sos> ascùltem mé ! <eos>,<sos> ascoltami ! <eos>
— éh 'ndo nét con chèl fagutì?,— dove vai con quel fagottino?,<sos> éh 'ndo nét con chèl fagutì ? <eos>,<sos> dove vai con quel fagottino ? <eos>
— a ét véht? — al dìh,— hai visto? — dice,<sos> a ét véht ? al dìh <eos>,<sos> hai visto ? dice <eos>
e gliùra 'l tö hö la hò barca,allora ha preso la barca,<sos> e gliùra 'l tö hö la hò barca <eos>,<sos> allora ha preso la barca <eos>
che la troerà a destra,a destra troverà,<sos> che la troerà a destra <eos>,<sos> a destra troverà <eos>
e dòpo gliùrå i gh'à dàt sö,così gli han restituito,<sos> e dòpo gliùrå i gh'à dàt sö <eos>,<sos> così gli han restituito <eos>
pò 'l và sö 'n dol pülpit,poi va sul pulpito,<sos> pò 'l và sö 'n dol pülpit <eos>,<sos> poi va sul pulpito <eos>
ål gh'à dìt:,le ha detto:,<sos> ål gh'à dìt <eos>,<sos> le ha detto <eos>
'n d'ü tuchèl de càrtå,mette in un pezzo di carta,<sos> 'n d'ü tuchèl de càrtå <eos>,<sos> mette in un pezzo di carta <eos>
te se tru-aré cuntét!,ti troverai contento!,<sos> te se tru-aré cuntét ! <eos>,<sos> ti troverai contento ! <eos>
ó mìa ulìt lagàs cupà ma... —,"non mi sono lasciato ammazzare, ma... —",<sos> ó mìa ulìt lagàs cupà ma . . . <eos>,"<sos> non mi sono lasciato ammazzare , ma . . . <eos>"
"la matìnå i leà-å sö, i ciapà-å de mangià","al mattino si alzavano, trovavano da mangiare a pranzo","<sos> la matìnå i leà-å sö , i ciapà-å de mangià <eos>","<sos> al mattino si alzavano , trovavano da mangiare a pranzo <eos>"
e te cumincerét lé,e lì comincerai,<sos> e te cumincerét lé <eos>,<sos> e lì comincerai <eos>
e 'm ciaparà üna tànå,cercheremo una tana,<sos> e 'm ciaparà üna tànå <eos>,<sos> cercheremo una tana <eos>
e 'l ghe dìs:,e gli dice:,<sos> e 'l ghe dìs <eos>,<sos> e gli dice <eos>
e lü 'l fà:,Giacomino dice tra sé:,<sos> e lü 'l fà <eos>,<sos> giacomino dice tra sé <eos>
però regórdet bé,però ricordati bene,<sos> però regórdet bé <eos>,<sos> però ricordati bene <eos>
ma prima de lahàl indà,ma prima di lasciare andare Pietro,<sos> ma prima de lahàl indà <eos>,<sos> ma prima di lasciare andare pietro <eos>
e davrìs mìå la pórtå e nù èh!,— di certo a noi non apriranno la porta!,<sos> e davrìs mìå la pórtå e nù èh ! <eos>,<sos> di certo a noi non apriranno la porta ! <eos>
e 'l gi à büśàt ol bèch,e ha bucato a tutti il becco,<sos> e 'l gi à büśàt ol bèch <eos>,<sos> e ha bucato a tutti il becco <eos>
béh con béne,bene,<sos> béh con béne <eos>,<sos> bene <eos>
— am sè tré viandanti,— siamo tre viandanti,<sos> am sè tré viandanti <eos>,<sos> siamo tre viandanti <eos>
— födèhei mórt tüc!,— fossero tutti morti!,<sos> födèhei mórt tüc ! <eos>,<sos> fossero tutti morti ! <eos>
— éh 'à là 'nóm a cà,— andiamo a casa,<sos> éh 'à là 'nóm a cà <eos>,<sos> andiamo a casa <eos>
vivéh en d'ü bósch!,vivesse in un bosco!,<sos> vivéh en d'ü bósch ! <eos>,<sos> vivesse in un bosco ! <eos>
ah 'l se möf piö lü èh!,non si muove più!,<sos> ah 'l se möf piö lü èh ! <eos>,<sos> non si muove più ! <eos>
— 'm và e 'm fà ö śgirèt,— andiamo a fare un giretto,<sos> 'm và e 'm fà ö śgirèt <eos>,<sos> andiamo a fare un giretto <eos>
sö püs al córo,dietro il coro,<sos> sö püs al córo <eos>,<sos> dietro il coro <eos>
te öe tàt bé e tàt bé,e ti voglio tanto bene,<sos> te öe tàt bé e tàt bé <eos>,<sos> e ti voglio tanto bene <eos>
e 'l canarì 'l fà:,il canarino dice:,<sos> e 'l canarì 'l fà <eos>,<sos> il canarino dice <eos>
i à sunàt l'Ave Marìå,han suonato l'Ave Maria,<sos> i à sunàt l'ave marìå <eos>,<sos> han suonato l'ave maria <eos>
lü l'à tràt fò la spàdå,lui ha sguainato la spada,<sos> lü l'à tràt fò la spàdå <eos>,<sos> lui ha sguainato la spada <eos>
ma 'nfati,ma,<sos> ma 'nfati <eos>,<sos> ma <eos>
la sérå 'l 'gnìå a cà,la sera tornava a casa,<sos> la sérå 'l 'gnìå a cà <eos>,<sos> la sera tornava a casa <eos>
se 'l ve pàr,se vi pare,<sos> se 'l ve pàr <eos>,<sos> se vi pare <eos>
de dàgå de mangià l'érbå,per dar loro dell'erba,<sos> de dàgå de mangià l'érbå <eos>,<sos> per dar loro dell'erba <eos>
« ma che gh'àe pò de 'ndà e fàs mangià,«farmi mangiare,<sos> ma che gh'àe pò de 'ndà e fàs mangià <eos>,<sos> farmi mangiare <eos>
ünå àl,una valle,<sos> ünå àl <eos>,<sos> una valle <eos>
— éh ma,— eh ma,<sos> éh ma <eos>,<sos> eh ma <eos>
al và śó,va,<sos> al và śó <eos>,<sos> va <eos>
en giö có,in una testa,<sos> en giö có <eos>,<sos> in una testa <eos>
"alura la h'è cahada déter 'n de 'sto büs de 'sta bóra, öna piànta gròha",si è rannicchiata in questo buco,"<sos> alura la h'è cahada déter 'n de 'sto büs de 'sta bóra , öna piànta gròha <eos>",<sos> si è rannicchiata in questo buco <eos>
lü l'è saltàt om pé,lui è balzato in piedi,<sos> lü l'è saltàt om pé <eos>,<sos> lui è balzato in piedi <eos>
'l gh'à mìa badàt che l'éå töt üna stréå,non aveva badato che aveva sposato una strega,<sos> 'l gh'à mìa badàt che l'éå töt üna stréå <eos>,<sos> non aveva badato che aveva sposato una strega <eos>
— öt pò fàn de chè?,— cosa vuoi farne?,<sos> öt pò fàn de chè ? <eos>,<sos> cosa vuoi farne ? <eos>
— dòpo se mé möre,— quando io morirò,<sos> dòpo se mé möre <eos>,<sos> quando io morirò <eos>
dòpo de ö momènt,dopo un po',<sos> dòpo de ö momènt <eos>,<sos> dopo un po' <eos>
l' gh'è 'gnìt òia d'laurà,le è venuta voglia di lavorare,<sos> l' gh'è 'gnìt òia d'laurà <eos>,<sos> le è venuta voglia di lavorare <eos>
e lé alura gh'è 'gnìt en mènt:,lei ha pensato:,<sos> e lé alura gh'è 'gnìt en mènt <eos>,<sos> lei ha pensato <eos>
i n'à metìt,ne han messo,<sos> i n'à metìt <eos>,<sos> ne han messo <eos>
e 'l l'à respundìt,e gli ha risposto,<sos> e 'l l'à respundìt <eos>,<sos> e gli ha risposto <eos>
l'è haltàt sö hura le ónde,il pesciolino è saltato sopra le onde,<sos> l'è haltàt sö hura le ónde <eos>,<sos> il pesciolino è saltato sopra le onde <eos>
he i paha 'hta hira — la dìh —,se passano di nuovo questa sera,<sos> he i paha 'hta hira la dìh <eos>,<sos> se passano di nuovo questa sera <eos>
fina che fò 'n mès,fino a che è in mezzo,<sos> fina che fò 'n mès <eos>,<sos> fino a che è in mezzo <eos>
— edèh 'a de déter ün'ótrå óltå! —,— entra un'altra volta!,<sos> edèh 'a de déter ün'ótrå óltå ! <eos>,<sos> entra un'altra volta ! <eos>
lùr i ghe l'à baratàt,gliel'hanno cambiato,<sos> lùr i ghe l'à baratàt <eos>,<sos> gliel'hanno cambiato <eos>
quàndo l'è ri-àt,quando è arrivato,<sos> quàndo l'è ri-àt <eos>,<sos> quando è arrivato <eos>
ma 'l gh'érå nügü,ma dentro non c'era nessuno,<sos> ma 'l gh'érå nügü <eos>,<sos> ma dentro non c'era nessuno <eos>
e pò la śét i scapà-å,la gente scappava,<sos> e pò la śét i scapà-å <eos>,<sos> la gente scappava <eos>
— ah ma chèsta la ma scaperà miga,— non ci scapperà,<sos> ah ma chèsta la ma scaperà miga <eos>,<sos> non ci scapperà <eos>
che lü l'à cupàt ol drago-dèle-sète-tèste —,che ha ammazzato il drago —,<sos> che lü l'à cupàt ol drago-dèle-sète-tèste <eos>,<sos> che ha ammazzato il drago <eos>
gliùrå i 'gnirà pò hö dol daérå e cupàm! —,verranno davvero ad ammazzarci! —,<sos> gliùrå i 'gnirà pò hö dol daérå e cupàm ! <eos>,<sos> verranno davvero ad ammazzarci ! <eos>
'l gh'à cüntàt só bé cume la gh'ìa de fa,lui le ha spiegato bene come doveva fare,<sos> 'l gh'à cüntàt só bé cume la gh'ìa de fa <eos>,<sos> lui le ha spiegato bene come doveva fare <eos>
a l'è 'gnìt lé ön óm de hinquant'àgn,ed è diventato un uomo di cinquantanni,<sos> a l'è 'gnìt lé ön óm de hinquant'àgn <eos>,<sos> ed è diventato un uomo di cinquantanni <eos>
ünå bèlå casetìnå piötòst picinìnå,una bella cassettina piuttosto piccola,<sos> ünå bèlå casetìnå piötòst picinìnå <eos>,<sos> una bella cassettina piuttosto piccola <eos>
a dìghel,a riferire,<sos> a dìghel <eos>,<sos> a riferire <eos>
la rumpìs la nùs,ha rotto la noce,<sos> la rumpìs la nùs <eos>,<sos> ha rotto la noce <eos>
« adès ché hó déter,« adesso sono in trappola,<sos> adès ché hó déter <eos>,<sos> adesso sono in trappola <eos>
i gh'è scapàt tüc,gli sono scappati tutti,<sos> i gh'è scapàt tüc <eos>,<sos> gli sono scappati tutti <eos>
se ghe rìe a ciapàt te laghe 'ndré piö gna' i òs 'ostå sérå,"se riesco a prenderti, non lascio neanche le ossa stasera",<sos> se ghe rìe a ciapàt te laghe 'ndré piö gna' i òs 'ostå sérå <eos>,"<sos> se riesco a prenderti , non lascio neanche le ossa stasera <eos>"
òcio che büte!,spostati che butto!,<sos> òcio che büte ! <eos>,<sos> spostati che butto ! <eos>
finché 'l và a tö amò la hò ègia barca,finché prende ancora la sua vecchia barca,<sos> finché 'l và a tö amò la hò ègia barca <eos>,<sos> finché prende ancora la sua vecchia barca <eos>
'm punì de ergóta,e qualcos'altro,<sos> 'm punì de ergóta <eos>,<sos> e qualcos'altro <eos>
— ét hentìt cóha l'à fàc?,— hai sentito cosa ha fatto?,<sos> ét hentìt cóha l'à fàc ? <eos>,<sos> hai sentito cosa ha fatto ? <eos>
'ndo ca l'è 'ndada de déter,appena entrata,<sos> 'ndo ca l'è 'ndada de déter <eos>,<sos> appena entrata <eos>
ghe haràs pò chèl gàl egliò ma,"ci sarebbe quel gallo, ma",<sos> ghe haràs pò chèl gàl egliò ma <eos>,"<sos> ci sarebbe quel gallo , ma <eos>"
turne mìa 'ndré,non torno indietro,<sos> turne mìa 'ndré <eos>,<sos> non torno indietro <eos>
che le paròle le püdta 'ndà a ólt,così le parole potevano andare in alto,<sos> che le paròle le püdta 'ndà a ólt <eos>,<sos> così le parole potevano andare in alto <eos>
e l'à ciapàt ol cà,e ha preso il cane,<sos> e l'à ciapàt ol cà <eos>,<sos> e ha preso il cane <eos>
— edès,— adesso,<sos> edès <eos>,<sos> adesso <eos>
e la gh'à dìc:,le dice:,<sos> e la gh'à dìc <eos>,<sos> le dice <eos>
e lü 'l ga dìh:,lui risponde:,<sos> e lü 'l ga dìh <eos>,<sos> lui risponde <eos>
e gliùrå,allora,<sos> e gliùrå <eos>,<sos> allora <eos>
— dài Paulì,— dai Paolino,<sos> dài paulì <eos>,<sos> dai paolino <eos>
lé la cèrva la haltà-a,quella saltava,<sos> lé la cèrva la haltà-a <eos>,<sos> quella saltava <eos>
ma lé la gh'à dìt che l'érå brüt,ma lei gli ha detto che era brutto,<sos> ma lé la gh'à dìt che l'érå brüt <eos>,<sos> ma lei gli ha detto che era brutto <eos>
che só ché śnüciàt gió,che sono qui inginocchiato,<sos> che só ché śnüciàt gió <eos>,<sos> che sono qui inginocchiato <eos>
e 'l gh'à dìt: — béh,e gli ha detto: — beh,<sos> e 'l gh'à dìt béh <eos>,<sos> e gli ha detto beh <eos>
'an' che 'l l'à pustàdå sgió,appena l'ha appoggiata,<sos> 'an' che 'l l'à pustàdå sgió <eos>,<sos> appena l'ha appoggiata <eos>
am hè ri-ài ché che m'à reh-ciàt la éta 'n quater,siamo arrivati qui  rischiando la vita in quattro,<sos> am hè ri-ài ché che m'à reh-ciàt la éta 'n quater <eos>,<sos> siamo arrivati qui rischiando la vita in quattro <eos>
chèl che gh'è rehtàt —,prendete quello che è rimasto —,<sos> chèl che gh'è rehtàt <eos>,<sos> prendete quello che è rimasto <eos>
i me n'à 'nvidàt gna' ü bucù,non ne hanno offerto neppure un boccone,<sos> i me n'à 'nvidàt gna' ü bucù <eos>,<sos> non ne hanno offerto neppure un boccone <eos>
lé 'l và sö amó 'sta sèrva,la serva va di nuovo,<sos> lé 'l và sö amó 'sta sèrva <eos>,<sos> la serva va di nuovo <eos>
pò ói viga a' öna hèrva,poi avere una serva,<sos> pò ói viga a' öna hèrva <eos>,<sos> poi avere una serva <eos>
ü o l'óter 'l gh'à de regnà,uno o l'altro doveva regnare,<sos> ü o l'óter 'l gh'à de regnà <eos>,<sos> uno o l'altro doveva regnare <eos>
al ma pica fò höl cól,mi picchia sulla testa!,<sos> al ma pica fò höl cól <eos>,<sos> mi picchia sulla testa ! <eos>
li piànte che fà hö i póm,gli alberi che danno le mele,<sos> li piànte che fà hö i póm <eos>,<sos> gli alberi che danno le mele <eos>
— e và bé,— va bene,<sos> e và bé <eos>,<sos> va bene <eos>
dóli cà dol comitato:,le case del comitato,<sos> dóli cà dol comitato <eos>,<sos> le case del comitato <eos>
avanti anche té! —,avanti anche tu! —,<sos> avanti anche té ! <eos>,<sos> avanti anche tu ! <eos>
la 'à fò,va là,<sos> la 'à fò <eos>,<sos> va là <eos>
l'à fai tüc chi laùr lé,ha fatto tutte queste cose,<sos> l'à fai tüc chi laùr lé <eos>,<sos> ha fatto tutte queste cose <eos>
öt fàm de che d'ü taulì?,cosa ne farà di un tavolo?,<sos> öt fàm de che d'ü taulì ? <eos>,<sos> cosa ne farà di un tavolo ? <eos>
al ga dìs:,il capo dice:,<sos> al ga dìs <eos>,<sos> il capo dice <eos>
l'à fàc öna mòrt màrtire! —,ha fatto una brutta fine! —,<sos> l'à fàc öna mòrt màrtire ! <eos>,<sos> ha fatto una brutta fine ! <eos>
e lé la ga dis a ü s-cèt:,e lei ha detto a un bambino:,<sos> e lé la ga dis a ü s-cèt <eos>,<sos> e lei ha detto a un bambino <eos>
ö dé 'l pasa öna ègia ègia ègia töta gòba,un giorno passa una vecchia tutta gobba,<sos> ö dé 'l pasa öna ègia ègia ègia töta gòba <eos>,<sos> un giorno passa una vecchia tutta gobba <eos>
uléf endà 'ndoè óter?,ma dove volete andare?,<sos> uléf endà 'ndoè óter ? <eos>,<sos> ma dove volete andare ? <eos>
'ndóe gh'érå tante piànte de öa,dovè c'erano tante piante de uva,<sos> 'ndóe gh'érå tante piànte de öa <eos>,<sos> dovè c'erano tante piante de uva <eos>
e gliùrå l'à pensàt de spuśàs,allora ha pensato di sposarsi,<sos> e gliùrå l'à pensàt de spuśàs <eos>,<sos> allora ha pensato di sposarsi <eos>
quàndo che l'è l'ùrå,quando è ora,<sos> quàndo che l'è l'ùrå <eos>,<sos> quando è ora <eos>
'l la lase che i cöe,lasciate qui i covoni,<sos> 'l la lase che i cöe <eos>,<sos> lasciate qui i covoni <eos>
per nòm,per nome,<sos> per nòm <eos>,<sos> per nome <eos>
perchè la sìa mìa che lagàgå dedré che po',perché non sapeva cosa lasciare,<sos> perchè la sìa mìa che lagàgå dedré che po' <eos>,<sos> perché non sapeva cosa lasciare <eos>
che éra fàt escampà,che aveva fatto sopravvivere,<sos> che éra fàt escampà <eos>,<sos> che aveva fatto sopravvivere <eos>
— l'è ri-àt,— è arrivato,<sos> l'è ri-àt <eos>,<sos> è arrivato <eos>
che i trà-å hö ün àśen,stavano tirando fuori un asino,<sos> che i trà-å hö ün àśen <eos>,<sos> stavano tirando fuori un asino <eos>
l'è 'gnìt fò öna perpóntå tàt bèlå,ne è uscita una trapunta così bella,<sos> l'è 'gnìt fò öna perpóntå tàt bèlå <eos>,<sos> ne è uscita una trapunta così bella <eos>
té t'é enśìt,— hai vinto,<sos> té t'é enśìt <eos>,<sos> hai vinto <eos>
ada che mé de èh imperatrice,di essere imperatrice,<sos> ada che mé de èh imperatrice <eos>,<sos> di essere imperatrice <eos>
a meśanòt on punto,a mezzanotte in punto,<sos> a meśanòt on punto <eos>,<sos> a mezzanotte in punto <eos>
ma lü 'l cà,ma il cane,<sos> ma lü 'l cà <eos>,<sos> ma il cane <eos>
li sòi tenute,le sue tenute,<sos> li sòi tenute <eos>,<sos> le sue tenute <eos>
edèh égne jó,adesso scendo,<sos> edèh égne jó <eos>,<sos> adesso scendo <eos>
— ah ma nóter åm ghe stà,— noi ci andiamo,<sos> ah ma nóter åm ghe stà <eos>,<sos> noi ci andiamo <eos>
ogliùrà,allora,<sos> ogliùrà <eos>,<sos> allora <eos>
e cóm'ét fài dòpo — 'l dìh —,— come hai fatto dopo,<sos> e cóm'ét fài dòpo 'l dìh <eos>,<sos> come hai fatto dopo <eos>
— béh arda stahéra,— stasera,<sos> béh arda stahéra <eos>,<sos> stasera <eos>
he lü l'è contét,se lei è contento,<sos> he lü l'è contét <eos>,<sos> se lei è contento <eos>
dùnque!,dunque!,<sos> dùnque ! <eos>,<sos> dunque ! <eos>
— eéh — 'l dìh —,— eh — dice —,<sos> eéh 'l dìh <eos>,<sos> eh dice <eos>
potà 'l và là amó ö quàch dé,passa qualche giorno,<sos> potà 'l và là amó ö quàch dé <eos>,<sos> passa qualche giorno <eos>
lü 'l và hö,il mugnaio sale,<sos> lü 'l và hö <eos>,<sos> il mugnaio sale <eos>
e 'l mé amìs,col mio amico,<sos> e 'l mé amìs <eos>,<sos> col mio amico <eos>
ghe 'l purteró 'n sö?,gliela porterei?,<sos> ghe 'l purteró 'n sö ? <eos>,<sos> gliela porterei ? <eos>
però se me laghé tö sö,se mi lasciate prendere,<sos> però se me laghé tö sö <eos>,<sos> se mi lasciate prendere <eos>
chèl che gh'éra rehtàt,tutto quello che aveva,<sos> chèl che gh'éra rehtàt <eos>,<sos> tutto quello che aveva <eos>
al gh'érå ü leù,c'era un leone,<sos> al gh'érå ü leù <eos>,<sos> c'era un leone <eos>
"töt fò öna bela hundina, l'à mangiat a' lé","preso un bel piatto, ha mangiato anche lei","<sos> töt fò öna bela hundina , l'à mangiat a' lé <eos>","<sos> preso un bel piatto , ha mangiato anche lei <eos>"
e lü 'l gh'à dìt isé,e lui ha detto,<sos> e lü 'l gh'à dìt isé <eos>,<sos> e lui ha detto <eos>
e pò 'l gh'à dìt:,poi s'è detto:,<sos> e pò 'l gh'à dìt <eos>,<sos> poi s'è detto <eos>
töm sö 'n dol tò bigaröl,prendimi nel grembiule,<sos> töm sö 'n dol tò bigaröl <eos>,<sos> prendimi nel grembiule <eos>
segónt la sét che 'l gh'arà üt on d'ünå bùnå paròlå,secondo la sete che avrà avuto,<sos> segónt la sét che 'l gh'arà üt on d'ünå bùnå paròlå <eos>,<sos> secondo la sete che avrà avuto <eos>
con gìö cüśgià,con un cucchiaio,<sos> con gìö cüśgià <eos>,<sos> con un cucchiaio <eos>
gh'éra piò gnè' camerér,non c'erano più né camerieri,<sos> gh'éra piò gnè' camerér <eos>,<sos> non c'erano più né camerieri <eos>
e fràmf!,e framf!,<sos> e fràmf ! <eos>,<sos> e framf ! <eos>
— pòta mé hó 'nada de déter en stansa per 'nà a tö ergót,— sono entrata nella stanza per prendere qualcosa,<sos> pòta mé hó 'nada de déter en stansa per 'nà a tö ergót <eos>,<sos> sono entrata nella stanza per prendere qualcosa <eos>
dù tuśèi,due figli,<sos> dù tuśèi <eos>,<sos> due figli <eos>
"nò nò, tö hö e pò và!",prendi la barca e vai!,"<sos> nò nò , tö hö e pò và ! <eos>",<sos> prendi la barca e vai ! <eos>
e lé,e lei,<sos> e lé <eos>,<sos> e lei <eos>
ma la mé fómna la ma tormènta,ma la mia donna mi tormenta,<sos> ma la mé fómna la ma tormènta <eos>,<sos> ma la mia donna mi tormenta <eos>
— nò,— no,<sos> nò <eos>,<sos> no <eos>
e gliùrå — 'l dìs — ó mìa picàt,allora non ho bussato,<sos> e gliùrå 'l dìs ó mìa picàt <eos>,<sos> allora non ho bussato <eos>
lùr del dé à giràt,loro han girato di giorno,<sos> lùr del dé à giràt <eos>,<sos> loro han girato di giorno <eos>
turna 'ndré,torna indietro,<sos> turna 'ndré <eos>,<sos> torna indietro <eos>
« aśnì,« asinello,<sos> aśnì <eos>,<sos> asinello <eos>
he l'ó troàt mé perchè gh'ó de dàtel a té?,perché devo darlo a te?,<sos> he l'ó troàt mé perchè gh'ó de dàtel a té ? <eos>,<sos> perché devo darlo a te ? <eos>
i sént che,poi sentono che,<sos> i sént che <eos>,<sos> poi sentono che <eos>
e ü fahì de scù-e —,e un fascio di scope —,<sos> e ü fahì de scù-e <eos>,<sos> e un fascio di scope <eos>
gh'ó gna' rèf,né refe,<sos> gh'ó gna' rèf <eos>,<sos> né refe <eos>
pòtå,pota,<sos> pòtå <eos>,<sos> pota <eos>
— ma che ét pò fàt chè té tùs,— ma cos'hai fatto,<sos> ma che ét pò fàt chè té tùs <eos>,<sos> ma cos'hai fatto <eos>
perché t'ó fàt,perché ti ho fatto,<sos> perché t'ó fàt <eos>,<sos> perché ti ho fatto <eos>
la mèrce 'l go l'ìa miga,era senza merce,<sos> la mèrce 'l go l'ìa miga <eos>,<sos> era senza merce <eos>
'ndàt en dol lèt sènså hénå,aveva appunto saltato la cena,<sos> 'ndàt en dol lèt sènså hénå <eos>,<sos> aveva appunto saltato la cena <eos>
püs ol córo,dietro il coro,<sos> püs ol córo <eos>,<sos> dietro il coro <eos>
al dìh: — adèh am va còpa ó'! —,— adesso ammazziamo te! —,<sos> al dìh adèh am va còpa ó' ! <eos>,<sos> adesso ammazziamo te ! <eos>
'ta è 'gnìt ö mìh,passato un mese,<sos> 'ta è 'gnìt ö mìh <eos>,<sos> passato un mese <eos>
« madóra mé,« madonna mia,<sos> madóra mé <eos>,<sos> madonna mia <eos>
ma lé dù-e 'l gh'érå li raìs,ma dove c'erano le radici,<sos> ma lé dù-e 'l gh'érå li raìs <eos>,<sos> ma dove c'erano le radici <eos>
e i à hàc pastì e pastù,e hanno fatto pastino e pastone,<sos> e i à hàc pastì e pastù <eos>,<sos> e hanno fatto pastino e pastone <eos>
— eéh,— eh,<sos> eéh <eos>,<sos> eh <eos>
forse l'è la fàm »,forse è la fame »,<sos> forse l'è la fàm <eos>,<sos> forse è la fame <eos>
te ghe daré alméno de becà ali galine,darai almeno da beccare alle galline,<sos> te ghe daré alméno de becà ali galine <eos>,<sos> darai almeno da beccare alle galline <eos>
ål gh'ìa üt a' dù fiöi,aveva avuto due figlioli,<sos> ål gh'ìa üt a' dù fiöi <eos>,<sos> aveva avuto due figlioli <eos>
dunque,allora,<sos> dunque <eos>,<sos> allora <eos>
è ri-àc a cà la sérå bén tinti,e sono arrivati a casa la sera ben allegri,<sos> è ri-àc a cà la sérå bén tinti <eos>,<sos> e sono arrivati a casa la sera ben allegri <eos>
de śgirà 'l bóhch,di girare il bosco,<sos> de śgirà 'l bóhch <eos>,<sos> di girare il bosco <eos>
"gliùrå 'sto póer tùs màt ål fà hito ö mumént, pò 'l dìs:","per un po' il povero matto è stato zitto, ma poi:","<sos> gliùrå 'sto póer tùs màt ål fà hito ö mumént , pò 'l dìs <eos>","<sos> per un po' il povero matto è stato zitto , ma poi <eos>"
e 'l gh'à dìt: — cóha gh'ét amò?,e gli chiede: — cos'hai ancora?,<sos> e 'l gh'à dìt cóha gh'ét amò ? <eos>,<sos> e gli chiede cos'hai ancora ? <eos>
alura la h'è metida a śgirà,allora s'è messa,<sos> alura la h'è metida a śgirà <eos>,<sos> allora s'è messa <eos>
e pò ma cahì dét i s-cèc,poi infilateci i miei figli,<sos> e pò ma cahì dét i s-cèc <eos>,<sos> poi infilateci i miei figli <eos>
lü 'l se preśèntå,il giovane si presenta,<sos> lü 'l se preśèntå <eos>,<sos> il giovane si presenta <eos>
la lègge è uguàle per tuti,la legge è uguale per tutti,<sos> la lègge è uguàle per tuti <eos>,<sos> la legge è uguale per tutti <eos>
la uléå mìå fàl endà de déter,non voleva farlo entrare,<sos> la uléå mìå fàl endà de déter <eos>,<sos> non voleva farlo entrare <eos>
ülif ö falì de colassiù?,per colazione?,<sos> ülif ö falì de colassiù ? <eos>,<sos> per colazione ? <eos>
e gliùra è 'nài pròpe 'n chèla hèlva lé,così sono andati proprio in quella selva,<sos> e gliùra è 'nài pròpe 'n chèla hèlva lé <eos>,<sos> così sono andati proprio in quella selva <eos>
faró öna bèla ròba — 'l dìh —,farò una bella cosa,<sos> faró öna bèla ròba 'l dìh <eos>,<sos> farò una bella cosa <eos>
e lùr i ga dìs: — sé —,loro rispondono: — sì —,<sos> e lùr i ga dìs sé <eos>,<sos> loro rispondono sì <eos>
"tuòni, tempèste e fùlmini","tuoni, tempeste e fulmini","<sos> tuòni , tempèste e fùlmini <eos>","<sos> tuoni , tempeste e fulmini <eos>"
'l me arà 'l śöch!,ne varrebbe la pena!,<sos> 'l me arà 'l śöch ! <eos>,<sos> ne varrebbe la pena ! <eos>
de préda,di pietra,<sos> de préda <eos>,<sos> di pietra <eos>
— ègne a' mé,— vengo anch'io,<sos> ègne a' mé <eos>,<sos> vengo anch'io <eos>
e difati,così,<sos> e difati <eos>,<sos> così <eos>
paha tré,tre,<sos> paha tré <eos>,<sos> tre <eos>
l'è 'ndàdå fò ma 'l gh'érå fò piö gna' la córdå,"è andata là, ma non c'erano più né corda",<sos> l'è 'ndàdå fò ma 'l gh'érå fò piö gna' la córdå <eos>,"<sos> è andata là , ma non c'erano più né corda <eos>"
'l ritùrnå a cà,ritorna a casa,<sos> 'l ritùrnå a cà <eos>,<sos> ritorna a casa <eos>
gh'érå preparat de mangià,era pronto il pranzo,<sos> gh'érå preparat de mangià <eos>,<sos> era pronto il pranzo <eos>
e gliò,e lì,<sos> e gliò <eos>,<sos> e lì <eos>
l'a tri-elàt ol pülpit,ha fatto un buco nel pulpito,<sos> l'a tri-elàt ol pülpit <eos>,<sos> ha fatto un buco nel pulpito <eos>
— té — 'l dìh —,— te — dice —,<sos> té 'l dìh <eos>,<sos> te dice <eos>
e 'l ga dìh: — cóha ölet amò?,gli ha chiesto: — cosa vuoi ancora?,<sos> e 'l ga dìh cóha ölet amò ? <eos>,<sos> gli ha chiesto cosa vuoi ancora ? <eos>
e i è 'nàc a-ànte póch méter,sono andati avanti qualche metro,<sos> e i è 'nàc a-ànte póch méter <eos>,<sos> sono andati avanti qualche metro <eos>
'l taulì,il suo tavolino,<sos> 'l taulì <eos>,<sos> il suo tavolino <eos>
e lü 'l gh'à dìt:,che le ha detto:,<sos> e lü 'l gh'à dìt <eos>,<sos> che le ha detto <eos>
'l l'à purtàdå a destinasiù,e portarla a destinazione,<sos> 'l l'à purtàdå a destinasiù <eos>,<sos> e portarla a destinazione <eos>
e lé a preparaga de mangià,e le han preparato da mangiare,<sos> e lé a preparaga de mangià <eos>,<sos> e le han preparato da mangiare <eos>
— però 'l m'à dìt,— però mi ha detto,<sos> però 'l m'à dìt <eos>,<sos> però mi ha detto <eos>
e la dìh: « hé hé,e dice:,<sos> e la dìh hé hé <eos>,<sos> e dice <eos>
'l vé hira per töc,come per tutti,<sos> 'l vé hira per töc <eos>,<sos> come per tutti <eos>
i 'é ala dé,arrivano,<sos> i 'é ala dé <eos>,<sos> arrivano <eos>
"— principino, principino","— principino, principino","<sos> principino , principino <eos>","<sos> principino , principino <eos>"
"— nò nò, ghe n'è mìa","— no, non ce n'è","<sos> nò nò , ghe n'è mìa <eos>","<sos> no , non ce n'è <eos>"
pròpe śbindelétå,tutta sbrindellata,<sos> pròpe śbindelétå <eos>,<sos> tutta sbrindellata <eos>
födèhei mórt tüc! —,fossero tutti morti! —,<sos> födèhei mórt tüc ! <eos>,<sos> fossero tutti morti ! <eos>
— ma mé — 'l dìs — gh'arèh amò la mé mama,— io avrei ancora la mamma,<sos> ma mé 'l dìs gh'arèh amò la mé mama <eos>,<sos> io avrei ancora la mamma <eos>
chèlå fumnasìnå che l'éå 'ncuntràt,quella donnetta che aveva visto,<sos> chèlå fumnasìnå che l'éå 'ncuntràt <eos>,<sos> quella donnetta che aveva visto <eos>
e pò dòpo,e poi dopo,<sos> e pò dòpo <eos>,<sos> e poi dopo <eos>
i gh'à dìt al canarì: — tè,gli hanno detto:,<sos> i gh'à dìt al canarì tè <eos>,<sos> gli hanno detto <eos>
pastasütå,della pastasciutta,<sos> pastasütå <eos>,<sos> della pastasciutta <eos>
pòtå è stàc scià chi óter,sono arrivati i padrpni,<sos> pòtå è stàc scià chi óter <eos>,<sos> sono arrivati i padrpni <eos>
ma se te ciàpet mìa śgiü de chi gliò che pàså che sg'è sèt,ma se non prenderai uno di quei sette canarini che passano,<sos> ma se te ciàpet mìa śgiü de chi gliò che pàså che sg'è sèt <eos>,<sos> ma se non prenderai uno di quei sette canarini che passano <eos>
e śó a htangade a Piéro,e si mette a bastonare San Pietro,<sos> e śó a htangade a piéro <eos>,<sos> e si mette a bastonare san pietro <eos>
lé la gh' l'à mìa dìc ol perché,non le ha detto il perché,<sos> lé la gh' l'à mìa dìc ol perché <eos>,<sos> non le ha detto il perché <eos>
ma 'nsöma ha ólse miga perchè,ma non oso perché,<sos> ma 'nsöma ha ólse miga perchè <eos>,<sos> ma non oso perché <eos>
'l l'à hervìt,ha servito,<sos> 'l l'à hervìt <eos>,<sos> ha servito <eos>
la stà-å 'n cà,stava in casa,<sos> la stà-å 'n cà <eos>,<sos> stava in casa <eos>
'l vèt che 'l vé miga,s'accorgono che non viene,<sos> 'l vèt che 'l vé miga <eos>,<sos> s'accorgono che non viene <eos>
e la ghe dìs:,lei dice:,<sos> e la ghe dìs <eos>,<sos> lei dice <eos>
e gliùrå quàndo ca l'è ri-àt fò 'l preòst,e quando è arrivato il parroco,<sos> e gliùrå quàndo ca l'è ri-àt fò 'l preòst <eos>,<sos> e quando è arrivato il parroco <eos>
pòtå li bès-ce de 'stå furèstå,gli animali di quella foresta,<sos> pòtå li bès-ce de 'stå furèstå <eos>,<sos> gli animali di quella foresta <eos>
e gliùrå l'è rampàt sö 'n de 'stå piàntå,allora s'è arrampicato sulla pianta,<sos> e gliùrå l'è rampàt sö 'n de 'stå piàntå <eos>,<sos> allora s'è arrampicato sulla pianta <eos>
dòpo i è 'nàc a mangià,poi sono andati a mangiare,<sos> dòpo i è 'nàc a mangià <eos>,<sos> poi sono andati a mangiare <eos>
difati l'è pasàt dù o tré dé,infatti due o tre giorni dopo,<sos> difati l'è pasàt dù o tré dé <eos>,<sos> infatti due o tre giorni dopo <eos>
e gliùra lé,lei,<sos> e gliùra lé <eos>,<sos> lei <eos>
"e quàndo 'l la èch, al ga dìs: — cóme mài?","quando la vede, le dice: — come mai?","<sos> e quàndo 'l la èch , al ga dìs cóme mài ? <eos>","<sos> quando la vede , le dice come mai ? <eos>"
öna piànta,un albero,<sos> öna piànta <eos>,<sos> un albero <eos>
l'è ché,è qui,<sos> l'è ché <eos>,<sos> è qui <eos>
l'à purtàt en sö,ha portato a casa,<sos> l'à purtàt en sö <eos>,<sos> ha portato a casa <eos>
i pròdi cavalièri più fòrti che gh'éra,i prodi cavalieri fra i più forti,<sos> i pròdi cavalièri più fòrti che gh'éra <eos>,<sos> i prodi cavalieri fra i più forti <eos>
e alura scapà-a de fò d'la stansa,e usciva dalla stanza,<sos> e alura scapà-a de fò d'la stansa <eos>,<sos> e usciva dalla stanza <eos>
e piö bèi,e di migliori,<sos> e piö bèi <eos>,<sos> e di migliori <eos>
e gliùrå la j à pensàt dré tütå nòt,ci ha pensato tutta la notte,<sos> e gliùrå la j à pensàt dré tütå nòt <eos>,<sos> ci ha pensato tutta la notte <eos>
e l'à dìt: « che ga habes ché ergü che la fà cór?,ha pensato: « che ci sia qualcuno fuori?,<sos> e l'à dìt che ga habes ché ergü che la fà cór ? <eos>,<sos> ha pensato che ci sia qualcuno fuori ? <eos>
"tàt ostüfa, tàt ostüfa e tàt ostüfa",era tanto stanca che,"<sos> tàt ostüfa , tàt ostüfa e tàt ostüfa <eos>",<sos> era tanto stanca che <eos>
— ondét onduè?,— dove vai?,<sos> ondét onduè ? <eos>,<sos> dove vai ? <eos>
"turné 'ndré, turné 'ndré per l'amùr di dìo",tornate indietro per l'amor di dio,"<sos> turné 'ndré , turné 'ndré per l'amùr di dìo <eos>",<sos> tornate indietro per l'amor di dio <eos>
perchè 'l se specià-å jó,perché si specchiava nell'acqua,<sos> perchè 'l se specià-å jó <eos>,<sos> perché si specchiava nell'acqua <eos>
he 'l hunà-a 'hto hivlì,per provare il suono,<sos> he 'l hunà-a 'hto hivlì <eos>,<sos> per provare il suono <eos>
e gliùrå lü 'l preòst ài gi à dìt essè:,allora il parroco gli ha detto:,<sos> e gliùrå lü 'l preòst ài gi à dìt essè <eos>,<sos> allora il parroco gli ha detto <eos>
e lü l'e stài lé,e lui è rimasto là,<sos> e lü l'e stài lé <eos>,<sos> e lui è rimasto là <eos>
— ma...,— ma...,<sos> ma . . . <eos>,<sos> ma . . . <eos>
e Piéro:,e Pietro pensa:,<sos> e piéro <eos>,<sos> e pietro pensa <eos>
e i và e i và e i và,vanno e vanno,<sos> e i và e i và e i và <eos>,<sos> vanno e vanno <eos>
òna caśilìnå,c'era una casetta,<sos> òna caśilìnå <eos>,<sos> c'era una casetta <eos>
e de ché e de lé,e così e cosà,<sos> e de ché e de lé <eos>,<sos> e così e cosà <eos>
ma i la troà-a mài nigü,ma mai nessuno lo trovava,<sos> ma i la troà-a mài nigü <eos>,<sos> ma mai nessuno lo trovava <eos>
"la 'ndà-a sö, la ga dà-a ö cüśgianì de 'st'acqua, i guarìa","saliva, dava un cucchiaino di acqua, guarivano","<sos> la 'ndà-a sö , la ga dà-a ö cüśgianì de 'st'acqua , i guarìa <eos>","<sos> saliva , dava un cucchiaino di acqua , guarivano <eos>"
fìm sò dù hachetì,preparatemi due sacchetti,<sos> fìm sò dù hachetì <eos>,<sos> preparatemi due sacchetti <eos>
che mé só stàdå mé,che sono stata io,<sos> che mé só stàdå mé <eos>,<sos> che sono stata io <eos>
'l sét che i strüså cadéne,sente trascinare delle catene,<sos> 'l sét che i strüså cadéne <eos>,<sos> sente trascinare delle catene <eos>
crómpe piö ni-ént perchè urmài l'è inütil,"non compro più niente, perché ormai è inutile",<sos> crómpe piö ni-ént perchè urmài l'è inütil <eos>,"<sos> non compro più niente , perché ormai è inutile <eos>"
che l'érå,era,<sos> che l'érå <eos>,<sos> era <eos>
quàndo che ülì decidì de spuśàf... —,— quando deciderete di sposarvi... —,<sos> quàndo che ülì decidì de spuśàf . . . <eos>,<sos> quando deciderete di sposarvi . . . <eos>
"che 'l m'à fàt tàt ol bé, pò 'l m'à... —",che mi ha fatto tanto bene?... —,"<sos> che 'l m'à fàt tàt ol bé , pò 'l m'à . . . <eos>",<sos> che mi ha fatto tanto bene ? . . . <eos>
— perchè hó fàt sö de mólta,— perché sono fatto di malta,<sos> perchè hó fàt sö de mólta <eos>,<sos> perché sono fatto di malta <eos>
ala metà,a metà,<sos> ala metà <eos>,<sos> a metà <eos>
la stàngå-pìcå-dài,la stanga-picchia-dai,<sos> la stàngå-pìcå-dài <eos>,<sos> la stanga-picchia-dai <eos>
Fratello mio tu in bocca mi tien,— fratello mio tu in bocca mi tien,<sos> fratello mio tu in bocca mi tien <eos>,<sos> fratello mio tu in bocca mi tien <eos>
edarì che möreró miga de fàm,vedrete che non moriremo di fame,<sos> edarì che möreró miga de fàm <eos>,<sos> vedrete che non moriremo di fame <eos>
te 'ndé a tò cà,vai a casa tua,<sos> te 'ndé a tò cà <eos>,<sos> vai a casa tua <eos>
che l'érå pür che òs,era solo ossa,<sos> che l'érå pür che òs <eos>,<sos> era solo ossa <eos>
con giöna h-cèta mìa tròp bèla,con una ragazza non tanto bella,<sos> con giöna h-cèta mìa tròp bèla <eos>,<sos> con una ragazza non tanto bella <eos>
« tua mòglie,« tua moglie,<sos> tua mòglie <eos>,<sos> tua moglie <eos>
va ciàme,vi chiamo,<sos> va ciàme <eos>,<sos> vi chiamo <eos>
comunque — 'l dìs —,comunque,<sos> comunque 'l dìs <eos>,<sos> comunque <eos>
uré-e 'ndà e cà,vorrei andare a casa,<sos> uré-e 'ndà e cà <eos>,<sos> vorrei andare a casa <eos>
e 'l Paulì l'è restàt salvo,e Paolino è rimasto salvo,<sos> e 'l paulì l'è restàt salvo <eos>,<sos> e paolino è rimasto salvo <eos>
e la nòt,e di notte,<sos> e la nòt <eos>,<sos> e di notte <eos>
gliò l'à mangiai fò tüt,l'orco l'ha mangiato tutto,<sos> gliò l'à mangiai fò tüt <eos>,<sos> l'orco l'ha mangiato tutto <eos>
he 'l te èt ål te màngiå!,se ti vede ti mangia!,<sos> he 'l te èt ål te màngiå ! <eos>,<sos> se ti vede ti mangia ! <eos>
pastì pastù,pastino e pastone,<sos> pastì pastù <eos>,<sos> pastino e pastone <eos>
con töta chèla compagnìa?,con tutta quella compagnia?,<sos> con töta chèla compagnìa ? <eos>,<sos> con tutta quella compagnia ? <eos>
dopo sénå la ghe dìs:,dopo la cena le dice:,<sos> dopo sénå la ghe dìs <eos>,<sos> dopo la cena le dice <eos>
— mé ó hèmper hentìt a dì,— io ho sempre sentito dire,<sos> mé ó hèmper hentìt a dì <eos>,<sos> io ho sempre sentito dire <eos>
e l'endà-a là d'ü paìs con l'óter,andava da un paese all'altro,<sos> e l'endà-a là d'ü paìs con l'óter <eos>,<sos> andava da un paese all'altro <eos>
e cói caèi rés,e coi capelli ricci,<sos> e cói caèi rés <eos>,<sos> e coi capelli ricci <eos>
alóra lé fà chè?,cos'ha fatto allora?,<sos> alóra lé fà chè ? <eos>,<sos> cos'ha fatto allora ? <eos>
e i à ìst che,hanno visto che,<sos> e i à ìst che <eos>,<sos> hanno visto che <eos>
i èra mìa cuntéc,ma loro non erano affatto contenti,<sos> i èra mìa cuntéc <eos>,<sos> ma loro non erano affatto contenti <eos>
alura,allora,<sos> alura <eos>,<sos> allora <eos>
e i m'à dèc ch'i ma tèa hö 'l formét,e mi hanno detto che ci tagliano il frumento,<sos> e i m'à dèc ch'i ma tèa hö 'l formét <eos>,<sos> e mi hanno detto che ci tagliano il frumento <eos>
i munśìå 'l làt,mungevano,<sos> i munśìå 'l làt <eos>,<sos> mungevano <eos>
— ah mé la laghe pahà perchè,"— ah, io la lascio passare perché",<sos> ah mé la laghe pahà perchè <eos>,"<sos> ah , io la lascio passare perché <eos>"
fò che ü barulì picinì picinì,tranne che a un piccolo agnello,<sos> fò che ü barulì picinì picinì <eos>,<sos> tranne che a un piccolo agnello <eos>
óltre che gh'éra piö 'l scarpulì gh'éra piö neànche,non c'erano più né ciabattino,<sos> óltre che gh'éra piö 'l scarpulì gh'éra piö neànche <eos>,<sos> non c'erano più né ciabattino <eos>
per 'nà a edì 'sto scarpulì,per andare a vedere questo ciabattino,<sos> per 'nà a edì 'sto scarpulì <eos>,<sos> per andare a vedere questo ciabattino <eos>
e gliùra lü,allora lui,<sos> e gliùra lü <eos>,<sos> allora lui <eos>
quàśe a' pentìt ål disìa: — ma pusìbel!,"quasi anche pentito, si diceva: — possibile!",<sos> quàśe a' pentìt ål disìa ma pusìbel ! <eos>,"<sos> quasi anche pentito , si diceva possibile ! <eos>"
— to n'avré mài piö bé,— non avrai più bene,<sos> to n'avré mài piö bé <eos>,<sos> non avrai più bene <eos>
a meśanót,a mezzanotte,<sos> a meśanót <eos>,<sos> a mezzanotte <eos>
e gliùrå,allora,<sos> e gliùrå <eos>,<sos> allora <eos>
— 'à śgió,— vai,<sos> 'à śgió <eos>,<sos> vai <eos>
ó ciapàt chèla śùena ché,ho preso quella giovane qui,<sos> ó ciapàt chèla śùena ché <eos>,<sos> ho preso quella giovane qui <eos>
la matìnå:,al mattino:,<sos> la matìnå <eos>,<sos> al mattino <eos>
— óndue te sé 'ndàt a tö anche l'àlbero,— dove sei andato a prendere anche l'albero,<sos> óndue te sé 'ndàt a tö anche l'àlbero <eos>,<sos> dove sei andato a prendere anche l'albero <eos>
— al dìh — a 'nà fò 'm pó,— dice — andando fuori un po',<sos> al dìh a 'nà fò 'm pó <eos>,<sos> dice andando fuori un po' <eos>
gna' télå,né tela,<sos> gna' télå <eos>,<sos> né tela <eos>
'n dula cà d'la stréå quàn' che 'l sùnå 'l meśdé,nella casa della strega quando batte il mezzogiorno,<sos> 'n dula cà d'la stréå quàn' che 'l sùnå 'l meśdé <eos>,<sos> nella casa della strega quando batte il mezzogiorno <eos>
i sìntìå e i ghe tirà-å li cu-érte,tiravano le coperte,<sos> i sìntìå e i ghe tirà-å li cu-érte <eos>,<sos> tiravano le coperte <eos>
e mé pröe lü,e noi avremo provato lei,<sos> e mé pröe lü <eos>,<sos> e noi avremo provato lei <eos>
e l'à fàt la medéśima fì,e ha fatto la stessa fine,<sos> e l'à fàt la medéśima fì <eos>,<sos> e ha fatto la stessa fine <eos>
và là 'm pó àch e pò i 'ncóntrå,"hanno camminato ancora un po', poi hanno incontrato",<sos> và là 'm pó àch e pò i 'ncóntrå <eos>,"<sos> hanno camminato ancora un po' , poi hanno incontrato <eos>"
cóme,davvero,<sos> cóme <eos>,<sos> davvero <eos>
l'è che ède miga gna' öna cà,non vedo neanche una casa,<sos> l'è che ède miga gna' öna cà <eos>,<sos> non vedo neanche una casa <eos>
ün àśen,un asino,<sos> ün àśen <eos>,<sos> un asino <eos>
— principino principino,"— principino, principino",<sos> principino principino <eos>,"<sos> principino , principino <eos>"
gliùrå,allora,<sos> gliùrå <eos>,<sos> allora <eos>
e i ghe rìå mìå e scampà,non riescono a sopravvivere,<sos> e i ghe rìå mìå e scampà <eos>,<sos> non riescono a sopravvivere <eos>
'lurà lé pòtå,così a lei,<sos> 'lurà lé pòtå <eos>,<sos> così a lei <eos>
lü 'l fà finta de durmì,fa finta di dormire,<sos> lü 'l fà finta de durmì <eos>,<sos> fa finta di dormire <eos>
de bìe,da bere,<sos> de bìe <eos>,<sos> da bere <eos>
per sèt àgn,per sette anni,<sos> per sèt àgn <eos>,<sos> per sette anni <eos>
quàch negòhe de stòfa,qualche negozio di stoffa,<sos> quàch negòhe de stòfa <eos>,<sos> qualche negozio di stoffa <eos>
ål pàså col ca-àl,a cavallo,<sos> ål pàså col ca-àl <eos>,<sos> a cavallo <eos>
"ål gh'érå déter li càmere, 'l gh'érå","c'erano le camere, era","<sos> ål gh'érå déter li càmere , 'l gh'érå <eos>","<sos> c'erano le camere , era <eos>"
l'è meśanot,è mezzanotte,<sos> l'è meśanot <eos>,<sos> è mezzanotte <eos>
— cóha fét ché? — 'l dìh,— cosa fai?,<sos> cóha fét ché ? 'l dìh <eos>,<sos> cosa fai ? <eos>
"l'è 'ndàt de chèl esciòr igliò, 'l gi à dìt:",poi è andato da quel signore e gli ha detto:,"<sos> l'è 'ndàt de chèl esciòr igliò , 'l gi à dìt <eos>",<sos> poi è andato da quel signore e gli ha detto <eos>
l'à töt sö 'l sò mangià,ha preso il suo cibo,<sos> l'à töt sö 'l sò mangià <eos>,<sos> ha preso il suo cibo <eos>
ma sèmpre vino,ma sempre vino,<sos> ma sèmpre vino <eos>,<sos> ma sempre vino <eos>
prima 'l m'à dìt esé de copaga śó töc i peöc e de netà fò 'l principe,prima però di ammazzare tutti i pidocchi e di pulire il principe,<sos> prima 'l m'à dìt esé de copaga śó töc i peöc e de netà fò 'l principe <eos>,<sos> prima però di ammazzare tutti i pidocchi e di pulire il principe <eos>
he 'l gh'èh de 'gnì amó al mónt vòh' pader?,se dovesse tornare ancora al mondo vostro padre?,<sos> he 'l gh'èh de 'gnì amó al mónt vòh' pader ? <eos>,<sos> se dovesse tornare ancora al mondo vostro padre ? <eos>
'sti dù śuenòc,i due giovanotti,<sos> 'sti dù śuenòc <eos>,<sos> i due giovanotti <eos>
dòpo te gh'é pròpe ché le meraviglie del móndo,dopo avrai davvero le meraviglie del mondo,<sos> dòpo te gh'é pròpe ché le meraviglie del móndo <eos>,<sos> dopo avrai davvero le meraviglie del mondo <eos>
che 'ste lader ìa i sò s-cèc,che quei ladri erano i suoi figli,<sos> che 'ste lader ìa i sò s-cèc <eos>,<sos> che quei ladri erano i suoi figli <eos>
— fàmol sentì a parlà!,— fammelo sentire!,<sos> fàmol sentì a parlà ! <eos>,<sos> fammelo sentire ! <eos>
la póvra fómna de pehcadùr cóme prima,la povera donna di pescatore come prima,<sos> la póvra fómna de pehcadùr cóme prima <eos>,<sos> la povera donna di pescatore come prima <eos>
l'è 'gnìt en sö piàn pianino,pian pianino,<sos> l'è 'gnìt en sö piàn pianino <eos>,<sos> pian pianino <eos>
— 'ndét a tö chè? —,— cosa vai a prendere? —,<sos> 'ndét a tö chè ? <eos>,<sos> cosa vai a prendere ? <eos>
per la campàgnå,per la campagna,<sos> per la campàgnå <eos>,<sos> per la campagna <eos>
perchè só mìa 'ndàt de dét,perché non sono entrato,<sos> perchè só mìa 'ndàt de dét <eos>,<sos> perché non sono entrato <eos>
màgrå 'mpìcå,magra stecchita,<sos> màgrå 'mpìcå <eos>,<sos> magra stecchita <eos>
mé 'l fó!,e lui: — io farò,<sos> mé 'l fó ! <eos>,<sos> e lui io farò <eos>
e óter pace,e altro pace,<sos> e óter pace <eos>,<sos> e altro pace <eos>
se nò,altrimenti no —,<sos> se nò <eos>,<sos> altrimenti no <eos>
e't mìa che la m'à dìc adèh de mìa cantà,ci ha appena detto di non far baccano,<sos> e't mìa che la m'à dìc adèh de mìa cantà <eos>,<sos> ci ha appena detto di non far baccano <eos>
hömeà-a,sembrava,<sos> hömeà-a <eos>,<sos> sembrava <eos>
e té te se salvet,e tu ti salverai,<sos> e té te se salvet <eos>,<sos> e tu ti salverai <eos>
"— nò nò, l' só che to é hàc negót de màl",— lo so che non hai fatto niente di male,"<sos> nò nò , l' só che to é hàc negót de màl <eos>",<sos> lo so che non hai fatto niente di male <eos>
e lü 'l Giuanì 'l gi à dìt essè:,e Giovannino:,<sos> e lü 'l giuanì 'l gi à dìt essè <eos>,<sos> e giovannino <eos>
"e la clòhå di pu-ì d'ór la ghe l'à hótå 'l tàol, te püdiré tölå hö","e tiene la chioccia coi pulcini d'oro sotto il tavolo, potrai prenderla","<sos> e la clòhå di pu-ì d'ór la ghe l'à hótå 'l tàol , te püdiré tölå hö <eos>","<sos> e tiene la chioccia coi pulcini d'oro sotto il tavolo , potrai prenderla <eos>"
biśògnå dàgå de mangià!,bisogna darle da mangiare!,<sos> biśògnå dàgå de mangià ! <eos>,<sos> bisogna darle da mangiare ! <eos>
adès lahé entrà piö nihù —,adesso non lasciate entrare più nessuno —,<sos> adès lahé entrà piö nihù <eos>,<sos> adesso non lasciate entrare più nessuno <eos>
ol Rè-Serpènte l'è déter on d'ünå gàbbiå de ór,il Re-Serpente è in una gabbia d'oro,<sos> ol rè-serpènte l'è déter on d'ünå gàbbiå de ór <eos>,<sos> il re-serpente è in una gabbia d'oro <eos>
difati gliùrå i h'è lagàt convince,così si sono lasciati convincere,<sos> difati gliùrå i h'è lagàt convince <eos>,<sos> così si sono lasciati convincere <eos>
e i hò öf,le uova,<sos> e i hò öf <eos>,<sos> le uova <eos>
ma 'hto hò fredèl i l'à troàt piö,ma non l'hanno più trovato,<sos> ma 'hto hò fredèl i l'à troàt piö <eos>,<sos> ma non l'hanno più trovato <eos>
ål tignì óter perchè se l'é meritàt,lo tenete voi perché ve lo siete meritato,<sos> ål tignì óter perchè se l'é meritàt <eos>,<sos> lo tenete voi perché ve lo siete meritato <eos>
ma 'l pehì 'l vegnìa mìa,ma il pesciolino non veniva,<sos> ma 'l pehì 'l vegnìa mìa <eos>,<sos> ma il pesciolino non veniva <eos>
'l paha,arriva,<sos> 'l paha <eos>,<sos> arriva <eos>
'l gh'ìa nóm Gioanì,si chiamava Giovannino,<sos> 'l gh'ìa nóm gioanì <eos>,<sos> si chiamava giovannino <eos>
ma töt ol mónt i ha 'nchinerès denàc ai mé pè,tutto il mondo si inchinerebbe davanti ai miei piedi,<sos> ma töt ol mónt i ha 'nchinerès denàc ai mé pè <eos>,<sos> tutto il mondo si inchinerebbe davanti ai miei piedi <eos>
credèndo de ri-àga a cupài tüddù a' lùr,credendo di riuscire ad amazzare tutti e due,<sos> credèndo de ri-àga a cupài tüddù a' lùr <eos>,<sos> credendo di riuscire ad amazzare tutti e due <eos>
e 'l gi à dìt: — pòtå mé,e gli ha detto:,<sos> e 'l gi à dìt pòtå mé <eos>,<sos> e gli ha detto <eos>
— pòtå l'è pròpe érå! —,— è proprio vero! —,<sos> pòtå l'è pròpe érå ! <eos>,<sos> è proprio vero ! <eos>
spuśet la mé fiölå? —,vuoi sposare mia figlia? —,<sos> spuśet la mé fiölå ? <eos>,<sos> vuoi sposare mia figlia ? <eos>
próa turna,proviamo ancora,<sos> próa turna <eos>,<sos> proviamo ancora <eos>
— nò! — 'l dìh —,— no!,<sos> nò ! 'l dìh <eos>,<sos> no ! <eos>
e t'ediré che lü,e vedrai,<sos> e t'ediré che lü <eos>,<sos> e vedrai <eos>
pòtå la matìnå i è partìc,così al mattino sono partiti,<sos> pòtå la matìnå i è partìc <eos>,<sos> così al mattino sono partiti <eos>
tàt de chèlå śét,di quella gente,<sos> tàt de chèlå śét <eos>,<sos> di quella gente <eos>
forse le pene di quel bel fior,forse le pene di quel bel fior,<sos> forse le pene di quel bel fior <eos>,<sos> forse le pene di quel bel fior <eos>
ünå sérå,una sera,<sos> ünå sérå <eos>,<sos> una sera <eos>
i ghe scàpå tüc,gli scappano tutti,<sos> i ghe scàpå tüc <eos>,<sos> gli scappano tutti <eos>
la caśèta,né casetta,<sos> la caśèta <eos>,<sos> né casetta <eos>
è 'ndàc,e sono andati,<sos> è 'ndàc <eos>,<sos> e sono andati <eos>
i ha 'ngenüche śó,si inginocchi,<sos> i ha 'ngenüche śó <eos>,<sos> si inginocchi <eos>
per chisà quàt ol tép,per chissà quanto tempo,<sos> per chisà quàt ol tép <eos>,<sos> per chissà quanto tempo <eos>
— è di Barba-di-tórdo rè,— è di Barba-di-tordo re,<sos> è di barba-di-tórdo rè <eos>,<sos> è di barba-di-tordo re <eos>
"'l l'à cahada śó turna, ma l'à lahàt la hintura mòla",e l'ha infilata ancora nella cintura lasciandola molle,"<sos> 'l l'à cahada śó turna , ma l'à lahàt la hintura mòla <eos>",<sos> e l'ha infilata ancora nella cintura lasciandola molle <eos>
"'anto — 'l dìh — ha gh'ó botép, a 'htó ché mé — 'l dìh — èh! »",che buontempo! io resto qui »,"<sos> 'anto 'l dìh ha gh'ó botép , a 'htó ché mé 'l dìh èh ! <eos>",<sos> che buontempo ! io resto qui <eos>
quàter dé,quattro giorni,<sos> quàter dé <eos>,<sos> quattro giorni <eos>
e 'l ga dìh:,e dice:,<sos> e 'l ga dìh <eos>,<sos> e dice <eos>
— de jü 'l ne 'gnìeh fò hénto!,— da uno ne escano cento!,<sos> de jü 'l ne 'gnìeh fò hénto ! <eos>,<sos> da uno ne escano cento ! <eos>
pò la gh'à metìt gió 'm pó de palanche,poi ha messo sopra un po' di soldi,<sos> pò la gh'à metìt gió 'm pó de palanche <eos>,<sos> poi ha messo sopra un po' di soldi <eos>
e và bé',e va bene,<sos> e và bé' <eos>,<sos> e va bene <eos>
e de fürtünå —,e di fortuna —,<sos> e de fürtünå <eos>,<sos> e di fortuna <eos>
al h'è metìt dré a 'gnì hö le ónde ólte,si son fatte le onde alte,<sos> al h'è metìt dré a 'gnì hö le ónde ólte <eos>,<sos> si son fatte le onde alte <eos>
e lü 'l fà:,lui risponde:,<sos> e lü 'l fà <eos>,<sos> lui risponde <eos>
— l'à dìt — l'è ché,è qui,<sos> l'à dìt l'è ché <eos>,<sos> è qui <eos>
pòtå,pota,<sos> pòtå <eos>,<sos> pota <eos>
e la gh'à domandàt se la püdì-å èdel,le ha chiesto se poteva vederlo,<sos> e la gh'à domandàt se la püdì-å èdel <eos>,<sos> le ha chiesto se poteva vederlo <eos>
— anche mé — 'l dìs — la ma piàs,— anche a me piace,<sos> anche mé 'l dìs la ma piàs <eos>,<sos> anche a me piace <eos>
dì sèrvi amó a' dèli ótre bande,dei servi anche da altre parti,<sos> dì sèrvi amó a' dèli ótre bande <eos>,<sos> dei servi anche da altre parti <eos>
per fà darvì la pórtå,per far aprire la porta,<sos> per fà darvì la pórtå <eos>,<sos> per far aprire la porta <eos>
giü per banda,uno per parte,<sos> giü per banda <eos>,<sos> uno per parte <eos>
Gioanì l'è egnìt fò,e Giovannino è uscito,<sos> gioanì l'è egnìt fò <eos>,<sos> e giovannino è uscito <eos>
l'è 'gnìt matìnå,s'è fatto mattino,<sos> l'è 'gnìt matìnå <eos>,<sos> s'è fatto mattino <eos>
di módo che i sólc,e così i soldi,<sos> di módo che i sólc <eos>,<sos> e così i soldi <eos>
ri-à-a töte,che si incontravano,<sos> ri-à-a töte <eos>,<sos> che si incontravano <eos>
— è dì Barba-di-tórdo rè,— è di Barba-di-tordo re,<sos> è dì barba-di-tórdo rè <eos>,<sos> è di barba-di-tordo re <eos>
"e pènsa e pènsa, pò 'l fà:","pensa e pensa, poi dice:","<sos> e pènsa e pènsa , pò 'l fà <eos>","<sos> pensa e pensa , poi dice <eos>"
pò i à 'ncontràt,hanno incontrato,<sos> pò i à 'ncontràt <eos>,<sos> hanno incontrato <eos>
"la ederà ch'i ga egnerà sa 'ncutra, i lo hà śà lùr chèi là","le verranno incontro, quelli lo sapranno già","<sos> la ederà ch'i ga egnerà sa 'ncutra , i lo hà śà lùr chèi là <eos>","<sos> le verranno incontro , quelli lo sapranno già <eos>"
ai hò pè,ai suoi piedi,<sos> ai hò pè <eos>,<sos> ai suoi piedi <eos>
quàndo ca l'à ìst che l'érå 'ssè,quando ha visto,<sos> quàndo ca l'à ìst che l'érå 'ssè <eos>,<sos> quando ha visto <eos>
per fà hö ö hivlì,a fare uno zufolo,<sos> per fà hö ö hivlì <eos>,<sos> a fare uno zufolo <eos>
e pò i 'ncóntrà,poi incontrano,<sos> e pò i 'ncóntrà <eos>,<sos> poi incontrano <eos>
e chèl màt ål gi à dìt essè:,quello matto ha detto:,<sos> e chèl màt ål gi à dìt essè <eos>,<sos> quello matto ha detto <eos>
quàndo l'è glià 'm pó,quando è un po' in là,<sos> quàndo l'è glià 'm pó <eos>,<sos> quando è un po' in là <eos>
encantàc già de sügür!,davvero di stucco!,<sos> encantàc già de sügür ! <eos>,<sos> davvero di stucco ! <eos>
e 'sti tuśilì i gh'éå hémper de stà 'n cà de per lùr,e i bambini rimanevano a casa da soli,<sos> e 'sti tuśilì i gh'éå hémper de stà 'n cà de per lùr <eos>,<sos> e i bambini rimanevano a casa da soli <eos>
"pòtå lü l'è stàt lé dù u tré dé, pò l'à dìt: — mé","lui è rimasto lì per due o tre giorni, poi ha detto:","<sos> pòtå lü l'è stàt lé dù u tré dé , pò l'à dìt mé <eos>","<sos> lui è rimasto lì per due o tre giorni , poi ha detto <eos>"
pò i s'è metìt tüc,poi si sono messi tutti,<sos> pò i s'è metìt tüc <eos>,<sos> poi si sono messi tutti <eos>
— mé 'nó a mèha de meśanòt —,— io vado alla messa di mezzanotte —,<sos> mé 'nó a mèha de meśanòt <eos>,<sos> io vado alla messa di mezzanotte <eos>
e copalå,e ucciderla,<sos> e copalå <eos>,<sos> e ucciderla <eos>
lü l'è 'nàt fò,il corriere,<sos> lü l'è 'nàt fò <eos>,<sos> il corriere <eos>
piàno piàno,pian piano,<sos> piàno piàno <eos>,<sos> pian piano <eos>
— cóha fala ché? —,— cosa fa qui? —,<sos> cóha fala ché ? <eos>,<sos> cosa fa qui ? <eos>
e menemà,d'un tratto,<sos> e menemà <eos>,<sos> d'un tratto <eos>
— madóna fórse i sarà anche famàc a' lùr,"— madonna, forse saranno affamati anche loro",<sos> madóna fórse i sarà anche famàc a' lùr <eos>,"<sos> madonna , forse saranno affamati anche loro <eos>"
che lù cóle orège,con le loro orecchie,<sos> che lù cóle orège <eos>,<sos> con le loro orecchie <eos>
ondò là amò e hercà hö la carità,vado ancora a cercare la carità,<sos> ondò là amò e hercà hö la carità <eos>,<sos> vado ancora a cercare la carità <eos>
e i ghe tirà-a vià li scagne,toglievano le sedie,<sos> e i ghe tirà-a vià li scagne <eos>,<sos> toglievano le sedie <eos>
e lü l'à dìt: — pàrlegne,lui ha risposto: — parlagliene,<sos> e lü l'à dìt pàrlegne <eos>,<sos> lui ha risposto parlagliene <eos>
e madóna madóna signùr!,madonna!,<sos> e madóna madóna signùr ! <eos>,<sos> madonna ! <eos>
'n d'ü tuchilì de pràt,in un pezzo di prato,<sos> 'n d'ü tuchilì de pràt <eos>,<sos> in un pezzo di prato <eos>
cume te pödet fà,come puoi fare,<sos> cume te pödet fà <eos>,<sos> come puoi fare <eos>
i ta rìa amó,che ti prendono ancora,<sos> i ta rìa amó <eos>,<sos> che ti prendono ancora <eos>
— madóna mé — 'l dìh — cóha ó éht!,"— madonna mia, cosa ho visto!",<sos> madóna mé 'l dìh cóha ó éht ! <eos>,"<sos> madonna mia , cosa ho visto ! <eos>"
hà hà ché! — l'à dìt — le la l'à scundìt gió 'n d'ùnà pignàtå,vieni qui! — l'ha nascosto in una pignatta,<sos> hà hà ché ! l'à dìt le la l'à scundìt gió 'n d'ùnà pignàtå <eos>,<sos> vieni qui ! l'ha nascosto in una pignatta <eos>
"— madóna che hòn che gh'ó, turna! —","— madonna, che sonno ancora!","<sos> madóna che hòn che gh'ó , turna ! <eos>","<sos> madonna , che sonno ancora ! <eos>"
— mé hó bù — 'l dìh — im pó de nudà —,— io so nuotare un po' —,<sos> mé hó bù 'l dìh im pó de nudà <eos>,<sos> io so nuotare un po' <eos>
gh'è ri-àc amò a tö 'm pó de bicér,sono riusciti a comperare ancora un po' di bicchieri,<sos> gh'è ri-àc amò a tö 'm pó de bicér <eos>,<sos> sono riusciti a comperare ancora un po' di bicchieri <eos>
la parlà-a con vargü,parlava con qualcuno,<sos> la parlà-a con vargü <eos>,<sos> parlava con qualcuno <eos>
— töm dré a' mé,— portami con te,<sos> töm dré a' mé <eos>,<sos> portami con te <eos>
Hàn Piéro l'è 'ndài lü,è andato,<sos> hàn piéro l'è 'ndài lü <eos>,<sos> è andato <eos>
perchè te gli ét dìt? —,perché gliel'hai detto? —,<sos> perchè te gli ét dìt ? <eos>,<sos> perché gliel'hai detto ? <eos>
gliùrå lü 'l gi à dàt la ciàf,allora quello gli ha dato la chiave,<sos> gliùrå lü 'l gi à dàt la ciàf <eos>,<sos> allora quello gli ha dato la chiave <eos>
e i cà i à senàt,che così hanno cenato,<sos> e i cà i à senàt <eos>,<sos> che così hanno cenato <eos>
lungo la vìå,per la strada,<sos> lungo la vìå <eos>,<sos> per la strada <eos>
Pómo,Pomo,<sos> pómo <eos>,<sos> pomo <eos>
— me manchel chè?,— cosa ci manca?,<sos> me manchel chè ? <eos>,<sos> cosa ci manca ? <eos>
l'è 'stàt vià amó 'm po',è stato via ancora un po',<sos> l'è 'stàt vià amó 'm po' <eos>,<sos> è stato via ancora un po' <eos>
e i ga dìs che i völ vèher pagàc,e gli dicono che vogliono essere pagati,<sos> e i ga dìs che i völ vèher pagàc <eos>,<sos> e gli dicono che vogliono essere pagati <eos>
i s'è metìt dré,si sono messi,<sos> i s'è metìt dré <eos>,<sos> si sono messi <eos>
"ma lùr g'érå famàc, famàc 'esti tuśéi",ma loro erano tanto affamati,"<sos> ma lùr g'érå famàc , famàc 'esti tuśéi <eos>",<sos> ma loro erano tanto affamati <eos>
e i hö fradilì e li höi huriline,i suoi fratellini e le sorelline,<sos> e i hö fradilì e li höi huriline <eos>,<sos> i suoi fratellini e le sorelline <eos>
— éh pòta,eh pota,<sos> éh pòta <eos>,<sos> eh pota <eos>
la troverài,la troverai,<sos> la troverài <eos>,<sos> la troverai <eos>
'stå tuśinå la lücià-å e chèl óter aś vedéå pò mìå he 'l lücià-å perchè éh ü camóh,"— lei piangeva, quell'altro non si vedeva se piangesse, essendo un camoscio",<sos> 'stå tuśinå la lücià-å e chèl óter aś vedéå pò mìå he 'l lücià-å perchè éh ü camóh <eos>,"<sos> lei piangeva , quell'altro non si vedeva se piangesse , essendo un camoscio <eos>"
fina che stüf,finché stanchi,<sos> fina che stüf <eos>,<sos> finché stanchi <eos>
istìt de négher,vestito di nero,<sos> istìt de négher <eos>,<sos> vestito di nero <eos>
quàndo l'è stàt ol mumént,quando è stato il momento,<sos> quàndo l'è stàt ol mumént <eos>,<sos> quando è stato il momento <eos>
— pòtå mé — 'l dìs —,— io,<sos> pòtå mé 'l dìs <eos>,<sos> io <eos>
e 'l péh al gh'à dìc:,il pesce gli ha detto:,<sos> e 'l péh al gh'à dìc <eos>,<sos> il pesce gli ha detto <eos>
'l ga ri-à-a mìa a capacitàs,non riusciva a capire,<sos> 'l ga ri-à-a mìa a capacitàs <eos>,<sos> non riusciva a capire <eos>
e 'l m'à dìt se,e mi ha chiesto se,<sos> e 'l m'à dìt se <eos>,<sos> e mi ha chiesto se <eos>
ala porta,alla porta,<sos> ala porta <eos>,<sos> alla porta <eos>
'està héra — 'l dìs —,— questa sera,<sos> 'està héra 'l dìs <eos>,<sos> questa sera <eos>
pòtå,pota,<sos> pòtå <eos>,<sos> pota <eos>
ah lü 'l fà-å amó 'l sò mistér,ma il frumento continuava,<sos> ah lü 'l fà-å amó 'l sò mistér <eos>,<sos> ma il frumento continuava <eos>
che gh'à fàm,abbiamo fame,<sos> che gh'à fàm <eos>,<sos> abbiamo fame <eos>
ciaperó üna ca-àgnå,— prenderò una cesta,<sos> ciaperó üna ca-àgnå <eos>,<sos> prenderò una cesta <eos>
pié de acogliènse,gli fanno tanta accoglienza,<sos> pié de acogliènse <eos>,<sos> gli fanno tanta accoglienza <eos>
adès öe daga amò brasèt,voglio dare ancora il braccio,<sos> adès öe daga amò brasèt <eos>,<sos> voglio dare ancora il braccio <eos>
al ga dìh: — to gh'é fàm?,— hai fame?,<sos> al ga dìh to gh'é fàm ? <eos>,<sos> hai fame ? <eos>
— madóna i ma scüśera tànt nèh,— mi scuseranno tanto,<sos> madóna i ma scüśera tànt nèh <eos>,<sos> mi scuseranno tanto <eos>
e gliò 'l s'è metìt dré e cùntài,poi s'è messo a contarli,<sos> e gliò 'l s'è metìt dré e cùntài <eos>,<sos> poi s'è messo a contarli <eos>
'l sa ciamà-a sciùr Piétro Bigliàrdi,si chiamava Pietro Bigliardi,<sos> 'l sa ciamà-a sciùr piétro bigliàrdi <eos>,<sos> si chiamava pietro bigliardi <eos>
mé ói de-entà öna contèsa! —,io voglio diventare una contessa! »,<sos> mé ói de-entà öna contèsa ! <eos>,<sos> io voglio diventare una contessa ! <eos>
àidem! »,aiutami! »,<sos> àidem ! <eos>,<sos> aiutami ! <eos>
"ala hvèlta, ala hvèlta",proprio alla svelta,"<sos> ala hvèlta , ala hvèlta <eos>",<sos> proprio alla svelta <eos>
difati l'è ri-àt sö,infatti è arrivato lassù,<sos> difati l'è ri-àt sö <eos>,<sos> infatti è arrivato lassù <eos>
e pò dopo,poi,<sos> e pò dopo <eos>,<sos> poi <eos>
chi mi vede,chi mi vede,<sos> chi mi vede <eos>,<sos> chi mi vede <eos>
tütå négrå,tutta nera,<sos> tütå négrå <eos>,<sos> tutta nera <eos>
la gh'à taiàt śó 'l có,e gliel'ha tagliata,<sos> la gh'à taiàt śó 'l có <eos>,<sos> e gliel'ha tagliata <eos>
e la maltratà-å 'sti dù tuśilì,che maltrattava i due bambini,<sos> e la maltratà-å 'sti dù tuśilì <eos>,<sos> che maltrattava i due bambini <eos>
se la strìa,se la strega,<sos> se la strìa <eos>,<sos> se la strega <eos>
— hé!,— ah!,<sos> hé ! <eos>,<sos> ah ! <eos>
'n mèh al bósch,in mezzo al bosco,<sos> 'n mèh al bósch <eos>,<sos> in mezzo al bosco <eos>
sàltem söla schénå dòpo nóter — ål dìs —,saltaci sulla schiena,<sos> sàltem söla schénå dòpo nóter ål dìs <eos>,<sos> saltaci sulla schiena <eos>
e flàmf,e flamf,<sos> e flàmf <eos>,<sos> e flamf <eos>
'l ghe ne stà mìå sö de śét,non ci sta nessuno,<sos> 'l ghe ne stà mìå sö de śét <eos>,<sos> non ci sta nessuno <eos>
e luśàs,alloggiati,<sos> e luśàs <eos>,<sos> alloggiati <eos>
féste!,che feste!,<sos> féste ! <eos>,<sos> che feste ! <eos>
lùr g'è 'ndàt fò,loro si sono avvicinati,<sos> lùr g'è 'ndàt fò <eos>,<sos> loro si sono avvicinati <eos>
e lü 'l di-àol al ga dìh:,il diavolo gli ha detto:,<sos> e lü 'l di-àol al ga dìh <eos>,<sos> il diavolo gli ha detto <eos>
la sérå,a sera,<sos> la sérå <eos>,<sos> a sera <eos>
l'à töt 'estå,ha preso questa,<sos> l'à töt 'estå <eos>,<sos> ha preso questa <eos>
he fì del frecàh sö de hura...,se fate baccano là sopra...,<sos> he fì del frecàh sö de hura . . . <eos>,<sos> se fate baccano là sopra . . . <eos>
e gliùra on'ótra ólta:,allora un'altra volta:,<sos> e gliùra on'ótra ólta <eos>,<sos> allora un'altra volta <eos>
e lü la matìnå l'è leàt sö,al mattino si alza,<sos> e lü la matìnå l'è leàt sö <eos>,<sos> al mattino si alza <eos>
— öh — 'l dìh —,— oh — dice —,<sos> öh 'l dìh <eos>,<sos> oh dice <eos>
i à mangiàt,poi han mangiato,<sos> i à mangiàt <eos>,<sos> poi han mangiato <eos>
e gliùrå lü,allora lui,<sos> e gliùrå lü <eos>,<sos> allora lui <eos>
cóha ölet de piö?,cosa vuoi di più?,<sos> cóha ölet de piö ? <eos>,<sos> cosa vuoi di più ? <eos>
l'è restàdå gliò 'm punì,ma è rimasta un po',<sos> l'è restàdå gliò 'm punì <eos>,<sos> ma è rimasta un po' <eos>
e alura lü l'è stàt custrèt:,e lui è stato costretto a parlare,<sos> e alura lü l'è stàt custrèt <eos>,<sos> e lui è stato costretto a parlare <eos>
chèl che ì scri-ìt!,quello che mi avete scritto,<sos> chèl che ì scri-ìt ! <eos>,<sos> quello che mi avete scritto <eos>
l'éra 'mpusìbel dórme,era impossibile dormire,<sos> l'éra 'mpusìbel dórme <eos>,<sos> era impossibile dormire <eos>
quàndo 'l rìa a cà,quando arriva a casa,<sos> quàndo 'l rìa a cà <eos>,<sos> quando arriva a casa <eos>
l'è 'ndàt sö cóla màmå,è andato da sua madre,<sos> l'è 'ndàt sö cóla màmå <eos>,<sos> è andato da sua madre <eos>
e la endìå li scüdèle,vendeva scodelle,<sos> e la endìå li scüdèle <eos>,<sos> vendeva scodelle <eos>
e le lètre te é cambiàde té! —,e sei stato tu a cambiare le lettere! —,<sos> e le lètre te é cambiàde té ! <eos>,<sos> e sei stato tu a cambiare le lettere ! <eos>
he 'l tróe mìa,se non lo trovo,<sos> he 'l tróe mìa <eos>,<sos> se non lo trovo <eos>
e pò 'l ghe gi à purtàc,poi le ha portate,<sos> e pò 'l ghe gi à purtàc <eos>,<sos> poi le ha portate <eos>
gh'éra gnè' hò pader gnè hò mader,"non avevano né padre, né madre",<sos> gh'éra gnè' hò pader gnè hò mader <eos>,"<sos> non avevano né padre , né madre <eos>"
l'érå urmài l'ùrå,era ormai l'ora,<sos> l'érå urmài l'ùrå <eos>,<sos> era ormai l'ora <eos>
tölå hö 'm pó a' té la pórtå perché l'è gréå! —,"— prendi un po' anche tu la porta, perché è pesante! —",<sos> tölå hö 'm pó a' té la pórtå perché l'è gréå ! <eos>,"<sos> prendi un po' anche tu la porta , perché è pesante ! <eos>"
a horpahà chèl fiöm lé,a passare oltre quel fiume,<sos> a horpahà chèl fiöm lé <eos>,<sos> a passare oltre quel fiume <eos>
sögliò gh'è sö de mangià,là c'è da mangiare,<sos> sögliò gh'è sö de mangià <eos>,<sos> là c'è da mangiare <eos>
la gh'à fàt sö 'ste dù hachelì,le ha preparato i due sacchetti,<sos> la gh'à fàt sö 'ste dù hachelì <eos>,<sos> le ha preparato i due sacchetti <eos>
se möre gna' mé...,se morirò anch'io...,<sos> se möre gna' mé . . . <eos>,<sos> se morirò anch'io . . . <eos>
bé' óter,beh,<sos> bé' óter <eos>,<sos> beh <eos>
e la 'l vàrdå e pò la ga dìs:,lo guarda e gli dice:,<sos> e la 'l vàrdå e pò la ga dìs <eos>,<sos> lo guarda e gli dice <eos>
pìcol ma bèl,piccolo ma bello,<sos> pìcol ma bèl <eos>,<sos> piccolo ma bello <eos>
pröa śgiü,provano con uno,<sos> pröa śgiü <eos>,<sos> provano con uno <eos>
lé la gh'à cöntàt sö töta la hò stòria,lei gli ha raccontato tutta la sua storia,<sos> lé la gh'à cöntàt sö töta la hò stòria <eos>,<sos> lei gli ha raccontato tutta la sua storia <eos>
'm gh'à de mangià fìn che...,ne abbiamo finché vogliamo,<sos> 'm gh'à de mangià fìn che . . . <eos>,<sos> ne abbiamo finché vogliamo <eos>
m'à ligàt i nòs' ca-ài gliò de fò,abbiamo legato i nostri cavalli di fuori,<sos> m'à ligàt i nòs' ca-ài gliò de fò <eos>,<sos> abbiamo legato i nostri cavalli di fuori <eos>
só turnàt ondré — 'l dìs —,sono tornato indietro,<sos> só turnàt ondré 'l dìs <eos>,<sos> sono tornato indietro <eos>
fò de chèl scarpulì,da quel ciabattino,<sos> fò de chèl scarpulì <eos>,<sos> da quel ciabattino <eos>
e g'è chis' ché,sono loro,<sos> e g'è chis' ché <eos>,<sos> sono loro <eos>
e lü 'l cumincià-å e 'gnì 'n fastide,e il ragazzo cominciava a preoccuparsi,<sos> e lü 'l cumincià-å e 'gnì 'n fastide <eos>,<sos> e il ragazzo cominciava a preoccuparsi <eos>
perchè àrdå che he de nò i lader,perché altrimenti i ladri,<sos> perchè àrdå che he de nò i lader <eos>,<sos> perché altrimenti i ladri <eos>
e lü alura 'l sa férma,s'è fermato,<sos> e lü alura 'l sa férma <eos>,<sos> s'è fermato <eos>
pórte de mangià,porterò da mangiare,<sos> pórte de mangià <eos>,<sos> porterò da mangiare <eos>
e lé la gh'à dìt: — pórtå pahénså che apénå che 'l gnirà vià ö guiulì,la bambina risponde: — porta pazienza che appena incontreremo una pozza d'acqua,<sos> e lé la gh'à dìt pórtå pahénså che apénå che 'l gnirà vià ö guiulì <eos>,<sos> la bambina risponde porta pazienza che appena incontreremo una pozza d'acqua <eos>
i gh'ìa 'l culùr dol arcobaleno,avevano i colori dell'arcobaleno,<sos> i gh'ìa 'l culùr dol arcobaleno <eos>,<sos> avevano i colori dell'arcobaleno <eos>
m'à fàt negóta 'nfì,"non facciamo niente, in fondo",<sos> m'à fàt negóta 'nfì <eos>,"<sos> non facciamo niente , in fondo <eos>"
fato stà e tè,fatto sta,<sos> fato stà e tè <eos>,<sos> fatto sta <eos>
e 'l varda śó,ha guardato giù,<sos> e 'l varda śó <eos>,<sos> ha guardato giù <eos>
"e la h'è ciapàt la pùrå, l'à dìt: « adès — l'à dìt — i à ìst ol mé fradèl! »",ha preso paura e s'è detta: « adesso hanno visto mio fratello! »,"<sos> e la h'è ciapàt la pùrå , l'à dìt adès l'à dìt i à ìst ol mé fradèl ! <eos>",<sos> ha preso paura e s'è detta adesso hanno visto mio fratello ! <eos>
i gh'i a dà de fò ai cà de mangià,le hanno date da mangiare ai cani di fuori,<sos> i gh'i a dà de fò ai cà de mangià <eos>,<sos> le hanno date da mangiare ai cani di fuori <eos>
e lùr i ghe n'éå jó a' lùr,anche loro avevano un tavolo,<sos> e lùr i ghe n'éå jó a' lùr <eos>,<sos> anche loro avevano un tavolo <eos>
tanto gh'éra ché 'l mé papà,tanto c'era mio padre,<sos> tanto gh'éra ché 'l mé papà <eos>,<sos> tanto c'era mio padre <eos>
— al m'à dìc isé la mé fómna,— la mia donna mi ha detto,<sos> al m'à dìc isé la mé fómna <eos>,<sos> la mia donna mi ha detto <eos>
i à töt sö 'l sò fagutì de bindéi e po',hanno preso il loro fagottino di vestiti e poi,<sos> i à töt sö 'l sò fagutì de bindéi e po' <eos>,<sos> hanno preso il loro fagottino di vestiti e poi <eos>
tütå la ca-àgnå,tutta la cesta,<sos> tütå la ca-àgnå <eos>,<sos> tutta la cesta <eos>
öh gh'è tép per l'öltema nòt! —,c'è tempo per l'ultima notte!,<sos> öh gh'è tép per l'öltema nòt ! <eos>,<sos> c'è tempo per l'ultima notte ! <eos>
'm te farà hö rejna! —,— ti faremo regina! —,<sos> 'm te farà hö rejna ! <eos>,<sos> ti faremo regina ! <eos>
lü al ta darà di ótre indicassiù —,lui ti darà altre indicazioni —,<sos> lü al ta darà di ótre indicassiù <eos>,<sos> lui ti darà altre indicazioni <eos>
e chèla pihènå l'à dìt: — endaró mé — l'à dìt — che edarì che mé ghe ri-eró —,"allora quella piccola ha detto: — andrò io, vedrete che io riuscirò —",<sos> e chèla pihènå l'à dìt endaró mé l'à dìt che edarì che mé ghe ri-eró <eos>,"<sos> allora quella piccola ha detto andrò io , vedrete che io riuscirò <eos>"
la gh'érå pò ri-àdå a' lé a rüspà 'n punì de argótå,era riuscita a mettere insieme qualcosa,<sos> la gh'érå pò ri-àdå a' lé a rüspà 'n punì de argótå <eos>,<sos> era riuscita a mettere insieme qualcosa <eos>
l'è che chèl l'éra prefondàt,nella traversata,<sos> l'è che chèl l'éra prefondàt <eos>,<sos> nella traversata <eos>
la ga dìs:,gli ha detto:,<sos> la ga dìs <eos>,<sos> gli ha detto <eos>
de lé a cà,dalla casa,<sos> de lé a cà <eos>,<sos> dalla casa <eos>
fà chè pò ché adès?,« cosa faccio adesso?,<sos> fà chè pò ché adès ? <eos>,<sos> cosa faccio adesso ? <eos>
compléto,completo,<sos> compléto <eos>,<sos> completo <eos>
e la starà ché a fàt compagnìa,starà qui a farvi compagnia,<sos> e la starà ché a fàt compagnìa <eos>,<sos> starà qui a farvi compagnia <eos>
i bràh,le braccia,<sos> i bràh <eos>,<sos> le braccia <eos>
che 'l me tócå laurà he 'm völ mangià! —,dobbiamo lavorare se vogliamo mangiare! —,<sos> che 'l me tócå laurà he 'm völ mangià ! <eos>,<sos> dobbiamo lavorare se vogliamo mangiare ! <eos>
và bé' ghe staró —,ci starò —,<sos> và bé' ghe staró <eos>,<sos> ci starò <eos>
hó fü-jt,sono scappato,<sos> hó fü-jt <eos>,<sos> sono scappato <eos>
"e lü l'à dìt essè: — nò nò, hét màt e fà jó 'l pihòt!","e l'altro: — no no, sei matto a farla!","<sos> e lü l'à dìt essè nò nò , hét màt e fà jó 'l pihòt ! <eos>","<sos> e l'altro no no , sei matto a farla ! <eos>"
e pò di ölte la ga hà-a a' di schèrs,e a volte faceva dei dispetti,<sos> e pò di ölte la ga hà-a a' di schèrs <eos>,<sos> e a volte faceva dei dispetti <eos>
chèsto — 'l dìs — l'è innocènte compléto,lui è del tutto innocente,<sos> chèsto 'l dìs l'è innocènte compléto <eos>,<sos> lui è del tutto innocente <eos>
e po' dòpo,poi,<sos> e po' dòpo <eos>,<sos> poi <eos>
'l gi à metìc ogliò 'n da sò cuśìnå,li ha portati nella sua cucina,<sos> 'l gi à metìc ogliò 'n da sò cuśìnå <eos>,<sos> li ha portati nella sua cucina <eos>
'l ghe paréå mìå lü,non le sembrava quello,<sos> 'l ghe paréå mìå lü <eos>,<sos> non le sembrava quello <eos>
i à bi-ìt,bevuto,<sos> i à bi-ìt <eos>,<sos> bevuto <eos>
e pò 'à e hercà la carità 'n di paìs,e poi vai a cercare la carità nei paesi,<sos> e pò 'à e hercà la carità 'n di paìs <eos>,<sos> e poi vai a cercare la carità nei paesi <eos>
e de l'albèrgo,e dell'albergo,<sos> e de l'albèrgo <eos>,<sos> e dell'albergo <eos>
i m'à dìc issé e... —,mi hanno detto... — ,<sos> i m'à dìc issé e . . . <eos>,<sos> mi hanno detto . . . <eos>
và bé 'ssé,va bene così,<sos> và bé 'ssé <eos>,<sos> va bene così <eos>
"e 'ntrehà dòli córde de li-àne, de che po'",intrecciando delle corde di liana,"<sos> e 'ntrehà dòli córde de li-àne , de che po' <eos>",<sos> intrecciando delle corde di liana <eos>
lé la h'è metìdå dré a hunà de per lé,quella si è messa a suonare da sola,<sos> lé la h'è metìdå dré a hunà de per lé <eos>,<sos> quella si è messa a suonare da sola <eos>
'nvéce,invece,<sos> 'nvéce <eos>,<sos> invece <eos>
ogliùrå i à ciapàt la statua de marmo,allora han preso la statua di marmo,<sos> ogliùrå i à ciapàt la statua de marmo <eos>,<sos> allora han preso la statua di marmo <eos>
e pò la gh'à dìt,e poi ha detto,<sos> e pò la gh'à dìt <eos>,<sos> e poi ha detto <eos>
ö taulì,un tavolino:,<sos> ö taulì <eos>,<sos> un tavolino <eos>
'l ha ulta per tö hö 'l rèmo,si volta per prendere il remo,<sos> 'l ha ulta per tö hö 'l rèmo <eos>,<sos> si volta per prendere il remo <eos>
alura l'è 'ndàc a cà,allora il re è andato a casa,<sos> alura l'è 'ndàc a cà <eos>,<sos> allora il re è andato a casa <eos>
l'è 'ndàt amò 'n chèl pòst,è andato ancora al solito posto,<sos> l'è 'ndàt amò 'n chèl pòst <eos>,<sos> è andato ancora al solito posto <eos>
« madóna mé che belèha! »,« madonna che bellezza! »,<sos> madóna mé che belèha ! <eos>,<sos> madonna che bellezza ! <eos>
la metìå śgió,metteva,<sos> la metìå śgió <eos>,<sos> metteva <eos>
in sà e glià,in qua e in là,<sos> in sà e glià <eos>,<sos> in qua e in là <eos>
a fà hecà,a seccare,<sos> a fà hecà <eos>,<sos> a seccare <eos>
'n d'ünà cità,in una città,<sos> 'n d'ünà cità <eos>,<sos> in una città <eos>
"che 'ssè 'l Signùr ål te aidarà, pò 'l te",così il Signore ti aiuterà e ti,"<sos> che 'ssè 'l signùr ål te aidarà , pò 'l te <eos>",<sos> così il signore ti aiuterà e ti <eos>
en mèh ai bósch,in mezzo ai boschi,<sos> en mèh ai bósch <eos>,<sos> in mezzo ai boschi <eos>
'nfati,comunque,<sos> 'nfati <eos>,<sos> comunque <eos>
dol pùt,dal ponte,<sos> dol pùt <eos>,<sos> dal ponte <eos>
la h'è metida dré a tetàl śó,si è messa a succhiarlo,<sos> la h'è metida dré a tetàl śó <eos>,<sos> si è messa a succhiarlo <eos>
menemà,ma,<sos> menemà <eos>,<sos> ma <eos>
e 'l cùr,e corre,<sos> e 'l cùr <eos>,<sos> e corre <eos>
hét pò mìå bù da fà hìto che lùr e la hà mìå? —,non sei capace di stare zitto che loro non lo sanno? —,<sos> hét pò mìå bù da fà hìto che lùr e la hà mìå ? <eos>,<sos> non sei capace di stare zitto che loro non lo sanno ? <eos>
śvegnìt,svenuto,<sos> śvegnìt <eos>,<sos> svenuto <eos>
— ma — 'l dìs — cóme mài ghe séf pò ìf?,come mai siete ancora vivi?,<sos> ma 'l dìs cóme mài ghe séf pò ìf ? <eos>,<sos> come mai siete ancora vivi ? <eos>
e 'gnì 'n gió,a venire giù,<sos> e 'gnì 'n gió <eos>,<sos> a venire giù <eos>
'l fà 'l sò mistér,che fa il suo bisogno,<sos> 'l fà 'l sò mistér <eos>,<sos> che fa il suo bisogno <eos>
lü 'l pàrt,e il corriere è partito,<sos> lü 'l pàrt <eos>,<sos> e il corriere è partito <eos>
fin che la èch 'esto albèrgo,finché vede l'albergo,<sos> fin che la èch 'esto albèrgo <eos>,<sos> finché vede l'albergo <eos>
'nó dét mé,entro io,<sos> 'nó dét mé <eos>,<sos> entro io <eos>
la ga dìs:,che le dice:,<sos> la ga dìs <eos>,<sos> che le dice <eos>
pòtå üna nòt l'è 'gnìt ol róspo,una notte il rospo è venuto,<sos> pòtå üna nòt l'è 'gnìt ol róspo <eos>,<sos> una notte il rospo è venuto <eos>
— vé de déter —,— entra —,<sos> vé de déter <eos>,<sos> entra <eos>
chi ca ìa hàc piö tànt màl,chi avesse fatto più male,<sos> chi ca ìa hàc piö tànt màl <eos>,<sos> chi avesse fatto più male <eos>
"e spèta 'l famèi, 'l ga dìs: — ma...",ha aspettato il famiglio e gli ha detto:,"<sos> e spèta 'l famèi , 'l ga dìs ma . . . <eos>",<sos> ha aspettato il famiglio e gli ha detto <eos>
i à fàt gió ü büs,hanno fatto un buco,<sos> i à fàt gió ü büs <eos>,<sos> hanno fatto un buco <eos>
óter,altro,<sos> óter <eos>,<sos> altro <eos>
"e 'l fà, 'l dìs:",e lui dice:,"<sos> e 'l fà , 'l dìs <eos>",<sos> e lui dice <eos>
al paha lé a chèl albèrgo 'ndo gh'éra lé,passa da quell'albergo dove c'era lei,<sos> al paha lé a chèl albèrgo 'ndo gh'éra lé <eos>,<sos> passa da quell'albergo dove c'era lei <eos>
"— principino, principino","— principino, principino","<sos> principino , principino <eos>","<sos> principino , principino <eos>"
gh'ó ünå palasìnå,ho un piccolo palazzo,<sos> gh'ó ünå palasìnå <eos>,<sos> ho un piccolo palazzo <eos>
ì à sunàt l'Ave Marìå dèlå matìnå,han suonato l'Ave Maria del mattino,<sos> ì à sunàt l'ave marìå dèlå matìnå <eos>,<sos> han suonato l'ave maria del mattino <eos>
e la galìnà,e la gallina,<sos> e la galìnà <eos>,<sos> e la gallina <eos>
— adès pórtem la mé chitàrå —,— adesso portami la chitarra! —,<sos> adès pórtem la mé chitàrå <eos>,<sos> adesso portami la chitarra ! <eos>
pèstega śó 'l pèc ala aca,e taglia alla mucca la mammella,<sos> pèstega śó 'l pèc ala aca <eos>,<sos> e taglia alla mucca la mammella <eos>
gliùrå — 'l dìs —,— allora,<sos> gliùrå 'l dìs <eos>,<sos> allora <eos>
àrdå,guarda,<sos> àrdå <eos>,<sos> guarda <eos>
e i nà-a de hura per ciapà chèi dù che gh'éra hö 'n cuśìna,sono saliti di sopra per prendere quei due che erano in cucina,<sos> e i nà-a de hura per ciapà chèi dù che gh'éra hö 'n cuśìna <eos>,<sos> sono saliti di sopra per prendere quei due che erano in cucina <eos>
la s'è metida dré chèl'àcquå,e quella s'è messa,<sos> la s'è metida dré chèl'àcquå <eos>,<sos> e quella s'è messa <eos>
— sé và,— si vai,<sos> sé và <eos>,<sos> si vai <eos>
ol gàl,il gallo,<sos> ol gàl <eos>,<sos> il gallo <eos>
ma dòpo,ma poi,<sos> ma dòpo <eos>,<sos> ma poi <eos>
pò 'l rìå ü bèl śuenòt,poi un bel giovanotto,<sos> pò 'l rìå ü bèl śuenòt <eos>,<sos> poi un bel giovanotto <eos>
e 'nvéce li fómne la i éå tignide lé de fale laurà,le donne invece le aveva messe a lavorare,<sos> e 'nvéce li fómne la i éå tignide lé de fale laurà <eos>,<sos> le donne invece le aveva messe a lavorare <eos>
la śgi à la-àc bé,le ha lavate bene,<sos> la śgi à la-àc bé <eos>,<sos> le ha lavate bene <eos>
« pötòht de fenì 'n fónt a chèla preśù dèla tór,« piuttosto che finire in fondo a quella prigione nella torre,<sos> pötòht de fenì 'n fónt a chèla preśù dèla tór <eos>,<sos> piuttosto che finire in fondo a quella prigione nella torre <eos>
"'m pó de śét, je dumàndå: — gh'éf argótå de fàm fà? —","un po' di gente, domandano: — avete qualcosa da farci fare? —","<sos> 'm pó de śét , je dumàndå gh'éf argótå de fàm fà ? <eos>","<sos> un po' di gente , domandano avete qualcosa da farci fare ? <eos>"
óter che la nòt quàn' che ègne,solo che quando vengo di notte,<sos> óter che la nòt quàn' che ègne <eos>,<sos> solo che quando vengo di notte <eos>
— coh'ét fàc sö 'n héma?,— cos'hai fatto lassù in cima?,<sos> coh'ét fàc sö 'n héma ? <eos>,<sos> cos'hai fatto lassù in cima ? <eos>
l'à picàt ol có cùntrå üna cornå,ha picchiato la testa contro una roccia,<sos> l'à picàt ol có cùntrå üna cornå <eos>,<sos> ha picchiato la testa contro una roccia <eos>
e i s'è spuśàc,si sono sposati,<sos> e i s'è spuśàc <eos>,<sos> si sono sposati <eos>
a fài möre,a farli morire,<sos> a fài möre <eos>,<sos> a farli morire <eos>
perchè 'n del metì dét i pè a traersà,perché appena si mettono dentro i piedi per attraversare,<sos> perchè 'n del metì dét i pè a traersà <eos>,<sos> perché appena si mettono dentro i piedi per attraversare <eos>
e pòtå,e pota,<sos> e pòtå <eos>,<sos> e pota <eos>
— ah — 'l dìs — a 'ndó a tö a' chèl! —,"— ah, vado a prendere anche quello! —",<sos> ah 'l dìs a 'ndó a tö a' chèl ! <eos>,"<sos> ah , vado a prendere anche quello ! <eos>"
e 'l gnìa e cà stüf,tornava a casa stanco,<sos> e 'l gnìa e cà stüf <eos>,<sos> tornava a casa stanco <eos>
— se te me dé ünà d'li tòi cavre,— se mi dai una delle tue capre,<sos> se te me dé ünà d'li tòi cavre <eos>,<sos> se mi dai una delle tue capre <eos>
poarì a' lü,anche lui poveretto,<sos> poarì a' lü <eos>,<sos> anche lui poveretto <eos>
ha l'è töt per chèl lé,se è così,<sos> ha l'è töt per chèl lé <eos>,<sos> se è così <eos>
— ah — dìh —,— ah — dice —,<sos> ah dìh <eos>,<sos> ah dice <eos>
dèla finestra,dalla finestra,<sos> dèla finestra <eos>,<sos> dalla finestra <eos>
l'à ciamàt tüc i bes-ciàm,li ha chiamati tutti a raccolta,<sos> l'à ciamàt tüc i bes-ciàm <eos>,<sos> li ha chiamati tutti a raccolta <eos>
altrimènti mé i lahe mìa ègner dét —,entrare non vi lascio,<sos> altrimènti mé i lahe mìa ègner dét <eos>,<sos> entrare non vi lascio <eos>
a gh'è 'l marchés,c'è il marchese,<sos> a gh'è 'l marchés <eos>,<sos> c'è il marchese <eos>
e te ègnet ensèm con mé,adesso verrai con me,<sos> e te ègnet ensèm con mé <eos>,<sos> adesso verrai con me <eos>
ca la spühå pà a' póch!,puzza così poco!,<sos> ca la spühå pà a' póch ! <eos>,<sos> puzza così poco ! <eos>
e 'l ga dìh: — cóha ölet?,e il pesce gli chiede: — cosa vuoi?,<sos> e 'l ga dìh cóha ölet ? <eos>,<sos> e il pesce gli chiede cosa vuoi ? <eos>
— al sìf — al dìh — incö — 'l dìh —,— sapete che oggi,<sos> al sìf al dìh incö 'l dìh <eos>,<sos> sapete che oggi <eos>
fìn che i à üt finìt la mèhå,finché la messa è finita,<sos> fìn che i à üt finìt la mèhå <eos>,<sos> finché la messa è finita <eos>
a dìghel,a dirglielo,<sos> a dìghel <eos>,<sos> a dirglielo <eos>
e 'l gh'à dìt: — scùltem bé,ascoltami bene,<sos> e 'l gh'à dìt scùltem bé <eos>,<sos> ascoltami bene <eos>
chìgå śechì! —,caga zecchini! —,<sos> chìgå śechì ! <eos>,<sos> caga zecchini ! <eos>
'l và ala campagna lé,va alla campagna,<sos> 'l và ala campagna lé <eos>,<sos> va alla campagna <eos>
lagàt pasà quàch dé,ha lasciato passare qualche giorno,<sos> lagàt pasà quàch dé <eos>,<sos> ha lasciato passare qualche giorno <eos>
de metì śó 'l mé tabàch,dove mettere il mio tabacco,<sos> de metì śó 'l mé tabàch <eos>,<sos> dove mettere il mio tabacco <eos>
ghe l' faró dì,gli chiederò io cos'ha,<sos> ghe l' faró dì <eos>,<sos> gli chiederò io cos'ha <eos>
gì à 'nvidàt,hanno invitato,<sos> gì à 'nvidàt <eos>,<sos> hanno invitato <eos>
"l'è 'mpusìbel, va mìå, scultem mé","è impossibile, non andare, ascolta me!","<sos> l'è 'mpusìbel , va mìå , scultem mé <eos>","<sos> è impossibile , non andare , ascolta me ! <eos>"
"e i l'éra hèmper tegnida lé, la ga fà-a 'm pó i mestér","l'avevano sempre tenuta con loro, faceva i mestieri","<sos> e i l'éra hèmper tegnida lé , la ga fà-a 'm pó i mestér <eos>","<sos> l'avevano sempre tenuta con loro , faceva i mestieri <eos>"
"— pehì, bèl pehì","— pesciolino, bel pesciolino","<sos> pehì , bèl pehì <eos>","<sos> pesciolino , bel pesciolino <eos>"
lü 'l ga fà edì ol cà,lui le ha indicato il cane,<sos> lü 'l ga fà edì ol cà <eos>,<sos> lui le ha indicato il cane <eos>
— àrdå mé cume hó stàdå fürbå,« guarda come sono stata furba,<sos> àrdå mé cume hó stàdå fürbå <eos>,<sos> guarda come sono stata furba <eos>
ol sò banchèt,la sua bancarella,<sos> ol sò banchèt <eos>,<sos> la sua bancarella <eos>
e 'l prìncipe 'l sa h'è inemuràt de 'stå tùśå,e il principe s'è innamorato della ragazza,<sos> e 'l prìncipe 'l sa h'è inemuràt de 'stå tùśå <eos>,<sos> e il principe s'è innamorato della ragazza <eos>
éh,eh,<sos> éh <eos>,<sos> eh <eos>
però dumàndem pò piö di piasér,però non domandarmi più dei piaceri,<sos> però dumàndem pò piö di piasér <eos>,<sos> però non domandarmi più dei piaceri <eos>
dòpo 'sto,poi,<sos> dòpo 'sto <eos>,<sos> poi <eos>
ma mé l'ó mài véht,ma non l'ho mai visto,<sos> ma mé l'ó mài véht <eos>,<sos> ma non l'ho mai visto <eos>
om pó de argótå,un po' di cose,<sos> om pó de argótå <eos>,<sos> un po' di cose <eos>
e l'è stada dét lé,ed è rimasta là,<sos> e l'è stada dét lé <eos>,<sos> ed è rimasta là <eos>
i fregaröi,i fregaròli,<sos> i fregaröi <eos>,<sos> i fregaròli <eos>
i ga dìh lùr i lader,dicono i ladri,<sos> i ga dìh lùr i lader <eos>,<sos> dicono i ladri <eos>
tüt enrüśginét e gliùra l'à dìt: « ol làrt ål dróe,tutto arrugginito e allora pensa: « adoprerò il lardo,<sos> tüt enrüśginét e gliùra l'à dìt ol làrt ål dróe <eos>,<sos> tutto arrugginito e allora pensa adoprerò il lardo <eos>
che nóter m'està 'ssè mài bé ché! —,noi stiamo tanto bene qui! —,<sos> che nóter m'està 'ssè mài bé ché ! <eos>,<sos> noi stiamo tanto bene qui ! <eos>
te ghe daré,darai loro,<sos> te ghe daré <eos>,<sos> darai loro <eos>
höl bèl dóla nòt,notte alta,<sos> höl bèl dóla nòt <eos>,<sos> notte alta <eos>
che i màngiå,che mangiano,<sos> che i màngiå <eos>,<sos> che mangiano <eos>
'sto sö fradèl l'è sö 'n d'ünà muntàgnå,il fratello è su una montagna,<sos> 'sto sö fradèl l'è sö 'n d'ünà muntàgnå <eos>,<sos> il fratello è su una montagna <eos>
'zzé pulìt?,cosi pulito?,<sos> 'zzé pulìt ? <eos>,<sos> cosi pulito ? <eos>
al ha mèt idre a 'gnì hö le ónde ólte,le onde cominciano a diventare alte,<sos> al ha mèt idre a 'gnì hö le ónde ólte <eos>,<sos> le onde cominciano a diventare alte <eos>
e bicér,bicchieri,<sos> e bicér <eos>,<sos> bicchieri <eos>
— e 'ssé,e così,<sos> e 'ssé <eos>,<sos> e così <eos>
Rùscå,Rusca,<sos> rùscå <eos>,<sos> rusca <eos>
che ta ga ri-eré mài,ma vedrai che non ci riuscirai mai,<sos> che ta ga ri-eré mài <eos>,<sos> ma vedrai che non ci riuscirai mai <eos>
— gliùrå,— allora,<sos> gliùrå <eos>,<sos> allora <eos>
mé dumà de matina öe i materàs!,per domani mattina voglio i materassi!,<sos> mé dumà de matina öe i materàs ! <eos>,<sos> per domani mattina voglio i materassi ! <eos>
e 'l gh'à dìt:,e lui ha detto:,<sos> e 'l gh'à dìt <eos>,<sos> e lui ha detto <eos>
— m'à mangiàt ahé —,— abbiamo mangiato abbastanza —,<sos> m'à mangiàt ahé <eos>,<sos> abbiamo mangiato abbastanza <eos>
ü bèl dé,un bel giorno,<sos> ü bèl dé <eos>,<sos> un bel giorno <eos>
— àm pò de fà che?,— cosa dobbiamo fare?,<sos> àm pò de fà che ? <eos>,<sos> cosa dobbiamo fare ? <eos>
l'è dàdå fò di stràs,è uscita dai gangheri,<sos> l'è dàdå fò di stràs <eos>,<sos> è uscita dai gangheri <eos>
— te gh'é fàt bé — la dìs — a dimlo —,— hai fatto bene a dirmelo —,<sos> te gh'é fàt bé la dìs a dimlo <eos>,<sos> hai fatto bene a dirmelo <eos>
e la dervìe là,e la riaprivo là —,<sos> e la dervìe là <eos>,<sos> e la riaprivo là <eos>
« cóme mài la mé mama,come mai la mamma,<sos> cóme mài la mé mama <eos>,<sos> come mai la mamma <eos>
e te i mètet,e lasciali,<sos> e te i mètet <eos>,<sos> e lasciali <eos>
tira inàs a mangià,almeno mangiavano,<sos> tira inàs a mangià <eos>,<sos> almeno mangiavano <eos>
déter tüc!,e tutti sono entrati,<sos> déter tüc ! <eos>,<sos> e tutti sono entrati <eos>
'l sént amò chèlå ùs:,sente quella voce:,<sos> 'l sént amò chèlå ùs <eos>,<sos> sente quella voce <eos>
"— nò nò, òi hai negóta",— io non voglio sapere niente,"<sos> nò nò , òi hai negóta <eos>",<sos> io non voglio sapere niente <eos>
che gh'è öna strada deśèrta,c'è una strada deserta,<sos> che gh'è öna strada deśèrta <eos>,<sos> c'è una strada deserta <eos>
— madóna — 'l dìh — l'è 'l mé papà — 'l dìh —,"— madonna, è mio padre",<sos> madóna 'l dìh l'è 'l mé papà 'l dìh <eos>,"<sos> madonna , è mio padre <eos>"
da 'gni sö söbet! —,venga subito! —,<sos> da 'gni sö söbet ! <eos>,<sos> venga subito ! <eos>
se te me laghet parla,lasciami parlare,<sos> se te me laghet parla <eos>,<sos> lasciami parlare <eos>
— ét dìt chè té tùh?,— cos'hai detto ragazzo?,<sos> ét dìt chè té tùh ? <eos>,<sos> cos'hai detto ragazzo ? <eos>
éra trì fredèi,Erano tre fratelli,<sos> éra trì fredèi <eos>,<sos> erano tre fratelli <eos>
— hó che töt quànt südàt che basta! —,— sono qui tutto sudato!,<sos> hó che töt quànt südàt che basta ! <eos>,<sos> sono qui tutto sudato ! <eos>
ó miga ést gna' de che banda l'è 'nada —,non ho neppure visto da che parte è andata —,<sos> ó miga ést gna' de che banda l'è 'nada <eos>,<sos> non ho neppure visto da che parte è andata <eos>
la 'gnìà sö,usciva,<sos> la 'gnìà sö <eos>,<sos> usciva <eos>
che adès ghe hó ri-àdå,sono riuscita,<sos> che adès ghe hó ri-àdå <eos>,<sos> sono riuscita <eos>
biśógnå che 'l vàe sö ünà persùnå a fàs mangià,una persona deve andare a farsi mangiare,<sos> biśógnå che 'l vàe sö ünà persùnå a fàs mangià <eos>,<sos> una persona deve andare a farsi mangiare <eos>
— tè,— te,<sos> tè <eos>,<sos> te <eos>
e lü 'l furmét — ål dìs —,ma si vede che il frumento,<sos> e lü 'l furmét ål dìs <eos>,<sos> ma si vede che il frumento <eos>
— turne mìå 'ndré! —,— non torno indietro!,<sos> turne mìå 'ndré ! <eos>,<sos> non torno indietro ! <eos>
istìt tüt de biànch,vestito tutto di bianco,<sos> istìt tüt de biànch <eos>,<sos> vestito tutto di bianco <eos>
ó hbagliàt — al dìh,ho sbagliato —,<sos> ó hbagliàt al dìh <eos>,<sos> ho sbagliato <eos>
'l sént ünå ùs che la ghe dìs:,sente una voce che gli dice:,<sos> 'l sént ünå ùs che la ghe dìs <eos>,<sos> sente una voce che gli dice <eos>
adès,adesso,<sos> adès <eos>,<sos> adesso <eos>
— adès åm ve pórta fò ai cà,— adesso vi portiamo ai cani,<sos> adès åm ve pórta fò ai cà <eos>,<sos> adesso vi portiamo ai cani <eos>
'n piàt a' lùr —,un piatto anche loro —,<sos> 'n piàt a' lùr <eos>,<sos> un piatto anche loro <eos>
e la girà-å,e girava,<sos> e la girà-å <eos>,<sos> e girava <eos>
gliùra la rónden l'è 'ndada hö 'n héma ala piànta,allora la rondine è andata in cima alla pianta,<sos> gliùra la rónden l'è 'ndada hö 'n héma ala piànta <eos>,<sos> allora la rondine è andata in cima alla pianta <eos>
a hentì he 'l huna,per provare il suono,<sos> a hentì he 'l huna <eos>,<sos> per provare il suono <eos>
l'éra ö dé che gh'éra 'l sùl,era un giorno di sole,<sos> l'éra ö dé che gh'éra 'l sùl <eos>,<sos> era un giorno di sole <eos>
— ma l'è 'mpusìbel!,— impossibile!,<sos> ma l'è 'mpusìbel ! <eos>,<sos> impossibile ! <eos>
lé la he gh'è piö 'gnit en mént li horèle,lei non si è più ricordata delle sorelle,<sos> lé la he gh'è piö 'gnit en mént li horèle <eos>,<sos> lei non si è più ricordata delle sorelle <eos>
Turco,Turco,<sos> turco <eos>,<sos> turco <eos>
ma lü cèrto che l'érå cuntét,se non era contento!,<sos> ma lü cèrto che l'érå cuntét <eos>,<sos> se non era contento ! <eos>
menemà puf!,d'un tratto: puf!,<sos> menemà puf ! <eos>,<sos> d'un tratto puf ! <eos>
— sé èh,— sì,<sos> sé èh <eos>,<sos> sì <eos>
'm pó de polènta,con una fetta di polenta,<sos> 'm pó de polènta <eos>,<sos> con una fetta di polenta <eos>
ål ghe tócå amò fa ü tenént,tocca ancora a un tenente ,<sos> ål ghe tócå amò fa ü tenént <eos>,<sos> tocca ancora a un tenente <eos>
e lü alura,e allora,<sos> e lü alura <eos>,<sos> e allora <eos>
"pò lé la ülìa parla col tùs dol rè, co' 'sto prìncipe","voleva parlare col figlio del re, col principe","<sos> pò lé la ülìa parla col tùs dol rè , co' 'sto prìncipe <eos>","<sos> voleva parlare col figlio del re , col principe <eos>"
öna ólta 'l l'à cahàt fò 'n pìl de piö,una volta ha sporto la testa un po' di più,<sos> öna ólta 'l l'à cahàt fò 'n pìl de piö <eos>,<sos> una volta ha sporto la testa un po' di più <eos>
— s' fài pò chè ché? —,— cosa si fa? —,<sos> s' fài pò chè ché ? <eos>,<sos> cosa si fa ? <eos>
gh'è cóme öna galerìa,hanno trovato come una galleria,<sos> gh'è cóme öna galerìa <eos>,<sos> hanno trovato come una galleria <eos>
gh'è sö ün'ànimå cunfinàdå,c'è un'anima confinata,<sos> gh'è sö ün'ànimå cunfinàdå <eos>,<sos> c'è un'anima confinata <eos>
che 'l lüśìå ü migulì de föch,dove ardeva un fuocherello,<sos> che 'l lüśìå ü migulì de föch <eos>,<sos> dove ardeva un fuocherello <eos>
la gh'à ülìt fa hö la cà bèla,ha voluto costruire una bella casa,<sos> la gh'à ülìt fa hö la cà bèla <eos>,<sos> ha voluto costruire una bella casa <eos>
tàt capricciùśa,e tanto capricciosa,<sos> tàt capricciùśa <eos>,<sos> e tanto capricciosa <eos>
còsa la ülìa,cosa volesse,<sos> còsa la ülìa <eos>,<sos> cosa volesse <eos>
la strégå,e la strega,<sos> la strégå <eos>,<sos> e la strega <eos>
he 'l sé-e ghe stàe mìa hervì la mèhå —,"se lo sapevo, non sarei rimasto a servire messa —",<sos> he 'l sé-e ghe stàe mìa hervì la mèhå <eos>,"<sos> se lo sapevo , non sarei rimasto a servire messa <eos>"
— ö stöpèl per minå!,— un bozzolo per mina!,<sos> ö stöpèl per minå ! <eos>,<sos> un bozzolo per mina ! <eos>
e pò 'l gi à hchieràc fò tüc ilò ch'i batéå li ale,e quindi li ha schierati tutti che battevano le ali,<sos> e pò 'l gi à hchieràc fò tüc ilò ch'i batéå li ale <eos>,<sos> e quindi li ha schierati tutti che battevano le ali <eos>
pasénsia!,pazienza!,<sos> pasénsia ! <eos>,<sos> pazienza ! <eos>
he nò dumà,altrimenti domani,<sos> he nò dumà <eos>,<sos> altrimenti domani <eos>
"ål pórtå pahénsa amò 'm pó, pò 'l dìh essè:","porta pazienza per un po', poi dice:","<sos> ål pórtå pahénsa amò 'm pó , pò 'l dìh essè <eos>","<sos> porta pazienza per un po' , poi dice <eos>"
hò fredèl al vé piö,il fratello non è più tornato,<sos> hò fredèl al vé piö <eos>,<sos> il fratello non è più tornato <eos>
quàndo i và de dét,appena entrano,<sos> quàndo i và de dét <eos>,<sos> appena entrano <eos>
só pò cuntét!,sono proprio contento!,<sos> só pò cuntét ! <eos>,<sos> sono proprio contento ! <eos>
am 'narà amò a töla!,andremo a prenderla ancora!,<sos> am 'narà amò a töla ! <eos>,<sos> andremo a prenderla ancora ! <eos>
ai hèrvi de purtài jó 'n cantinå,ai servi di portarle in cantina,<sos> ai hèrvi de purtài jó 'n cantinå <eos>,<sos> ai servi di portarle in cantina <eos>
e fà 'ndà jó 'l leù jó 'n dol pós —,a far cadere il leone nel pozzo »,<sos> e fà 'ndà jó 'l leù jó 'n dol pós <eos>,<sos> a far cadere il leone nel pozzo <eos>
te laghe padrùnå de tüt,ti lascio padrona di tutto,<sos> te laghe padrùnå de tüt <eos>,<sos> ti lascio padrona di tutto <eos>
té madrìgnå,tu matrigna,<sos> té madrìgnå <eos>,<sos> tu matrigna <eos>
— chè?,— che cosa?,<sos> chè ? <eos>,<sos> che cosa ? <eos>
i và 'n Paradìs,vanno in Paradiso,<sos> i và 'n paradìs <eos>,<sos> vanno in paradiso <eos>
— 'm fà öna bèla ròba,— facciamo una bella cosa,<sos> 'm fà öna bèla ròba <eos>,<sos> facciamo una bella cosa <eos>
fìnå che nóter åm te dìs,finché noi ti diremo:,<sos> fìnå che nóter åm te dìs <eos>,<sos> finché noi ti diremo <eos>
— tùrnå 'ndré,— torna indietro,<sos> tùrnå 'ndré <eos>,<sos> torna indietro <eos>
O padre mio tu in bocca mi tien,— o padre mio tu in bocca mi tien,<sos> o padre mio tu in bocca mi tien <eos>,<sos> o padre mio tu in bocca mi tien <eos>
mé turne mìå 'ndré —,ma non tornare mai indietro,<sos> mé turne mìå 'ndré <eos>,<sos> ma non tornare mai indietro <eos>
e pò 'l dìs:,e poi dice:,<sos> e pò 'l dìs <eos>,<sos> e poi dice <eos>
gh'érå ünà capànnå,c'era una capanna,<sos> gh'érå ünà capànnå <eos>,<sos> c'era una capanna <eos>
l'àlbero-che-se-àlså-e-che-se-śbàså,l'albero-che-si-alza-e-si-abbassa,<sos> l'àlbero-che-se-àlså-e-che-se-śbàså <eos>,<sos> l'albero-che-si-alza-e-si-abbassa <eos>
öi dàt 'ostå nùs chilò,voglio darti questa noce,<sos> öi dàt 'ostå nùs chilò <eos>,<sos> voglio darti questa noce <eos>
— nò nò,— no no,<sos> nò nò <eos>,<sos> no no <eos>
gió 'n dol sò büs,è scesa nel suo buco,<sos> gió 'n dol sò büs <eos>,<sos> è scesa nel suo buco <eos>
e,e,<sos> e <eos>,<sos> e <eos>
'n cércå dèla Bèlla-Pastórå —,in cerca della Bella-Pastora —,<sos> 'n cércå dèla bèlla-pastórå <eos>,<sos> in cerca della bella-pastora <eos>
póch,ma poco,<sos> póch <eos>,<sos> ma poco <eos>
'l pahà-å jó:,cammina e dice:,<sos> 'l pahà-å jó <eos>,<sos> cammina e dice <eos>
— füdéhelå 'ìå!,— fosse viva!,<sos> füdéhelå 'ìå ! <eos>,<sos> fosse viva ! <eos>
— 'ndo gh' l'ét?,— dove l'hai adesso?,<sos> 'ndo gh' l'ét ? <eos>,<sos> dove l'hai adesso ? <eos>
e ö śùen,e un giovane,<sos> e ö śùen <eos>,<sos> e un giovane <eos>
con töta chèla compagnìa lé?,con tutta quella compagnia?,<sos> con töta chèla compagnìa lé ? <eos>,<sos> con tutta quella compagnia ? <eos>
— farèhet mìå 'l piahér,— non mi fareste il piacere,<sos> farèhet mìå 'l piahér <eos>,<sos> non mi fareste il piacere <eos>
paha dù,ne passano due,<sos> paha dù <eos>,<sos> ne passano due <eos>
e gliùrå la l'à töt sö,allora lei l'ha preso,<sos> e gliùrå la l'à töt sö <eos>,<sos> allora lei l'ha preso <eos>
'ta 'nsöma l'ìa éra,pota insomma era vero,<sos> 'ta 'nsöma l'ìa éra <eos>,<sos> pota insomma era vero <eos>
— l'èhet en bócå!,— l'avessi in bocca!,<sos> l'èhet en bócå ! <eos>,<sos> l'avessi in bocca ! <eos>
e gliùra,così quello,<sos> e gliùra <eos>,<sos> così quello <eos>
ma tàt bèi,e tanto belli,<sos> ma tàt bèi <eos>,<sos> e tanto belli <eos>
'ś vèt che l'érå ünå squàdrå de lader,era una squadra di ladri,<sos> 'ś vèt che l'érå ünå squàdrå de lader <eos>,<sos> era una squadra di ladri <eos>
del prìncipe,del principe che stava sotto,<sos> del prìncipe <eos>,<sos> del principe che stava sotto <eos>
nóter åm pöl mìå dì,noi non possiamo dire,<sos> nóter åm pöl mìå dì <eos>,<sos> noi non possiamo dire <eos>
— se óter,— se voi,<sos> se óter <eos>,<sos> se voi <eos>
e 'l gh'à cüntàt sö la stórgiå,gli ha raccontato la storia,<sos> e 'l gh'à cüntàt sö la stórgiå <eos>,<sos> gli ha raccontato la storia <eos>
te sé sügürå che 'l te còpå,sei sicura che ti ammazza,<sos> te sé sügürå che 'l te còpå <eos>,<sos> sei sicura che ti ammazza <eos>
e hö,e su,<sos> e hö <eos>,<sos> e su <eos>
ü tuśilì e üna tuśilìnå,un bambino e una bambina,<sos> ü tuśilì e üna tuśilìnå <eos>,<sos> un bambino e una bambina <eos>
e gliùrå,allora,<sos> e gliùrå <eos>,<sos> allora <eos>
te 'ndé de sùrå,sali di sopra,<sos> te 'ndé de sùrå <eos>,<sos> sali di sopra <eos>
o 'l só mìå mé »,o chissà »,<sos> o 'l só mìå mé <eos>,<sos> o chissà <eos>
quàndo 'l vé a cà che 'm và a durmì,quando verrà a casa per dormire,<sos> quàndo 'l vé a cà che 'm và a durmì <eos>,<sos> quando verrà a casa per dormire <eos>
e lé la fà:,e lei fa:,<sos> e lé la fà <eos>,<sos> e lei fa <eos>
— meśanot,— è mezzanotte,<sos> meśanot <eos>,<sos> è mezzanotte <eos>
l'éra pròpe prìncipe ereditario,ma un principe ereditario,<sos> l'éra pròpe prìncipe ereditario <eos>,<sos> ma un principe ereditario <eos>
'm farà bèl a' 'st'óltå »,lo saremo anche questa volta »,<sos> 'm farà bèl a' 'st'óltå <eos>,<sos> lo saremo anche questa volta <eos>
e 'l ge bütà-å jó i póm,e buttava le mele,<sos> e 'l ge bütà-å jó i póm <eos>,<sos> e buttava le mele <eos>
Hàn Piéro 'l ciàma hò mader:,San Pietro chiama sua madre:,<sos> hàn piéro 'l ciàma hò mader <eos>,<sos> san pietro chiama sua madre <eos>
e è 'nàc,e sono andati,<sos> e è 'nàc <eos>,<sos> e sono andati <eos>
e i à picàt gió ma l'àriå,si sono messi a picchiare,<sos> e i à picàt gió ma l'àriå <eos>,<sos> si sono messi a picchiare <eos>
"e gliùrå l'è 'ndàt sö e ciamà la reśgìnå, 'l gh'à dìt: — ma",allora è andato a chiamare la regina e le ha detto:,"<sos> e gliùrå l'è 'ndàt sö e ciamà la reśgìnå , 'l gh'à dìt ma <eos>",<sos> allora è andato a chiamare la regina e le ha detto <eos>
e alura lü l'à fàt só 'l sò fagutì,lui ha fatto il suo fagottino,<sos> e alura lü l'à fàt só 'l sò fagutì <eos>,<sos> lui ha fatto il suo fagottino <eos>
e 'l ghe dìs:,e dice:,<sos> e 'l ghe dìs <eos>,<sos> e dice <eos>
lé la hò mama la ga piaśìa 'sta s-cèta,alla madre del re piaceva questa ragazza,<sos> lé la hò mama la ga piaśìa 'sta s-cèta <eos>,<sos> alla madre del re piaceva questa ragazza <eos>
apéna che lü l'à casàt fò 'l có,appena ha sporto la testa,<sos> apéna che lü l'à casàt fò 'l có <eos>,<sos> appena ha sporto la testa <eos>
— taulì paréjå! —,— tavolino apparecchia! —,<sos> taulì paréjå ! <eos>,<sos> tavolino apparecchia ! <eos>
gliùrå,allora,<sos> gliùrå <eos>,<sos> allora <eos>
— a só öna tuśa ca 'ó d'biśogn da parlà con lö,— sono una ragazza che ha bisogno di parlare con lui,<sos> a só öna tuśa ca 'ó d'biśogn da parlà con lö <eos>,<sos> sono una ragazza che ha bisogno di parlare con lui <eos>
perchè sèrche a' mé de fà quàch ure de piö,anch'io cercherò di lavorare qualche ora in più —,<sos> perchè sèrche a' mé de fà quàch ure de piö <eos>,<sos> anch'io cercherò di lavorare qualche ora in più <eos>
a ardà he la troà-a quàch rifuśgi,a cercare qualche rifugio,<sos> a ardà he la troà-a quàch rifuśgi <eos>,<sos> a cercare qualche rifugio <eos>
e la dìs: « ma,e s'è detta,<sos> e la dìs ma <eos>,<sos> e s'è detta <eos>
per 'nà a-ànte amó,per continuare i traffici,<sos> per 'nà a-ànte amó <eos>,<sos> per continuare i traffici <eos>
l'e 'gnìt fò,è uscito dal forno,<sos> l'e 'gnìt fò <eos>,<sos> è uscito dal forno <eos>
he éra a' bröi perchè mo l'ìf dìt?,"anche se erano brutti, perché me lò avete detto?",<sos> he éra a' bröi perchè mo l'ìf dìt ? <eos>,"<sos> anche se erano brutti , perché me lò avete detto ? <eos>"
"gliùrå l'érå restàt, l'à dìt:",il re è rimasto stupito e ha detto:,"<sos> gliùrå l'érå restàt , l'à dìt <eos>",<sos> il re è rimasto stupito e ha detto <eos>
t'é mìå durmìt,o non dormito,<sos> t'é mìå durmìt <eos>,<sos> o non dormito <eos>
i se férma,si fermano,<sos> i se férma <eos>,<sos> si fermano <eos>
"l'è 'gnìt ol di-àol e ulé töm sö, ma mé","è venuto il diavolo per portarmi via, ma io","<sos> l'è 'gnìt ol di-àol e ulé töm sö , ma mé <eos>","<sos> è venuto il diavolo per portarmi via , ma io <eos>"
té cà,tu cane,<sos> té cà <eos>,<sos> tu cane <eos>
e pò la m'è scapada,poi è scappata,<sos> e pò la m'è scapada <eos>,<sos> poi è scappata <eos>
ol rè 'l gh'à dìt:,che ha detto:,<sos> ol rè 'l gh'à dìt <eos>,<sos> che ha detto <eos>
töt contét e 'l cór e 'l cór,tutto contento corre e corre,<sos> töt contét e 'l cór e 'l cór <eos>,<sos> tutto contento corre e corre <eos>
l'à töt sö i sò cà,ha preso i cani,<sos> l'à töt sö i sò cà <eos>,<sos> ha preso i cani <eos>
« fói comè adèh a dìgol a lé,« come farò adesso a dirle,<sos> fói comè adèh a dìgol a lé <eos>,<sos> come farò adesso a dirle <eos>
— fà chèl che te diśe mé,— fai quello che ti dico,<sos> fà chèl che te diśe mé <eos>,<sos> fai quello che ti dico <eos>
la gh'ìa 'l sò òm malàt,aveva il marito ammalato,<sos> la gh'ìa 'l sò òm malàt <eos>,<sos> aveva il marito ammalato <eos>
e 'l và là,entrano,<sos> e 'l và là <eos>,<sos> entrano <eos>
lé la śgi a picà-å,li picchiava,<sos> lé la śgi a picà-å <eos>,<sos> li picchiava <eos>
'l l'à metida de dét,l'ha appoggiata di dentro,<sos> 'l l'à metida de dét <eos>,<sos> l'ha appoggiata di dentro <eos>
tütå la śét,appena tutta la gente,<sos> tütå la śét <eos>,<sos> appena tutta la gente <eos>
la màmå l'érå d'ünå bàndå col sò lensöl,la mamma era da un lato del lenzuolo,<sos> la màmå l'érå d'ünå bàndå col sò lensöl <eos>,<sos> la mamma era da un lato del lenzuolo <eos>
piàt de riśòt,un piatto di risotto,<sos> piàt de riśòt <eos>,<sos> un piatto di risotto <eos>
al gh'à cöntàt sö la htòria,ha raccontato la storia,<sos> al gh'à cöntàt sö la htòria <eos>,<sos> ha raccontato la storia <eos>
l'è pahàt fò,è passato,<sos> l'è pahàt fò <eos>,<sos> è passato <eos>
e l'à fàt gió ü fracàs,e ha fatto un fracasso,<sos> e l'à fàt gió ü fracàs <eos>,<sos> e ha fatto un fracasso <eos>
e chèla h-cèta,e c'era anche la ragazza,<sos> e chèla h-cèta <eos>,<sos> e c'era anche la ragazza <eos>
nóter m'està sö a tégnef sö la muntàgnå,noi restiamo a sostenervi la montagna,<sos> nóter m'està sö a tégnef sö la muntàgnå <eos>,<sos> noi restiamo a sostenervi la montagna <eos>
và té per mé!,vai tu al mio posto!,<sos> và té per mé ! <eos>,<sos> vai tu al mio posto ! <eos>
'l la töj jó,l'ha presa,<sos> 'l la töj jó <eos>,<sos> l'ha presa <eos>
fàt amó i preparativi,fatti ancora i preparativi,<sos> fàt amó i preparativi <eos>,<sos> fatti ancora i preparativi <eos>
va a-ànte 'm pó,hanno continuato ancora,<sos> va a-ànte 'm pó <eos>,<sos> hanno continuato ancora <eos>
e stöfa,e stanca,<sos> e stöfa <eos>,<sos> e stanca <eos>
gliùrå 'stå ùs la ghe dìs:,allora la voce gli dice:,<sos> gliùrå 'stå ùs la ghe dìs <eos>,<sos> allora la voce gli dice <eos>
pòtå,pota,<sos> pòtå <eos>,<sos> pota <eos>
"al rìa fò, 'l consègna la lètra ala reśgina","arriva, consegna la lettera alla regina","<sos> al rìa fò , 'l consègna la lètra ala reśgina <eos>","<sos> arriva , consegna la lettera alla regina <eos>"
a 'ndarèhet mìa ontéra ö quàch dé — 'l dìh — ala tò cà?,non andresti volentieri a casa tua per qualche giorno?,<sos> a 'ndarèhet mìa ontéra ö quàch dé 'l dìh ala tò cà ? <eos>,<sos> non andresti volentieri a casa tua per qualche giorno ? <eos>
« al fó pò a' mé chèl lé èh! »,« questo lo faccio anch'io! »,<sos> al fó pò a' mé chèl lé èh ! <eos>,<sos> questo lo faccio anch'io ! <eos>
dòpo lùr i heghetà-a a grignà,e a scherzare,<sos> dòpo lùr i heghetà-a a grignà <eos>,<sos> e a scherzare <eos>
— he te ghe sté,— se resti,<sos> he te ghe sté <eos>,<sos> se resti <eos>
al s'érå ultàt endré per füje amò,Giovannino si è voltato per fuggire,<sos> al s'érå ultàt endré per füje amò <eos>,<sos> giovannino si è voltato per fuggire <eos>
e la ha regordà-a mài dèla póvra śét,non si ricordava mai della povera gente,<sos> e la ha regordà-a mài dèla póvra śét <eos>,<sos> non si ricordava mai della povera gente <eos>
hicóme che 'n d'ü bósch,in un bosco,<sos> hicóme che 'n d'ü bósch <eos>,<sos> in un bosco <eos>
basta ca 'l vègne sö,basta che cresca,<sos> basta ca 'l vègne sö <eos>,<sos> basta che cresca <eos>
a meśdé quàndo éra dré a mangià,a mezzogiorno quando stavano mangiando,<sos> a meśdé quàndo éra dré a mangià <eos>,<sos> a mezzogiorno quando stavano mangiando <eos>
ma ala hò moér al vülìa miga dìghel,alla moglie non voleva dirlo,<sos> ma ala hò moér al vülìa miga dìghel <eos>,<sos> alla moglie non voleva dirlo <eos>
'n có ai vòt dé 'm deciderà,e decideremo,<sos> 'n có ai vòt dé 'm deciderà <eos>,<sos> e decideremo <eos>
— öh!,— oh!,<sos> öh ! <eos>,<sos> oh ! <eos>
'nó 'm pó a cà —,vado un po' a casa —,<sos> 'nó 'm pó a cà <eos>,<sos> vado un po' a casa <eos>
la m'à untàt —,mi ha unto —,<sos> la m'à untàt <eos>,<sos> mi ha unto <eos>
quàndo i camina 'm pó,camminano ancora un po',<sos> quàndo i camina 'm pó <eos>,<sos> camminano ancora un po' <eos>
a pahà śó a 'nà a l'infèrno,è sprofondato nell'inferno,<sos> a pahà śó a 'nà a l'infèrno <eos>,<sos> è sprofondato nell'inferno <eos>
e lé 'stå stréå la ciamà-å:,e la strega chiamava:,<sos> e lé 'stå stréå la ciamà-å <eos>,<sos> e la strega chiamava <eos>
ch'i s'è spuśàc,le nozze,<sos> ch'i s'è spuśàc <eos>,<sos> le nozze <eos>
di anèi,degli anelli,<sos> di anèi <eos>,<sos> degli anelli <eos>
ma lü 'l l'à mìa tödå hö,ma lui non l'ha presa,<sos> ma lü 'l l'à mìa tödå hö <eos>,<sos> ma lui non l'ha presa <eos>
ma lü 'l ghe l' diśìa mài,ma lui non le diceva mai niente,<sos> ma lü 'l ghe l' diśìa mài <eos>,<sos> ma lui non le diceva mai niente <eos>
crederèhef gnàch! — e lùr i ga dìh:,cose da non credere! — e loro dicono :,<sos> crederèhef gnàch ! e lùr i ga dìh <eos>,<sos> cose da non credere ! e loro dicono <eos>
arda mé turne 'ndré,io torno indietro,<sos> arda mé turne 'ndré <eos>,<sos> io torno indietro <eos>
è caminàc,si sono avviati,<sos> è caminàc <eos>,<sos> si sono avviati <eos>
e ède che l'éå turnàdå 'ndré,vedendo che era tornata indietro,<sos> e ède che l'éå turnàdå 'ndré <eos>,<sos> vedendo che era tornata indietro <eos>
e tüt 'ostå palassìnå,tutto questo palazzo,<sos> e tüt 'ostå palassìnå <eos>,<sos> tutto questo palazzo <eos>
'm cìàpa quàter materàs,prendiamo quattro materassi,<sos> 'm cìàpa quàter materàs <eos>,<sos> prendiamo quattro materassi <eos>
te sé mé fradèl,tu sei mio fratello,<sos> te sé mé fradèl <eos>,<sos> tu sei mio fratello <eos>
ghe sé-es tüt prónt,sia tutto pronto,<sos> ghe sé-es tüt prónt <eos>,<sos> sia tutto pronto <eos>
ma che bèi tuśèi e...! »,ma che bei ragazzi! —,<sos> ma che bèi tuśèi e . . . ! <eos>,<sos> ma che bei ragazzi ! <eos>
e ì gh'à la halida de fa,c'era una salita da fare,<sos> e ì gh'à la halida de fa <eos>,<sos> c'era una salita da fare <eos>
gliùrå,allora,<sos> gliùrå <eos>,<sos> allora <eos>
dèla śét gh'è stàt ché amò,c'è già stata della gente,<sos> dèla śét gh'è stàt ché amò <eos>,<sos> c'è già stata della gente <eos>
gh'è 'gnìt sét,gli è venuto sete,<sos> gh'è 'gnìt sét <eos>,<sos> gli è venuto sete <eos>
— eéh 'à fò làet gió — 'l dìs — söl sejér che,— vai a lavarti al lavandino,<sos> eéh 'à fò làet gió 'l dìs söl sejér che <eos>,<sos> vai a lavarti al lavandino <eos>
— arda mago che te ède èh! —,guarda mago che ti vedo! —,<sos> arda mago che te ède èh ! <eos>,<sos> guarda mago che ti vedo ! <eos>
— tüdì chèle fràgole ché che ga avrì a' hét! —,"— prendete queste fragole, avrete sete! —",<sos> tüdì chèle fràgole ché che ga avrì a' hét ! <eos>,"<sos> prendete queste fragole , avrete sete ! <eos>"
la dìs:,dice:,<sos> la dìs <eos>,<sos> dice <eos>
che öe spuśà la principèså,che voglio sposare la principessa,<sos> che öe spuśà la principèså <eos>,<sos> che voglio sposare la principessa <eos>
perchè chèl che m'à dàt l'albèrgo merà che 'l vègne,perché quello che mi ha dato l'albergo dovrà ritornare,<sos> perchè chèl che m'à dàt l'albèrgo merà che 'l vègne <eos>,<sos> perché quello che mi ha dato l'albergo dovrà ritornare <eos>
— eéh fà negóta,— eh non fa niente,<sos> eéh fà negóta <eos>,<sos> eh non fa niente <eos>
che manéra Piéro hét śamò egnìt?,perché sei già arrivato Pietro?,<sos> che manéra piéro hét śamò egnìt ? <eos>,<sos> perché sei già arrivato pietro ? <eos>
'm gh'à ünå fàm! —,abbiamo anche fame... —,<sos> 'm gh'à ünå fàm ! <eos>,<sos> abbiamo anche fame . . . <eos>
'l paha śó,poi s'avvia,<sos> 'l paha śó <eos>,<sos> poi s'avvia <eos>
la gròttå 'ndóe gh'érå la Bèllå-Pastórå,alla grotta dove c'era la Bella-Pastora,<sos> la gròttå 'ndóe gh'érå la bèllå-pastórå <eos>,<sos> alla grotta dove c'era la bella-pastora <eos>
— öet che adès?,— cosa vuoi adesso?,<sos> öet che adès ? <eos>,<sos> cosa vuoi adesso ? <eos>
— aràsela mìa ìst lé per caśo a pasà de ché,— non avrebbe per caso visto passare di qui,<sos> aràsela mìa ìst lé per caśo a pasà de ché <eos>,<sos> non avrebbe per caso visto passare di qui <eos>
la 'à fò per tö sö 'sto gabüs,fa per prendere il cavolo,<sos> la 'à fò per tö sö 'sto gabüs <eos>,<sos> fa per prendere il cavolo <eos>
— ah và sö té — 'l ga dìs ol capo a l'óter —,— vai tu — dice il capo all'altro — a vedere,<sos> ah và sö té 'l ga dìs ol capo a l'óter <eos>,<sos> vai tu dice il capo all'altro a vedere <eos>
e lü l'è restàt salvo,e lui è rimasto salvo,<sos> e lü l'è restàt salvo <eos>,<sos> e lui è rimasto salvo <eos>
té te n' manget giü apénå,tu ne mangerai solo uno,<sos> té te n' manget giü apénå <eos>,<sos> tu ne mangerai solo uno <eos>
e pà a' chèl óter,ma anche l'altro,<sos> e pà a' chèl óter <eos>,<sos> ma anche l'altro <eos>
se uré 'ndà a dórme,se volete andarci a dormire,<sos> se uré 'ndà a dórme <eos>,<sos> se volete andarci a dormire <eos>
la gh'à teàt gió i raìs,ha tagliato le radici,<sos> la gh'à teàt gió i raìs <eos>,<sos> ha tagliato le radici <eos>
con tré servitùr,con tre servitori,<sos> con tré servitùr <eos>,<sos> con tre servitori <eos>
cóme 'l ve pàr a óter,come vi pare,<sos> cóme 'l ve pàr a óter <eos>,<sos> come vi pare <eos>
quàndo 'l rìå sö amò,quando arriva ancora,<sos> quàndo 'l rìå sö amò <eos>,<sos> quando arriva ancora <eos>
alura,così,<sos> alura <eos>,<sos> così <eos>
tàoi per àriå,tavoli per aria,<sos> tàoi per àriå <eos>,<sos> tavoli per aria <eos>
perchè gh'ó mìa de de-entà papa pò a' mé? »,perché non diventare papa anch'io? »,<sos> perchè gh'ó mìa de de-entà papa pò a' mé ? <eos>,<sos> perché non diventare papa anch'io ? <eos>
pò 'l ga dìh:,poi ha detto:,<sos> pò 'l ga dìh <eos>,<sos> poi ha detto <eos>
"hlónga śó, hlónga śó, hlónga śó","distendi, distendi e distendi","<sos> hlónga śó , hlónga śó , hlónga śó <eos>","<sos> distendi , distendi e distendi <eos>"
di módo che 'l gh'è ri-àt a salvàs,così è riuscito a salvarsi,<sos> di módo che 'l gh'è ri-àt a salvàs <eos>,<sos> così è riuscito a salvarsi <eos>
ål só mìå — la dìs — se 'ndaró dumà,— non so se andrò domani,<sos> ål só mìå la dìs se 'ndaró dumà <eos>,<sos> non so se andrò domani <eos>
dòpo che l'érå ri-àt ol camós,dopo che era arrivato il camoscio,<sos> dòpo che l'érå ri-àt ol camós <eos>,<sos> dopo che era arrivato il camoscio <eos>
la gh'ìa preparàt polènta,aveva preparato polenta,<sos> la gh'ìa preparàt polènta <eos>,<sos> aveva preparato polenta <eos>
e ardà perché tüc chi che 'gnìa ché,"a vedere, perché tutti quelli che erano qui",<sos> e ardà perché tüc chi che 'gnìa ché <eos>,"<sos> a vedere , perché tutti quelli che erano qui <eos>"
"t'é fàt gna' èrba, gna' nént de mangià?",né erba né altro da mangiare?,"<sos> t'é fàt gna' èrba , gna' nént de mangià ? <eos>",<sos> né erba né altro da mangiare ? <eos>
apéna i òs,solo le ossa,<sos> apéna i òs <eos>,<sos> solo le ossa <eos>
lé öna pórå! la h'è trada hö 'n cantù,la ragazza aveva tanta paura! si è rintanata in un angolo,<sos> lé öna pórå ! la h'è trada hö 'n cantù <eos>,<sos> la ragazza aveva tanta paura ! si è rintanata in un angolo <eos>
cupàlå perchè l'è üna stréå! —,ammazzarla perché è una strega! —,<sos> cupàlå perchè l'è üna stréå ! <eos>,<sos> ammazzarla perché è una strega ! <eos>
e tüt onsèmå,e tutte insieme,<sos> e tüt onsèmå <eos>,<sos> e tutte insieme <eos>
e 'm va diśerà che 'm sè contrabandér,vi diremo che siamo dei contrabbandieri,<sos> e 'm va diśerà che 'm sè contrabandér <eos>,<sos> vi diremo che siamo dei contrabbandieri <eos>
'l vé 'n gió jü,arriva uno,<sos> 'l vé 'n gió jü <eos>,<sos> arriva uno <eos>
che sö ché — 'l dìs — ål gh'è sö anche 'l rè,quassù c'è il re,<sos> che sö ché 'l dìs ål gh'è sö anche 'l rè <eos>,<sos> quassù c'è il re <eos>
e gliùrå la l'à scundìt tré 'l furen,così l'ha nascosto nel forno,<sos> e gliùrå la l'à scundìt tré 'l furen <eos>,<sos> così l'ha nascosto nel forno <eos>
de dàm? —,da darci? —,<sos> de dàm ? <eos>,<sos> da darci ? <eos>
li spighe de hà e de là,le spighe di frumento di qua e di là,<sos> li spighe de hà e de là <eos>,<sos> le spighe di frumento di qua e di là <eos>
"— hé, te sé pò stàt té",— sei stato tu,"<sos> hé , te sé pò stàt té <eos>",<sos> sei stato tu <eos>
l'è 'gnìt nòt,s'è fatta notte,<sos> l'è 'gnìt nòt <eos>,<sos> s'è fatta notte <eos>
pòtå 'l sèrvo 'l và jó e tö fò i póm,il servo va per togliere le mele,<sos> pòtå 'l sèrvo 'l và jó e tö fò i póm <eos>,<sos> il servo va per togliere le mele <eos>
alura gire,allora giro,<sos> alura gire <eos>,<sos> allora giro <eos>
